Sample_ID,Image_ID,Material_Type,Material_Subtype,Source,Exposure_Type,Length_mm,Width_mm,Thickness_mm,Crack_Level,Surface_Damage,Breakage_Level,Discoloration_Level,Deformation_Level,Missing_Portion,Moisture_Dampness_Level,Surface_Contamination_Level,Damage_Score,Condition_Score,Condition_Class,Structural_Integrity,Recovery_Pathway,Reconditioning_Required,Recovery_Potential,Alternative_Use_Category,Alternative_Use_Suitability
CODD_TRAINING_00001,1.jpg,brick,,Construction and Demolition Waste,,,,,,,,,,,,,,,,,,,,,
CODD_TRAINING_00002,1.jpg,concrete,,Construction and Demolition Waste,,,,,,,,,,,,,,,,,,,,,
CODD_TRAINING_00003,1.jpg,tile,,Construction and Demolition Waste,,,,,,,,,,,,,,,,,,,,,
CODD_TRAINING_00004,1.jpg,brick,,Construction and Demolition Waste,,,,,,,,,,,,,,,,,,,,,
CODD_TRAINING_00005,1.jpg,concrete,,Construction and Demolition Waste,,,,,,,,,,,,,,,,,,,,,
CODD_TRAINING_00006,1.jpg,tile,,Construction and Demolition Waste,,,,,,,,,,,,,,,,,,,,,
CODD_TRAINING_00007,1.jpg,brick,,Construction and Demolition Waste,,,,,,,,,,,,,,,,,,,,,
CODD_TRAINING_00008,1.jpg,concrete,,Construction and Demolition Waste,,,,,,,,,,,,,,,,,,,,,
CODD_TRAINING_00009,1.jpg,tile,,Construction and Demolition Waste,,,,,,,,,,,,,,,,,,,,,
CODD_TRAINING_00010,1.jpg,brick,,Construction and Demolition Waste,,,,,,,,,,,,,,,,,,,,,
CODD_TRAINING_00011,1.jpg,concrete,,Construction and Demolition Waste,,,,,,,,,,,,,,,,,,,,,
CODD_TRAINING_00012,1.jpg,tile,,Construction and Demolition Waste,,,,,,,,,,,,,,,,,,,,,
CODD_TRAINING_00013,10.jpg,brick,,Construction and Demolition Waste,,,,,,,,,,,,,,,,,,,,,
CODD_TRAINING_00014,10.jpg,concrete,,Construction and Demolition Waste,,,,,,,,,,,,,,,,,,,,,
CODD_TRAINING_00015,10.jpg,tile,,Construction and Demolition Waste,,,,,,,,,,,,,,,,,,,,,
CODD_TRAINING_00016,10.jpg,brick,,Construction and Demolition Waste,,,,,,,,,,,,,,,,,,,,,
CODD_TRAINING_00017,10.jpg,concrete,,Construction and Demolition Waste,,,,,,,,,,,,,,,,,,,,,
CODD_TRAINING_00018,10.jpg,tile,,Construction and Demolition Waste,,,,,,,,,,,,,,,,,,,,,
CODD_TRAINING_00019,10.jpg,brick,,Construction and Demolition Waste,,,,,,,,,,,,,,,,,,,,,
CODD_TRAINING_00020,10.jpg,concrete,,Construction and Demolition Waste,,,,,,,,,,,,,,,,,,,,,
CODD_TRAINING_00021,10.jpg,tile,,Construction and Demolition Waste,,,,,,,,,,,,,,,,,,,,,
CODD_TRAINING_00022,10.jpg,brick,,Construction and Demolition Waste,,,,,,,,,,,,,,,,,,,,,
CODD_TRAINING_00023,10.jpg,concrete,,Construction and Demolition Waste,,,,,,,,,,,,,,,,,,,,,
CODD_TRAINING_00024,10.jpg,tile,,Construction and Demolition Waste,,,,,,,,,,,,,,,,,,,,,
CODD_TRAINING_00025,100.jpg,brick,,Construction and Demolition Waste,,,,,,,,,,,,,,,,,,,,,
CODD_TRAINING_00026,100.jpg,concrete,,Construction and Demolition Waste,,,,,,,,,,,,,,,,,,,,,
CODD_TRAINING_00027,100.jpg,tile,,Construction and Demolition Waste,,,,,,,,,,,,,,,,,,,,,
CODD_TRAINING_00028,100.jpg,brick,,Construction and Demolition Waste,,,,,,,,,,,,,,,,,,,,,
CODD_TRAINING_00029,100.jpg,concrete,,Construction and Demolition Waste,,,,,,,,,,,,,,,,,,,,,
CODD_TRAINING_00030,100.jpg,tile,,Construction and Demolition Waste,,,,,,,,,,,,,,,,,,,,,
CODD_TRAINING_00031,100.jpg,brick,,Construction and Demolition Waste,,,,,,,,,,,,,,,,,,,,,
CODD_TRAINING_00032,100.jpg,concrete,,Construction and Demolition Waste,,,,,,,,,,,,,,,,,,,,,
CODD_TRAINING_00033,100.jpg,tile,,Construction and Demolition Waste,,,,,,,,,,,,,,,,,,,,,
CODD_TRAINING_00034,100.jpg,brick,,Construction and Demolition Waste,,,,,,,,,,,,,,,,,,,,,
CODD_TRAINING_00035,100.jpg,concrete,,Construction and Demolition Waste,,,,,,,,,,,,,,,,,,,,,
CODD_TRAINING_00036,100.jpg,tile,,Construction and Demolition Waste,,,,,,,,,,,,,,,,,,,,,
CODD_TRAINING_00037,101.jpg,brick,,Construction and Demolition Waste,,,,,,,,,,,,,,,,,,,,,
CODD_TRAINING_00038,101.jpg,concrete,,Construction and Demolition Waste,,,,,,,,,,,,,,,,,,,,,
CODD_TRAINING_00039,101.jpg,tile,,Construction and Demolition Waste,,,,,,,,,,,,,,,,,,,,,
CODD_TRAINING_00040,101.jpg,brick,,Construction and Demolition Waste,,,,,,,,,,,,,,,,,,,,,
CODD_TRAINING_00041,101.jpg,concrete,,Construction and Demolition Waste,,,,,,,,,,,,,,,,,,,,,
CODD_TRAINING_00042,101.jpg,tile,,Construction and Demolition Waste,,,,,,,,,,,,,,,,,,,,,
CODD_TRAINING_00043,101.jpg,brick,,Construction and Demolition Waste,,,,,,,,,,,,,,,,,,,,,
CODD_TRAINING_00044,101.jpg,concrete,,Construction and Demolition Waste,,,,,,,,,,,,,,,,,,,,,
CODD_TRAINING_00045,101.jpg,tile,,Construction and Demolition Waste,,,,,,,,,,,,,,,,,,,,,
CODD_TRAINING_00046,101.jpg,brick,,Construction and Demolition Waste,,,,,,,,,,,,,,,,,,,,,
CODD_TRAINING_00047,101.jpg,concrete,,Construction and Demolition Waste,,,,,,,,,,,,,,,,,,,,,
CODD_TRAINING_00048,102.jpg,brick,,Construction and Demolition Waste,,,,,,,,,,,,,,,,,,,,,
CODD_TRAINING_00049,102.jpg,concrete,,Construction and Demolition Waste,,,,,,,,,,,,,,,,,,,,,
CODD_TRAINING_00050,102.jpg,tile,,Construction and Demolition Waste,,,,,,,,,,,,,,,,,,,,,
CODD_TRAINING_00051,102.jpg,brick,,Construction and Demolition Waste,,,,,,,,,,,,,,,,,,,,,
CODD_TRAINING_00052,102.jpg,concrete,,Construction and Demolition Waste,,,,,,,,,,,,,,,,,,,,,
CODD_TRAINING_00053,102.jpg,tile,,Construction and Demolition Waste,,,,,,,,,,,,,,,,,,,,,
CODD_TRAINING_00054,102.jpg,brick,,Construction and Demolition Waste,,,,,,,,,,,,,,,,,,,,,
CODD_TRAINING_00055,102.jpg,concrete,,Construction and Demolition Waste,,,,,,,,,,,,,,,,,,,,,
CODD_TRAINING_00056,102.jpg,tile,,Construction and Demolition Waste,,,,,,,,,,,,,,,,,,,,,
CODD_TRAINING_00057,102.jpg,brick,,Construction and Demolition Waste,,,,,,,,,,,,,,,,,,,,,
CODD_TRAINING_00058,102.jpg,tile,,Construction and Demolition Waste,,,,,,,,,,,,,,,,,,,,,
CODD_TRAINING_00059,102.jpg,concrete,,Construction and Demolition Waste,,,,,,,,,,,,,,,,,,,,,
CODD_TRAINING_00060,104.jpg,brick,,Construction and Demolition Waste,,,,,,,,,,,,,,,,,,,,,
CODD_TRAINING_00061,104.jpg,concrete,,Construction and Demolition Waste,,,,,,,,,,,,,,,,,,,,,
CODD_TRAINING_00062,104.jpg,tile,,Construction and Demolition Waste,,,,,,,,,,,,,,,,,,,,,
CODD_TRAINING_00063,104.jpg,brick,,Construction and Demolition Waste,,,,,,,,,,,,,,,,,,,,,
CODD_TRAINING_00064,104.jpg,concrete,,Construction and Demolition Waste,,,,,,,,,,,,,,,,,,,,,
CODD_TRAINING_00065,104.jpg,tile,,Construction and Demolition Waste,,,,,,,,,,,,,,,,,,,,,
CODD_TRAINING_00066,104.jpg,brick,,Construction and Demolition Waste,,,,,,,,,,,,,,,,,,,,,
CODD_TRAINING_00067,104.jpg,concrete,,Construction and Demolition Waste,,,,,,,,,,,,,,,,,,,,,
CODD_TRAINING_00068,104.jpg,tile,,Construction and Demolition Waste,,,,,,,,,,,,,,,,,,,,,
CODD_TRAINING_00069,104.jpg,brick,,Construction and Demolition Waste,,,,,,,,,,,,,,,,,,,,,
CODD_TRAINING_00070,104.jpg,concrete,,Construction and Demolition Waste,,,,,,,,,,,,,,,,,,,,,
CODD_TRAINING_00071,104.jpg,tile,,Construction and Demolition Waste,,,,,,,,,,,,,,,,,,,,,
CODD_TRAINING_00072,104.jpg,brick,,Construction and Demolition Waste,,,,,,,,,,,,,,,,,,,,,
CODD_TRAINING_00073,104.jpg,concrete,,Construction and Demolition Waste,,,,,,,,,,,,,,,,,,,,,
CODD_TRAINING_00074,104.jpg,tile,,Construction and Demolition Waste,,,,,,,,,,,,,,,,,,,,,
CODD_TRAINING_00075,104.jpg,brick,,Construction and Demolition Waste,,,,,,,,,,,,,,,,,,,,,
CODD_TRAINING_00076,104.jpg,concrete,,Construction and Demolition Waste,,,,,,,,,,,,,,,,,,,,,
CODD_TRAINING_00077,104.jpg,brick,,Construction and Demolition Waste,,,,,,,,,,,,,,,,,,,,,
CODD_TRAINING_00078,104.jpg,concrete,,Construction and Demolition Waste,,,,,,,,,,,,,,,,,,,,,
CODD_TRAINING_00079,105.jpg,brick,,Construction and Demolition Waste,,,,,,,,,,,,,,,,,,,,,
CODD_TRAINING_00080,105.jpg,concrete,,Construction and Demolition Waste,,,,,,,,,,,,,,,,,,,,,
CODD_TRAINING_00081,105.jpg,brick,,Construction and Demolition Waste,,,,,,,,,,,,,,,,,,,,,
CODD_TRAINING_00082,105.jpg,concrete,,Construction and Demolition Waste,,,,,,,,,,,,,,,,,,,,,
CODD_TRAINING_00083,105.jpg,brick,,Construction and Demolition Waste,,,,,,,,,,,,,,,,,,,,,
CODD_TRAINING_00084,105.jpg,concrete,,Construction and Demolition Waste,,,,,,,,,,,,,,,,,,,,,
CODD_TRAINING_00085,105.jpg,brick,,Construction and Demolition Waste,,,,,,,,,,,,,,,,,,,,,
CODD_TRAINING_00086,105.jpg,concrete,,Construction and Demolition Waste,,,,,,,,,,,,,,,,,,,,,
CODD_TRAINING_00087,105.jpg,brick,,Construction and Demolition Waste,,,,,,,,,,,,,,,,,,,,,
CODD_TRAINING_00088,105.jpg,concrete,,Construction and Demolition Waste,,,,,,,,,,,,,,,,,,,,,
CODD_TRAINING_00089,105.jpg,brick,,Construction and Demolition Waste,,,,,,,,,,,,,,,,,,,,,
CODD_TRAINING_00090,105.jpg,brick,,Construction and Demolition Waste,,,,,,,,,,,,,,,,,,,,,
CODD_TRAINING_00091,105.jpg,brick,,Construction and Demolition Waste,,,,,,,,,,,,,,,,,,,,,
CODD_TRAINING_00092,106.jpg,brick,,Construction and Demolition Waste,,,,,,,,,,,,,,,,,,,,,
CODD_TRAINING_00093,106.jpg,concrete,,Construction and Demolition Waste,,,,,,,,,,,,,,,,,,,,,
CODD_TRAINING_00094,106.jpg,tile,,Construction and Demolition Waste,,,,,,,,,,,,,,,,,,,,,
CODD_TRAINING_00095,106.jpg,brick,,Construction and Demolition Waste,,,,,,,,,,,,,,,,,,,,,
CODD_TRAINING_00096,106.jpg,concrete,,Construction and Demolition Waste,,,,,,,,,,,,,,,,,,,,,
CODD_TRAINING_00097,106.jpg,brick,,Construction and Demolition Waste,,,,,,,,,,,,,,,,,,,,,
CODD_TRAINING_00098,106.jpg,concrete,,Construction and Demolition Waste,,,,,,,,,,,,,,,,,,,,,
CODD_TRAINING_00099,106.jpg,brick,,Construction and Demolition Waste,,,,,,,,,,,,,,,,,,,,,
CODD_TRAINING_00100,106.jpg,concrete,,Construction and Demolition Waste,,,,,,,,,,,,,,,,,,,,,
CODD_TRAINING_00101,106.jpg,brick,,Construction and Demolition Waste,,,,,,,,,,,,,,,,,,,,,
CODD_TRAINING_00102,106.jpg,concrete,,Construction and Demolition Waste,,,,,,,,,,,,,,,,,,,,,
CODD_TRAINING_00103,106.jpg,brick,,Construction and Demolition Waste,,,,,,,,,,,,,,,,,,,,,
CODD_TRAINING_00104,106.jpg,concrete,,Construction and Demolition Waste,,,,,,,,,,,,,,,,,,,,,
CODD_TRAINING_00105,106.jpg,brick,,Construction and Demolition Waste,,,,,,,,,,,,,,,,,,,,,
CODD_TRAINING_00106,106.jpg,concrete,,Construction and Demolition Waste,,,,,,,,,,,,,,,,,,,,,
CODD_TRAINING_00107,106.jpg,brick,,Construction and Demolition Waste,,,,,,,,,,,,,,,,,,,,,
CODD_TRAINING_00108,106.jpg,concrete,,Construction and Demolition Waste,,,,,,,,,,,,,,,,,,,,,
CODD_TRAINING_00109,107.jpg,brick,,Construction and Demolition Waste,,,,,,,,,,,,,,,,,,,,,
CODD_TRAINING_00110,107.jpg,concrete,,Construction and Demolition Waste,,,,,,,,,,,,,,,,,,,,,
CODD_TRAINING_00111,107.jpg,brick,,Construction and Demolition Waste,,,,,,,,,,,,,,,,,,,,,
CODD_TRAINING_00112,107.jpg,concrete,,Construction and Demolition Waste,,,,,,,,,,,,,,,,,,,,,
CODD_TRAINING_00113,107.jpg,brick,,Construction and Demolition Waste,,,,,,,,,,,,,,,,,,,,,
CODD_TRAINING_00114,107.jpg,concrete,,Construction and Demolition Waste,,,,,,,,,,,,,,,,,,,,,
CODD_TRAINING_00115,107.jpg,brick,,Construction and Demolition Waste,,,,,,,,,,,,,,,,,,,,,
CODD_TRAINING_00116,107.jpg,concrete,,Construction and Demolition Waste,,,,,,,,,,,,,,,,,,,,,
CODD_TRAINING_00117,107.jpg,brick,,Construction and Demolition Waste,,,,,,,,,,,,,,,,,,,,,
CODD_TRAINING_00118,107.jpg,concrete,,Construction and Demolition Waste,,,,,,,,,,,,,,,,,,,,,
CODD_TRAINING_00119,107.jpg,brick,,Construction and Demolition Waste,,,,,,,,,,,,,,,,,,,,,
CODD_TRAINING_00120,107.jpg,concrete,,Construction and Demolition Waste,,,,,,,,,,,,,,,,,,,,,
CODD_TRAINING_00121,107.jpg,brick,,Construction and Demolition Waste,,,,,,,,,,,,,,,,,,,,,
CODD_TRAINING_00122,107.jpg,concrete,,Construction and Demolition Waste,,,,,,,,,,,,,,,,,,,,,
CODD_TRAINING_00123,107.jpg,brick,,Construction and Demolition Waste,,,,,,,,,,,,,,,,,,,,,
CODD_TRAINING_00124,107.jpg,concrete,,Construction and Demolition Waste,,,,,,,,,,,,,,,,,,,,,
CODD_TRAINING_00125,107.jpg,brick,,Construction and Demolition Waste,,,,,,,,,,,,,,,,,,,,,
CODD_TRAINING_00126,107.jpg,concrete,,Construction and Demolition Waste,,,,,,,,,,,,,,,,,,,,,
CODD_TRAINING_00127,107.jpg,brick,,Construction and Demolition Waste,,,,,,,,,,,,,,,,,,,,,
CODD_TRAINING_00128,108.jpg,brick,,Construction and Demolition Waste,,,,,,,,,,,,,,,,,,,,,
CODD_TRAINING_00129,108.jpg,concrete,,Construction and Demolition Waste,,,,,,,,,,,,,,,,,,,,,
CODD_TRAINING_00130,108.jpg,brick,,Construction and Demolition Waste,,,,,,,,,,,,,,,,,,,,,
CODD_TRAINING_00131,108.jpg,concrete,,Construction and Demolition Waste,,,,,,,,,,,,,,,,,,,,,
CODD_TRAINING_00132,108.jpg,brick,,Construction and Demolition Waste,,,,,,,,,,,,,,,,,,,,,
CODD_TRAINING_00133,108.jpg,concrete,,Construction and Demolition Waste,,,,,,,,,,,,,,,,,,,,,
CODD_TRAINING_00134,108.jpg,brick,,Construction and Demolition Waste,,,,,,,,,,,,,,,,,,,,,
CODD_TRAINING_00135,108.jpg,concrete,,Construction and Demolition Waste,,,,,,,,,,,,,,,,,,,,,
CODD_TRAINING_00136,108.jpg,brick,,Construction and Demolition Waste,,,,,,,,,,,,,,,,,,,,,
CODD_TRAINING_00137,108.jpg,concrete,,Construction and Demolition Waste,,,,,,,,,,,,,,,,,,,,,
CODD_TRAINING_00138,108.jpg,brick,,Construction and Demolition Waste,,,,,,,,,,,,,,,,,,,,,
CODD_TRAINING_00139,108.jpg,concrete,,Construction and Demolition Waste,,,,,,,,,,,,,,,,,,,,,
CODD_TRAINING_00140,108.jpg,brick,,Construction and Demolition Waste,,,,,,,,,,,,,,,,,,,,,
CODD_TRAINING_00141,108.jpg,concrete,,Construction and Demolition Waste,,,,,,,,,,,,,,,,,,,,,
CODD_TRAINING_00142,108.jpg,concrete,,Construction and Demolition Waste,,,,,,,,,,,,,,,,,,,,,
CODD_TRAINING_00143,108.jpg,concrete,,Construction and Demolition Waste,,,,,,,,,,,,,,,,,,,,,
CODD_TRAINING_00144,11.jpg,brick,,Construction and Demolition Waste,,,,,,,,,,,,,,,,,,,,,
CODD_TRAINING_00145,11.jpg,concrete,,Construction and Demolition Waste,,,,,,,,,,,,,,,,,,,,,
CODD_TRAINING_00146,11.jpg,tile,,Construction and Demolition Waste,,,,,,,,,,,,,,,,,,,,,
CODD_TRAINING_00147,11.jpg,brick,,Construction and Demolition Waste,,,,,,,,,,,,,,,,,,,,,
CODD_TRAINING_00148,11.jpg,concrete,,Construction and Demolition Waste,,,,,,,,,,,,,,,,,,,,,
CODD_TRAINING_00149,11.jpg,tile,,Construction and Demolition Waste,,,,,,,,,,,,,,,,,,,,,
CODD_TRAINING_00150,11.jpg,brick,,Construction and Demolition Waste,,,,,,,,,,,,,,,,,,,,,
CODD_TRAINING_00151,11.jpg,concrete,,Construction and Demolition Waste,,,,,,,,,,,,,,,,,,,,,
CODD_TRAINING_00152,11.jpg,tile,,Construction and Demolition Waste,,,,,,,,,,,,,,,,,,,,,
CODD_TRAINING_00153,11.jpg,brick,,Construction and Demolition Waste,,,,,,,,,,,,,,,,,,,,,
CODD_TRAINING_00154,11.jpg,concrete,,Construction and Demolition Waste,,,,,,,,,,,,,,,,,,,,,
CODD_TRAINING_00155,11.jpg,tile,,Construction and Demolition Waste,,,,,,,,,,,,,,,,,,,,,
CODD_TRAINING_00156,111.jpg,brick,,Construction and Demolition Waste,,,,,,,,,,,,,,,,,,,,,
CODD_TRAINING_00157,111.jpg,concrete,,Construction and Demolition Waste,,,,,,,,,,,,,,,,,,,,,
CODD_TRAINING_00158,111.jpg,tile,,Construction and Demolition Waste,,,,,,,,,,,,,,,,,,,,,
CODD_TRAINING_00159,111.jpg,brick,,Construction and Demolition Waste,,,,,,,,,,,,,,,,,,,,,
CODD_TRAINING_00160,111.jpg,concrete,,Construction and Demolition Waste,,,,,,,,,,,,,,,,,,,,,
CODD_TRAINING_00161,111.jpg,tile,,Construction and Demolition Waste,,,,,,,,,,,,,,,,,,,,,
CODD_TRAINING_00162,111.jpg,brick,,Construction and Demolition Waste,,,,,,,,,,,,,,,,,,,,,
CODD_TRAINING_00163,111.jpg,concrete,,Construction and Demolition Waste,,,,,,,,,,,,,,,,,,,,,
CODD_TRAINING_00164,111.jpg,brick,,Construction and Demolition Waste,,,,,,,,,,,,,,,,,,,,,
CODD_TRAINING_00165,111.jpg,concrete,,Construction and Demolition Waste,,,,,,,,,,,,,,,,,,,,,
CODD_TRAINING_00166,111.jpg,concrete,,Construction and Demolition Waste,,,,,,,,,,,,,,,,,,,,,
CODD_TRAINING_00167,111.jpg,concrete,,Construction and Demolition Waste,,,,,,,,,,,,,,,,,,,,,
CODD_TRAINING_00168,114.jpg,brick,,Construction and Demolition Waste,,,,,,,,,,,,,,,,,,,,,
CODD_TRAINING_00169,114.jpg,concrete,,Construction and Demolition Waste,,,,,,,,,,,,,,,,,,,,,
CODD_TRAINING_00170,114.jpg,tile,,Construction and Demolition Waste,,,,,,,,,,,,,,,,,,,,,
CODD_TRAINING_00171,114.jpg,brick,,Construction and Demolition Waste,,,,,,,,,,,,,,,,,,,,,
CODD_TRAINING_00172,114.jpg,concrete,,Construction and Demolition Waste,,,,,,,,,,,,,,,,,,,,,
CODD_TRAINING_00173,114.jpg,tile,,Construction and Demolition Waste,,,,,,,,,,,,,,,,,,,,,
CODD_TRAINING_00174,114.jpg,brick,,Construction and Demolition Waste,,,,,,,,,,,,,,,,,,,,,
CODD_TRAINING_00175,114.jpg,concrete,,Construction and Demolition Waste,,,,,,,,,,,,,,,,,,,,,
CODD_TRAINING_00176,114.jpg,tile,,Construction and Demolition Waste,,,,,,,,,,,,,,,,,,,,,
CODD_TRAINING_00177,114.jpg,brick,,Construction and Demolition Waste,,,,,,,,,,,,,,,,,,,,,
CODD_TRAINING_00178,114.jpg,concrete,,Construction and Demolition Waste,,,,,,,,,,,,,,,,,,,,,
CODD_TRAINING_00179,114.jpg,tile,,Construction and Demolition Waste,,,,,,,,,,,,,,,,,,,,,
CODD_TRAINING_00180,114.jpg,tile,,Construction and Demolition Waste,,,,,,,,,,,,,,,,,,,,,
CODD_TRAINING_00181,115.jpg,brick,,Construction and Demolition Waste,,,,,,,,,,,,,,,,,,,,,
CODD_TRAINING_00182,115.jpg,concrete,,Construction and Demolition Waste,,,,,,,,,,,,,,,,,,,,,
CODD_TRAINING_00183,115.jpg,tile,,Construction and Demolition Waste,,,,,,,,,,,,,,,,,,,,,
CODD_TRAINING_00184,115.jpg,brick,,Construction and Demolition Waste,,,,,,,,,,,,,,,,,,,,,
CODD_TRAINING_00185,115.jpg,concrete,,Construction and Demolition Waste,,,,,,,,,,,,,,,,,,,,,
CODD_TRAINING_00186,115.jpg,tile,,Construction and Demolition Waste,,,,,,,,,,,,,,,,,,,,,
CODD_TRAINING_00187,115.jpg,brick,,Construction and Demolition Waste,,,,,,,,,,,,,,,,,,,,,
CODD_TRAINING_00188,115.jpg,concrete,,Construction and Demolition Waste,,,,,,,,,,,,,,,,,,,,,
CODD_TRAINING_00189,115.jpg,tile,,Construction and Demolition Waste,,,,,,,,,,,,,,,,,,,,,
CODD_TRAINING_00190,115.jpg,tile,,Construction and Demolition Waste,,,,,,,,,,,,,,,,,,,,,
CODD_TRAINING_00191,115.jpg,concrete,,Construction and Demolition Waste,,,,,,,,,,,,,,,,,,,,,
CODD_TRAINING_00192,115.jpg,brick,,Construction and Demolition Waste,,,,,,,,,,,,,,,,,,,,,
CODD_TRAINING_00193,116.jpg,brick,,Construction and Demolition Waste,,,,,,,,,,,,,,,,,,,,,
CODD_TRAINING_00194,116.jpg,concrete,,Construction and Demolition Waste,,,,,,,,,,,,,,,,,,,,,
CODD_TRAINING_00195,116.jpg,tile,,Construction and Demolition Waste,,,,,,,,,,,,,,,,,,,,,
CODD_TRAINING_00196,116.jpg,brick,,Construction and Demolition Waste,,,,,,,,,,,,,,,,,,,,,
CODD_TRAINING_00197,116.jpg,concrete,,Construction and Demolition Waste,,,,,,,,,,,,,,,,,,,,,
CODD_TRAINING_00198,116.jpg,tile,,Construction and Demolition Waste,,,,,,,,,,,,,,,,,,,,,
CODD_TRAINING_00199,116.jpg,brick,,Construction and Demolition Waste,,,,,,,,,,,,,,,,,,,,,
CODD_TRAINING_00200,116.jpg,concrete,,Construction and Demolition Waste,,,,,,,,,,,,,,,,,,,,,
CODD_TRAINING_00201,116.jpg,tile,,Construction and Demolition Waste,,,,,,,,,,,,,,,,,,,,,
CODD_TRAINING_00202,116.jpg,brick,,Construction and Demolition Waste,,,,,,,,,,,,,,,,,,,,,
CODD_TRAINING_00203,116.jpg,concrete,,Construction and Demolition Waste,,,,,,,,,,,,,,,,,,,,,
CODD_TRAINING_00204,116.jpg,tile,,Construction and Demolition Waste,,,,,,,,,,,,,,,,,,,,,
CODD_TRAINING_00205,117.jpg,brick,,Construction and Demolition Waste,,,,,,,,,,,,,,,,,,,,,
CODD_TRAINING_00206,117.jpg,concrete,,Construction and Demolition Waste,,,,,,,,,,,,,,,,,,,,,
CODD_TRAINING_00207,117.jpg,tile,,Construction and Demolition Waste,,,,,,,,,,,,,,,,,,,,,
CODD_TRAINING_00208,117.jpg,brick,,Construction and Demolition Waste,,,,,,,,,,,,,,,,,,,,,
CODD_TRAINING_00209,117.jpg,concrete,,Construction and Demolition Waste,,,,,,,,,,,,,,,,,,,,,
CODD_TRAINING_00210,117.jpg,tile,,Construction and Demolition Waste,,,,,,,,,,,,,,,,,,,,,
CODD_TRAINING_00211,117.jpg,brick,,Construction and Demolition Waste,,,,,,,,,,,,,,,,,,,,,
CODD_TRAINING_00212,117.jpg,concrete,,Construction and Demolition Waste,,,,,,,,,,,,,,,,,,,,,
CODD_TRAINING_00213,117.jpg,tile,,Construction and Demolition Waste,,,,,,,,,,,,,,,,,,,,,
CODD_TRAINING_00214,117.jpg,brick,,Construction and Demolition Waste,,,,,,,,,,,,,,,,,,,,,
CODD_TRAINING_00215,117.jpg,concrete,,Construction and Demolition Waste,,,,,,,,,,,,,,,,,,,,,
CODD_TRAINING_00216,117.jpg,tile,,Construction and Demolition Waste,,,,,,,,,,,,,,,,,,,,,
CODD_TRAINING_00217,119.jpg,brick,,Construction and Demolition Waste,,,,,,,,,,,,,,,,,,,,,
CODD_TRAINING_00218,119.jpg,concrete,,Construction and Demolition Waste,,,,,,,,,,,,,,,,,,,,,
CODD_TRAINING_00219,119.jpg,tile,,Construction and Demolition Waste,,,,,,,,,,,,,,,,,,,,,
CODD_TRAINING_00220,119.jpg,brick,,Construction and Demolition Waste,,,,,,,,,,,,,,,,,,,,,
CODD_TRAINING_00221,119.jpg,concrete,,Construction and Demolition Waste,,,,,,,,,,,,,,,,,,,,,
CODD_TRAINING_00222,119.jpg,tile,,Construction and Demolition Waste,,,,,,,,,,,,,,,,,,,,,
CODD_TRAINING_00223,119.jpg,brick,,Construction and Demolition Waste,,,,,,,,,,,,,,,,,,,,,
CODD_TRAINING_00224,119.jpg,concrete,,Construction and Demolition Waste,,,,,,,,,,,,,,,,,,,,,
CODD_TRAINING_00225,119.jpg,tile,,Construction and Demolition Waste,,,,,,,,,,,,,,,,,,,,,
CODD_TRAINING_00226,119.jpg,brick,,Construction and Demolition Waste,,,,,,,,,,,,,,,,,,,,,
CODD_TRAINING_00227,119.jpg,concrete,,Construction and Demolition Waste,,,,,,,,,,,,,,,,,,,,,
CODD_TRAINING_00228,119.jpg,tile,,Construction and Demolition Waste,,,,,,,,,,,,,,,,,,,,,
CODD_TRAINING_00229,120.jpg,brick,,Construction and Demolition Waste,,,,,,,,,,,,,,,,,,,,,
CODD_TRAINING_00230,120.jpg,concrete,,Construction and Demolition Waste,,,,,,,,,,,,,,,,,,,,,
CODD_TRAINING_00231,120.jpg,tile,,Construction and Demolition Waste,,,,,,,,,,,,,,,,,,,,,
CODD_TRAINING_00232,120.jpg,brick,,Construction and Demolition Waste,,,,,,,,,,,,,,,,,,,,,
CODD_TRAINING_00233,120.jpg,concrete,,Construction and Demolition Waste,,,,,,,,,,,,,,,,,,,,,
CODD_TRAINING_00234,120.jpg,tile,,Construction and Demolition Waste,,,,,,,,,,,,,,,,,,,,,
CODD_TRAINING_00235,120.jpg,brick,,Construction and Demolition Waste,,,,,,,,,,,,,,,,,,,,,
CODD_TRAINING_00236,120.jpg,concrete,,Construction and Demolition Waste,,,,,,,,,,,,,,,,,,,,,
CODD_TRAINING_00237,120.jpg,tile,,Construction and Demolition Waste,,,,,,,,,,,,,,,,,,,,,
CODD_TRAINING_00238,120.jpg,brick,,Construction and Demolition Waste,,,,,,,,,,,,,,,,,,,,,
CODD_TRAINING_00239,120.jpg,concrete,,Construction and Demolition Waste,,,,,,,,,,,,,,,,,,,,,
CODD_TRAINING_00240,120.jpg,tile,,Construction and Demolition Waste,,,,,,,,,,,,,,,,,,,,,
CODD_TRAINING_00241,121.jpg,brick,,Construction and Demolition Waste,,,,,,,,,,,,,,,,,,,,,
CODD_TRAINING_00242,121.jpg,concrete,,Construction and Demolition Waste,,,,,,,,,,,,,,,,,,,,,
CODD_TRAINING_00243,121.jpg,tile,,Construction and Demolition Waste,,,,,,,,,,,,,,,,,,,,,
CODD_TRAINING_00244,121.jpg,brick,,Construction and Demolition Waste,,,,,,,,,,,,,,,,,,,,,
CODD_TRAINING_00245,121.jpg,concrete,,Construction and Demolition Waste,,,,,,,,,,,,,,,,,,,,,
CODD_TRAINING_00246,121.jpg,tile,,Construction and Demolition Waste,,,,,,,,,,,,,,,,,,,,,
CODD_TRAINING_00247,121.jpg,brick,,Construction and Demolition Waste,,,,,,,,,,,,,,,,,,,,,
CODD_TRAINING_00248,121.jpg,concrete,,Construction and Demolition Waste,,,,,,,,,,,,,,,,,,,,,
CODD_TRAINING_00249,121.jpg,tile,,Construction and Demolition Waste,,,,,,,,,,,,,,,,,,,,,
CODD_TRAINING_00250,121.jpg,brick,,Construction and Demolition Waste,,,,,,,,,,,,,,,,,,,,,
CODD_TRAINING_00251,121.jpg,concrete,,Construction and Demolition Waste,,,,,,,,,,,,,,,,,,,,,
CODD_TRAINING_00252,121.jpg,tile,,Construction and Demolition Waste,,,,,,,,,,,,,,,,,,,,,
CODD_TRAINING_00253,121.jpg,brick,,Construction and Demolition Waste,,,,,,,,,,,,,,,,,,,,,
CODD_TRAINING_00254,122.jpg,brick,,Construction and Demolition Waste,,,,,,,,,,,,,,,,,,,,,
CODD_TRAINING_00255,122.jpg,concrete,,Construction and Demolition Waste,,,,,,,,,,,,,,,,,,,,,
CODD_TRAINING_00256,122.jpg,tile,,Construction and Demolition Waste,,,,,,,,,,,,,,,,,,,,,
CODD_TRAINING_00257,122.jpg,brick,,Construction and Demolition Waste,,,,,,,,,,,,,,,,,,,,,
CODD_TRAINING_00258,122.jpg,concrete,,Construction and Demolition Waste,,,,,,,,,,,,,,,,,,,,,
CODD_TRAINING_00259,122.jpg,tile,,Construction and Demolition Waste,,,,,,,,,,,,,,,,,,,,,
CODD_TRAINING_00260,122.jpg,brick,,Construction and Demolition Waste,,,,,,,,,,,,,,,,,,,,,
CODD_TRAINING_00261,122.jpg,concrete,,Construction and Demolition Waste,,,,,,,,,,,,,,,,,,,,,
CODD_TRAINING_00262,122.jpg,tile,,Construction and Demolition Waste,,,,,,,,,,,,,,,,,,,,,
CODD_TRAINING_00263,122.jpg,brick,,Construction and Demolition Waste,,,,,,,,,,,,,,,,,,,,,
CODD_TRAINING_00264,122.jpg,tile,,Construction and Demolition Waste,,,,,,,,,,,,,,,,,,,,,
CODD_TRAINING_00265,122.jpg,concrete,,Construction and Demolition Waste,,,,,,,,,,,,,,,,,,,,,
CODD_TRAINING_00266,124.jpg,brick,,Construction and Demolition Waste,,,,,,,,,,,,,,,,,,,,,
CODD_TRAINING_00267,124.jpg,concrete,,Construction and Demolition Waste,,,,,,,,,,,,,,,,,,,,,
CODD_TRAINING_00268,124.jpg,tile,,Construction and Demolition Waste,,,,,,,,,,,,,,,,,,,,,
CODD_TRAINING_00269,124.jpg,brick,,Construction and Demolition Waste,,,,,,,,,,,,,,,,,,,,,
CODD_TRAINING_00270,124.jpg,concrete,,Construction and Demolition Waste,,,,,,,,,,,,,,,,,,,,,
CODD_TRAINING_00271,124.jpg,tile,,Construction and Demolition Waste,,,,,,,,,,,,,,,,,,,,,
CODD_TRAINING_00272,124.jpg,brick,,Construction and Demolition Waste,,,,,,,,,,,,,,,,,,,,,
CODD_TRAINING_00273,124.jpg,concrete,,Construction and Demolition Waste,,,,,,,,,,,,,,,,,,,,,
CODD_TRAINING_00274,124.jpg,tile,,Construction and Demolition Waste,,,,,,,,,,,,,,,,,,,,,
CODD_TRAINING_00275,124.jpg,brick,,Construction and Demolition Waste,,,,,,,,,,,,,,,,,,,,,
CODD_TRAINING_00276,124.jpg,concrete,,Construction and Demolition Waste,,,,,,,,,,,,,,,,,,,,,
CODD_TRAINING_00277,124.jpg,tile,,Construction and Demolition Waste,,,,,,,,,,,,,,,,,,,,,
CODD_TRAINING_00278,124.jpg,concrete,,Construction and Demolition Waste,,,,,,,,,,,,,,,,,,,,,
CODD_TRAINING_00279,124.jpg,tile,,Construction and Demolition Waste,,,,,,,,,,,,,,,,,,,,,
CODD_TRAINING_00280,124.jpg,tile,,Construction and Demolition Waste,,,,,,,,,,,,,,,,,,,,,
CODD_TRAINING_00281,125.jpg,brick,,Construction and Demolition Waste,,,,,,,,,,,,,,,,,,,,,
CODD_TRAINING_00282,125.jpg,concrete,,Construction and Demolition Waste,,,,,,,,,,,,,,,,,,,,,
CODD_TRAINING_00283,125.jpg,tile,,Construction and Demolition Waste,,,,,,,,,,,,,,,,,,,,,
CODD_TRAINING_00284,125.jpg,brick,,Construction and Demolition Waste,,,,,,,,,,,,,,,,,,,,,
CODD_TRAINING_00285,125.jpg,concrete,,Construction and Demolition Waste,,,,,,,,,,,,,,,,,,,,,
CODD_TRAINING_00286,125.jpg,tile,,Construction and Demolition Waste,,,,,,,,,,,,,,,,,,,,,
CODD_TRAINING_00287,125.jpg,brick,,Construction and Demolition Waste,,,,,,,,,,,,,,,,,,,,,
CODD_TRAINING_00288,125.jpg,concrete,,Construction and Demolition Waste,,,,,,,,,,,,,,,,,,,,,
CODD_TRAINING_00289,125.jpg,tile,,Construction and Demolition Waste,,,,,,,,,,,,,,,,,,,,,
CODD_TRAINING_00290,125.jpg,brick,,Construction and Demolition Waste,,,,,,,,,,,,,,,,,,,,,
CODD_TRAINING_00291,125.jpg,concrete,,Construction and Demolition Waste,,,,,,,,,,,,,,,,,,,,,
CODD_TRAINING_00292,125.jpg,tile,,Construction and Demolition Waste,,,,,,,,,,,,,,,,,,,,,
CODD_TRAINING_00293,126.jpg,brick,,Construction and Demolition Waste,,,,,,,,,,,,,,,,,,,,,
CODD_TRAINING_00294,126.jpg,concrete,,Construction and Demolition Waste,,,,,,,,,,,,,,,,,,,,,
CODD_TRAINING_00295,126.jpg,tile,,Construction and Demolition Waste,,,,,,,,,,,,,,,,,,,,,
CODD_TRAINING_00296,126.jpg,brick,,Construction and Demolition Waste,,,,,,,,,,,,,,,,,,,,,
CODD_TRAINING_00297,126.jpg,concrete,,Construction and Demolition Waste,,,,,,,,,,,,,,,,,,,,,
CODD_TRAINING_00298,126.jpg,tile,,Construction and Demolition Waste,,,,,,,,,,,,,,,,,,,,,
CODD_TRAINING_00299,126.jpg,brick,,Construction and Demolition Waste,,,,,,,,,,,,,,,,,,,,,
CODD_TRAINING_00300,126.jpg,concrete,,Construction and Demolition Waste,,,,,,,,,,,,,,,,,,,,,
CODD_TRAINING_00301,126.jpg,tile,,Construction and Demolition Waste,,,,,,,,,,,,,,,,,,,,,
CODD_TRAINING_00302,126.jpg,brick,,Construction and Demolition Waste,,,,,,,,,,,,,,,,,,,,,
CODD_TRAINING_00303,126.jpg,concrete,,Construction and Demolition Waste,,,,,,,,,,,,,,,,,,,,,
CODD_TRAINING_00304,126.jpg,tile,,Construction and Demolition Waste,,,,,,,,,,,,,,,,,,,,,
CODD_TRAINING_00305,127.jpg,brick,,Construction and Demolition Waste,,,,,,,,,,,,,,,,,,,,,
CODD_TRAINING_00306,127.jpg,concrete,,Construction and Demolition Waste,,,,,,,,,,,,,,,,,,,,,
CODD_TRAINING_00307,127.jpg,tile,,Construction and Demolition Waste,,,,,,,,,,,,,,,,,,,,,
CODD_TRAINING_00308,127.jpg,brick,,Construction and Demolition Waste,,,,,,,,,,,,,,,,,,,,,
CODD_TRAINING_00309,127.jpg,concrete,,Construction and Demolition Waste,,,,,,,,,,,,,,,,,,,,,
CODD_TRAINING_00310,127.jpg,tile,,Construction and Demolition Waste,,,,,,,,,,,,,,,,,,,,,
CODD_TRAINING_00311,127.jpg,brick,,Construction and Demolition Waste,,,,,,,,,,,,,,,,,,,,,
CODD_TRAINING_00312,127.jpg,concrete,,Construction and Demolition Waste,,,,,,,,,,,,,,,,,,,,,
CODD_TRAINING_00313,127.jpg,tile,,Construction and Demolition Waste,,,,,,,,,,,,,,,,,,,,,
CODD_TRAINING_00314,127.jpg,concrete,,Construction and Demolition Waste,,,,,,,,,,,,,,,,,,,,,
CODD_TRAINING_00315,127.jpg,tile,,Construction and Demolition Waste,,,,,,,,,,,,,,,,,,,,,
CODD_TRAINING_00316,13.jpg,brick,,Construction and Demolition Waste,,,,,,,,,,,,,,,,,,,,,
CODD_TRAINING_00317,13.jpg,concrete,,Construction and Demolition Waste,,,,,,,,,,,,,,,,,,,,,
CODD_TRAINING_00318,13.jpg,tile,,Construction and Demolition Waste,,,,,,,,,,,,,,,,,,,,,
CODD_TRAINING_00319,13.jpg,brick,,Construction and Demolition Waste,,,,,,,,,,,,,,,,,,,,,
CODD_TRAINING_00320,13.jpg,concrete,,Construction and Demolition Waste,,,,,,,,,,,,,,,,,,,,,
CODD_TRAINING_00321,13.jpg,tile,,Construction and Demolition Waste,,,,,,,,,,,,,,,,,,,,,
CODD_TRAINING_00322,13.jpg,brick,,Construction and Demolition Waste,,,,,,,,,,,,,,,,,,,,,
CODD_TRAINING_00323,13.jpg,concrete,,Construction and Demolition Waste,,,,,,,,,,,,,,,,,,,,,
CODD_TRAINING_00324,13.jpg,tile,,Construction and Demolition Waste,,,,,,,,,,,,,,,,,,,,,
CODD_TRAINING_00325,13.jpg,brick,,Construction and Demolition Waste,,,,,,,,,,,,,,,,,,,,,
CODD_TRAINING_00326,13.jpg,concrete,,Construction and Demolition Waste,,,,,,,,,,,,,,,,,,,,,
CODD_TRAINING_00327,13.jpg,tile,,Construction and Demolition Waste,,,,,,,,,,,,,,,,,,,,,
CODD_TRAINING_00328,130.jpg,brick,,Construction and Demolition Waste,,,,,,,,,,,,,,,,,,,,,
CODD_TRAINING_00329,130.jpg,concrete,,Construction and Demolition Waste,,,,,,,,,,,,,,,,,,,,,
CODD_TRAINING_00330,130.jpg,tile,,Construction and Demolition Waste,,,,,,,,,,,,,,,,,,,,,
CODD_TRAINING_00331,130.jpg,brick,,Construction and Demolition Waste,,,,,,,,,,,,,,,,,,,,,
CODD_TRAINING_00332,130.jpg,concrete,,Construction and Demolition Waste,,,,,,,,,,,,,,,,,,,,,
CODD_TRAINING_00333,130.jpg,tile,,Construction and Demolition Waste,,,,,,,,,,,,,,,,,,,,,
CODD_TRAINING_00334,130.jpg,brick,,Construction and Demolition Waste,,,,,,,,,,,,,,,,,,,,,
CODD_TRAINING_00335,130.jpg,concrete,,Construction and Demolition Waste,,,,,,,,,,,,,,,,,,,,,
CODD_TRAINING_00336,130.jpg,tile,,Construction and Demolition Waste,,,,,,,,,,,,,,,,,,,,,
CODD_TRAINING_00337,130.jpg,brick,,Construction and Demolition Waste,,,,,,,,,,,,,,,,,,,,,
CODD_TRAINING_00338,130.jpg,concrete,,Construction and Demolition Waste,,,,,,,,,,,,,,,,,,,,,
CODD_TRAINING_00339,130.jpg,tile,,Construction and Demolition Waste,,,,,,,,,,,,,,,,,,,,,
CODD_TRAINING_00340,131.jpg,brick,,Construction and Demolition Waste,,,,,,,,,,,,,,,,,,,,,
CODD_TRAINING_00341,131.jpg,concrete,,Construction and Demolition Waste,,,,,,,,,,,,,,,,,,,,,
CODD_TRAINING_00342,131.jpg,tile,,Construction and Demolition Waste,,,,,,,,,,,,,,,,,,,,,
CODD_TRAINING_00343,131.jpg,brick,,Construction and Demolition Waste,,,,,,,,,,,,,,,,,,,,,
CODD_TRAINING_00344,131.jpg,concrete,,Construction and Demolition Waste,,,,,,,,,,,,,,,,,,,,,
CODD_TRAINING_00345,131.jpg,tile,,Construction and Demolition Waste,,,,,,,,,,,,,,,,,,,,,
CODD_TRAINING_00346,131.jpg,brick,,Construction and Demolition Waste,,,,,,,,,,,,,,,,,,,,,
CODD_TRAINING_00347,131.jpg,concrete,,Construction and Demolition Waste,,,,,,,,,,,,,,,,,,,,,
CODD_TRAINING_00348,131.jpg,tile,,Construction and Demolition Waste,,,,,,,,,,,,,,,,,,,,,
CODD_TRAINING_00349,131.jpg,brick,,Construction and Demolition Waste,,,,,,,,,,,,,,,,,,,,,
CODD_TRAINING_00350,131.jpg,concrete,,Construction and Demolition Waste,,,,,,,,,,,,,,,,,,,,,
CODD_TRAINING_00351,131.jpg,tile,,Construction and Demolition Waste,,,,,,,,,,,,,,,,,,,,,
CODD_TRAINING_00352,132.jpg,brick,,Construction and Demolition Waste,,,,,,,,,,,,,,,,,,,,,
CODD_TRAINING_00353,132.jpg,concrete,,Construction and Demolition Waste,,,,,,,,,,,,,,,,,,,,,
CODD_TRAINING_00354,132.jpg,tile,,Construction and Demolition Waste,,,,,,,,,,,,,,,,,,,,,
CODD_TRAINING_00355,132.jpg,brick,,Construction and Demolition Waste,,,,,,,,,,,,,,,,,,,,,
CODD_TRAINING_00356,132.jpg,concrete,,Construction and Demolition Waste,,,,,,,,,,,,,,,,,,,,,
CODD_TRAINING_00357,132.jpg,tile,,Construction and Demolition Waste,,,,,,,,,,,,,,,,,,,,,
CODD_TRAINING_00358,132.jpg,brick,,Construction and Demolition Waste,,,,,,,,,,,,,,,,,,,,,
CODD_TRAINING_00359,132.jpg,concrete,,Construction and Demolition Waste,,,,,,,,,,,,,,,,,,,,,
CODD_TRAINING_00360,132.jpg,tile,,Construction and Demolition Waste,,,,,,,,,,,,,,,,,,,,,
CODD_TRAINING_00361,132.jpg,brick,,Construction and Demolition Waste,,,,,,,,,,,,,,,,,,,,,
CODD_TRAINING_00362,132.jpg,concrete,,Construction and Demolition Waste,,,,,,,,,,,,,,,,,,,,,
CODD_TRAINING_00363,133.jpg,brick,,Construction and Demolition Waste,,,,,,,,,,,,,,,,,,,,,
CODD_TRAINING_00364,133.jpg,concrete,,Construction and Demolition Waste,,,,,,,,,,,,,,,,,,,,,
CODD_TRAINING_00365,133.jpg,tile,,Construction and Demolition Waste,,,,,,,,,,,,,,,,,,,,,
CODD_TRAINING_00366,133.jpg,brick,,Construction and Demolition Waste,,,,,,,,,,,,,,,,,,,,,
CODD_TRAINING_00367,133.jpg,concrete,,Construction and Demolition Waste,,,,,,,,,,,,,,,,,,,,,
CODD_TRAINING_00368,133.jpg,tile,,Construction and Demolition Waste,,,,,,,,,,,,,,,,,,,,,
CODD_TRAINING_00369,133.jpg,brick,,Construction and Demolition Waste,,,,,,,,,,,,,,,,,,,,,
CODD_TRAINING_00370,133.jpg,concrete,,Construction and Demolition Waste,,,,,,,,,,,,,,,,,,,,,
CODD_TRAINING_00371,133.jpg,tile,,Construction and Demolition Waste,,,,,,,,,,,,,,,,,,,,,
CODD_TRAINING_00372,133.jpg,brick,,Construction and Demolition Waste,,,,,,,,,,,,,,,,,,,,,
CODD_TRAINING_00373,133.jpg,concrete,,Construction and Demolition Waste,,,,,,,,,,,,,,,,,,,,,
CODD_TRAINING_00374,133.jpg,tile,,Construction and Demolition Waste,,,,,,,,,,,,,,,,,,,,,
CODD_TRAINING_00375,133.jpg,concrete,,Construction and Demolition Waste,,,,,,,,,,,,,,,,,,,,,
CODD_TRAINING_00376,135.jpg,brick,,Construction and Demolition Waste,,,,,,,,,,,,,,,,,,,,,
CODD_TRAINING_00377,135.jpg,concrete,,Construction and Demolition Waste,,,,,,,,,,,,,,,,,,,,,
CODD_TRAINING_00378,135.jpg,tile,,Construction and Demolition Waste,,,,,,,,,,,,,,,,,,,,,
CODD_TRAINING_00379,135.jpg,brick,,Construction and Demolition Waste,,,,,,,,,,,,,,,,,,,,,
CODD_TRAINING_00380,135.jpg,concrete,,Construction and Demolition Waste,,,,,,,,,,,,,,,,,,,,,
CODD_TRAINING_00381,135.jpg,tile,,Construction and Demolition Waste,,,,,,,,,,,,,,,,,,,,,
CODD_TRAINING_00382,135.jpg,brick,,Construction and Demolition Waste,,,,,,,,,,,,,,,,,,,,,
CODD_TRAINING_00383,135.jpg,concrete,,Construction and Demolition Waste,,,,,,,,,,,,,,,,,,,,,
CODD_TRAINING_00384,135.jpg,tile,,Construction and Demolition Waste,,,,,,,,,,,,,,,,,,,,,
CODD_TRAINING_00385,135.jpg,brick,,Construction and Demolition Waste,,,,,,,,,,,,,,,,,,,,,
CODD_TRAINING_00386,135.jpg,concrete,,Construction and Demolition Waste,,,,,,,,,,,,,,,,,,,,,
CODD_TRAINING_00387,136.jpg,brick,,Construction and Demolition Waste,,,,,,,,,,,,,,,,,,,,,
CODD_TRAINING_00388,136.jpg,concrete,,Construction and Demolition Waste,,,,,,,,,,,,,,,,,,,,,
CODD_TRAINING_00389,136.jpg,tile,,Construction and Demolition Waste,,,,,,,,,,,,,,,,,,,,,
CODD_TRAINING_00390,136.jpg,brick,,Construction and Demolition Waste,,,,,,,,,,,,,,,,,,,,,
CODD_TRAINING_00391,136.jpg,concrete,,Construction and Demolition Waste,,,,,,,,,,,,,,,,,,,,,
CODD_TRAINING_00392,136.jpg,tile,,Construction and Demolition Waste,,,,,,,,,,,,,,,,,,,,,
CODD_TRAINING_00393,136.jpg,brick,,Construction and Demolition Waste,,,,,,,,,,,,,,,,,,,,,
CODD_TRAINING_00394,136.jpg,concrete,,Construction and Demolition Waste,,,,,,,,,,,,,,,,,,,,,
CODD_TRAINING_00395,136.jpg,tile,,Construction and Demolition Waste,,,,,,,,,,,,,,,,,,,,,
CODD_TRAINING_00396,136.jpg,brick,,Construction and Demolition Waste,,,,,,,,,,,,,,,,,,,,,
CODD_TRAINING_00397,136.jpg,concrete,,Construction and Demolition Waste,,,,,,,,,,,,,,,,,,,,,
CODD_TRAINING_00398,136.jpg,tile,,Construction and Demolition Waste,,,,,,,,,,,,,,,,,,,,,
CODD_TRAINING_00399,14.jpg,concrete,,Construction and Demolition Waste,,,,,,,,,,,,,,,,,,,,,
CODD_TRAINING_00400,14.jpg,tile,,Construction and Demolition Waste,,,,,,,,,,,,,,,,,,,,,
CODD_TRAINING_00401,14.jpg,brick,,Construction and Demolition Waste,,,,,,,,,,,,,,,,,,,,,
CODD_TRAINING_00402,14.jpg,concrete,,Construction and Demolition Waste,,,,,,,,,,,,,,,,,,,,,
CODD_TRAINING_00403,14.jpg,brick,,Construction and Demolition Waste,,,,,,,,,,,,,,,,,,,,,
CODD_TRAINING_00404,14.jpg,concrete,,Construction and Demolition Waste,,,,,,,,,,,,,,,,,,,,,
CODD_TRAINING_00405,14.jpg,brick,,Construction and Demolition Waste,,,,,,,,,,,,,,,,,,,,,
CODD_TRAINING_00406,14.jpg,concrete,,Construction and Demolition Waste,,,,,,,,,,,,,,,,,,,,,
CODD_TRAINING_00407,14.jpg,tile,,Construction and Demolition Waste,,,,,,,,,,,,,,,,,,,,,
CODD_TRAINING_00408,14.jpg,brick,,Construction and Demolition Waste,,,,,,,,,,,,,,,,,,,,,
CODD_TRAINING_00409,14.jpg,tile,,Construction and Demolition Waste,,,,,,,,,,,,,,,,,,,,,
CODD_TRAINING_00410,14.jpg,tile,,Construction and Demolition Waste,,,,,,,,,,,,,,,,,,,,,
CODD_TRAINING_00411,140.jpg,brick,,Construction and Demolition Waste,,,,,,,,,,,,,,,,,,,,,
CODD_TRAINING_00412,140.jpg,concrete,,Construction and Demolition Waste,,,,,,,,,,,,,,,,,,,,,
CODD_TRAINING_00413,140.jpg,tile,,Construction and Demolition Waste,,,,,,,,,,,,,,,,,,,,,
CODD_TRAINING_00414,140.jpg,brick,,Construction and Demolition Waste,,,,,,,,,,,,,,,,,,,,,
CODD_TRAINING_00415,140.jpg,concrete,,Construction and Demolition Waste,,,,,,,,,,,,,,,,,,,,,
CODD_TRAINING_00416,140.jpg,tile,,Construction and Demolition Waste,,,,,,,,,,,,,,,,,,,,,
CODD_TRAINING_00417,140.jpg,brick,,Construction and Demolition Waste,,,,,,,,,,,,,,,,,,,,,
CODD_TRAINING_00418,140.jpg,concrete,,Construction and Demolition Waste,,,,,,,,,,,,,,,,,,,,,
CODD_TRAINING_00419,140.jpg,tile,,Construction and Demolition Waste,,,,,,,,,,,,,,,,,,,,,
CODD_TRAINING_00420,140.jpg,brick,,Construction and Demolition Waste,,,,,,,,,,,,,,,,,,,,,
CODD_TRAINING_00421,140.jpg,concrete,,Construction and Demolition Waste,,,,,,,,,,,,,,,,,,,,,
CODD_TRAINING_00422,140.jpg,tile,,Construction and Demolition Waste,,,,,,,,,,,,,,,,,,,,,
CODD_TRAINING_00423,141.jpg,brick,,Construction and Demolition Waste,,,,,,,,,,,,,,,,,,,,,
CODD_TRAINING_00424,141.jpg,concrete,,Construction and Demolition Waste,,,,,,,,,,,,,,,,,,,,,
CODD_TRAINING_00425,141.jpg,tile,,Construction and Demolition Waste,,,,,,,,,,,,,,,,,,,,,
CODD_TRAINING_00426,141.jpg,brick,,Construction and Demolition Waste,,,,,,,,,,,,,,,,,,,,,
CODD_TRAINING_00427,141.jpg,concrete,,Construction and Demolition Waste,,,,,,,,,,,,,,,,,,,,,
CODD_TRAINING_00428,141.jpg,tile,,Construction and Demolition Waste,,,,,,,,,,,,,,,,,,,,,
CODD_TRAINING_00429,141.jpg,brick,,Construction and Demolition Waste,,,,,,,,,,,,,,,,,,,,,
CODD_TRAINING_00430,141.jpg,concrete,,Construction and Demolition Waste,,,,,,,,,,,,,,,,,,,,,
CODD_TRAINING_00431,141.jpg,tile,,Construction and Demolition Waste,,,,,,,,,,,,,,,,,,,,,
CODD_TRAINING_00432,141.jpg,brick,,Construction and Demolition Waste,,,,,,,,,,,,,,,,,,,,,
CODD_TRAINING_00433,141.jpg,concrete,,Construction and Demolition Waste,,,,,,,,,,,,,,,,,,,,,
CODD_TRAINING_00434,141.jpg,tile,,Construction and Demolition Waste,,,,,,,,,,,,,,,,,,,,,
CODD_TRAINING_00435,142.jpg,brick,,Construction and Demolition Waste,,,,,,,,,,,,,,,,,,,,,
CODD_TRAINING_00436,142.jpg,concrete,,Construction and Demolition Waste,,,,,,,,,,,,,,,,,,,,,
CODD_TRAINING_00437,142.jpg,tile,,Construction and Demolition Waste,,,,,,,,,,,,,,,,,,,,,
CODD_TRAINING_00438,142.jpg,brick,,Construction and Demolition Waste,,,,,,,,,,,,,,,,,,,,,
CODD_TRAINING_00439,142.jpg,concrete,,Construction and Demolition Waste,,,,,,,,,,,,,,,,,,,,,
CODD_TRAINING_00440,142.jpg,tile,,Construction and Demolition Waste,,,,,,,,,,,,,,,,,,,,,
CODD_TRAINING_00441,142.jpg,brick,,Construction and Demolition Waste,,,,,,,,,,,,,,,,,,,,,
CODD_TRAINING_00442,142.jpg,concrete,,Construction and Demolition Waste,,,,,,,,,,,,,,,,,,,,,
CODD_TRAINING_00443,142.jpg,tile,,Construction and Demolition Waste,,,,,,,,,,,,,,,,,,,,,
CODD_TRAINING_00444,142.jpg,brick,,Construction and Demolition Waste,,,,,,,,,,,,,,,,,,,,,
CODD_TRAINING_00445,142.jpg,concrete,,Construction and Demolition Waste,,,,,,,,,,,,,,,,,,,,,
CODD_TRAINING_00446,142.jpg,tile,,Construction and Demolition Waste,,,,,,,,,,,,,,,,,,,,,
CODD_TRAINING_00447,143.jpg,brick,,Construction and Demolition Waste,,,,,,,,,,,,,,,,,,,,,
CODD_TRAINING_00448,143.jpg,concrete,,Construction and Demolition Waste,,,,,,,,,,,,,,,,,,,,,
CODD_TRAINING_00449,143.jpg,tile,,Construction and Demolition Waste,,,,,,,,,,,,,,,,,,,,,
CODD_TRAINING_00450,143.jpg,brick,,Construction and Demolition Waste,,,,,,,,,,,,,,,,,,,,,
CODD_TRAINING_00451,143.jpg,concrete,,Construction and Demolition Waste,,,,,,,,,,,,,,,,,,,,,
CODD_TRAINING_00452,143.jpg,tile,,Construction and Demolition Waste,,,,,,,,,,,,,,,,,,,,,
CODD_TRAINING_00453,143.jpg,brick,,Construction and Demolition Waste,,,,,,,,,,,,,,,,,,,,,
CODD_TRAINING_00454,143.jpg,concrete,,Construction and Demolition Waste,,,,,,,,,,,,,,,,,,,,,
CODD_TRAINING_00455,143.jpg,tile,,Construction and Demolition Waste,,,,,,,,,,,,,,,,,,,,,
CODD_TRAINING_00456,143.jpg,brick,,Construction and Demolition Waste,,,,,,,,,,,,,,,,,,,,,
CODD_TRAINING_00457,143.jpg,concrete,,Construction and Demolition Waste,,,,,,,,,,,,,,,,,,,,,
CODD_TRAINING_00458,143.jpg,tile,,Construction and Demolition Waste,,,,,,,,,,,,,,,,,,,,,
CODD_TRAINING_00459,144.jpg,brick,,Construction and Demolition Waste,,,,,,,,,,,,,,,,,,,,,
CODD_TRAINING_00460,144.jpg,concrete,,Construction and Demolition Waste,,,,,,,,,,,,,,,,,,,,,
CODD_TRAINING_00461,144.jpg,tile,,Construction and Demolition Waste,,,,,,,,,,,,,,,,,,,,,
CODD_TRAINING_00462,144.jpg,brick,,Construction and Demolition Waste,,,,,,,,,,,,,,,,,,,,,
CODD_TRAINING_00463,144.jpg,concrete,,Construction and Demolition Waste,,,,,,,,,,,,,,,,,,,,,
CODD_TRAINING_00464,144.jpg,tile,,Construction and Demolition Waste,,,,,,,,,,,,,,,,,,,,,
CODD_TRAINING_00465,144.jpg,brick,,Construction and Demolition Waste,,,,,,,,,,,,,,,,,,,,,
CODD_TRAINING_00466,144.jpg,concrete,,Construction and Demolition Waste,,,,,,,,,,,,,,,,,,,,,
CODD_TRAINING_00467,144.jpg,tile,,Construction and Demolition Waste,,,,,,,,,,,,,,,,,,,,,
CODD_TRAINING_00468,144.jpg,brick,,Construction and Demolition Waste,,,,,,,,,,,,,,,,,,,,,
CODD_TRAINING_00469,144.jpg,concrete,,Construction and Demolition Waste,,,,,,,,,,,,,,,,,,,,,
CODD_TRAINING_00470,144.jpg,tile,,Construction and Demolition Waste,,,,,,,,,,,,,,,,,,,,,
CODD_TRAINING_00471,145.jpg,brick,,Construction and Demolition Waste,,,,,,,,,,,,,,,,,,,,,
CODD_TRAINING_00472,145.jpg,concrete,,Construction and Demolition Waste,,,,,,,,,,,,,,,,,,,,,
CODD_TRAINING_00473,145.jpg,tile,,Construction and Demolition Waste,,,,,,,,,,,,,,,,,,,,,
CODD_TRAINING_00474,145.jpg,brick,,Construction and Demolition Waste,,,,,,,,,,,,,,,,,,,,,
CODD_TRAINING_00475,145.jpg,concrete,,Construction and Demolition Waste,,,,,,,,,,,,,,,,,,,,,
CODD_TRAINING_00476,145.jpg,tile,,Construction and Demolition Waste,,,,,,,,,,,,,,,,,,,,,
CODD_TRAINING_00477,145.jpg,brick,,Construction and Demolition Waste,,,,,,,,,,,,,,,,,,,,,
CODD_TRAINING_00478,145.jpg,concrete,,Construction and Demolition Waste,,,,,,,,,,,,,,,,,,,,,
CODD_TRAINING_00479,145.jpg,tile,,Construction and Demolition Waste,,,,,,,,,,,,,,,,,,,,,
CODD_TRAINING_00480,145.jpg,brick,,Construction and Demolition Waste,,,,,,,,,,,,,,,,,,,,,
CODD_TRAINING_00481,145.jpg,concrete,,Construction and Demolition Waste,,,,,,,,,,,,,,,,,,,,,
CODD_TRAINING_00482,145.jpg,tile,,Construction and Demolition Waste,,,,,,,,,,,,,,,,,,,,,
CODD_TRAINING_00483,146.jpg,brick,,Construction and Demolition Waste,,,,,,,,,,,,,,,,,,,,,
CODD_TRAINING_00484,146.jpg,concrete,,Construction and Demolition Waste,,,,,,,,,,,,,,,,,,,,,
CODD_TRAINING_00485,146.jpg,tile,,Construction and Demolition Waste,,,,,,,,,,,,,,,,,,,,,
CODD_TRAINING_00486,146.jpg,brick,,Construction and Demolition Waste,,,,,,,,,,,,,,,,,,,,,
CODD_TRAINING_00487,146.jpg,concrete,,Construction and Demolition Waste,,,,,,,,,,,,,,,,,,,,,
CODD_TRAINING_00488,146.jpg,tile,,Construction and Demolition Waste,,,,,,,,,,,,,,,,,,,,,
CODD_TRAINING_00489,146.jpg,brick,,Construction and Demolition Waste,,,,,,,,,,,,,,,,,,,,,
CODD_TRAINING_00490,146.jpg,concrete,,Construction and Demolition Waste,,,,,,,,,,,,,,,,,,,,,
CODD_TRAINING_00491,146.jpg,tile,,Construction and Demolition Waste,,,,,,,,,,,,,,,,,,,,,
CODD_TRAINING_00492,146.jpg,brick,,Construction and Demolition Waste,,,,,,,,,,,,,,,,,,,,,
CODD_TRAINING_00493,146.jpg,concrete,,Construction and Demolition Waste,,,,,,,,,,,,,,,,,,,,,
CODD_TRAINING_00494,146.jpg,tile,,Construction and Demolition Waste,,,,,,,,,,,,,,,,,,,,,
CODD_TRAINING_00495,147.jpg,brick,,Construction and Demolition Waste,,,,,,,,,,,,,,,,,,,,,
CODD_TRAINING_00496,147.jpg,concrete,,Construction and Demolition Waste,,,,,,,,,,,,,,,,,,,,,
CODD_TRAINING_00497,147.jpg,tile,,Construction and Demolition Waste,,,,,,,,,,,,,,,,,,,,,
CODD_TRAINING_00498,147.jpg,brick,,Construction and Demolition Waste,,,,,,,,,,,,,,,,,,,,,
CODD_TRAINING_00499,147.jpg,concrete,,Construction and Demolition Waste,,,,,,,,,,,,,,,,,,,,,
CODD_TRAINING_00500,147.jpg,tile,,Construction and Demolition Waste,,,,,,,,,,,,,,,,,,,,,
CODD_TRAINING_00501,147.jpg,brick,,Construction and Demolition Waste,,,,,,,,,,,,,,,,,,,,,
CODD_TRAINING_00502,147.jpg,concrete,,Construction and Demolition Waste,,,,,,,,,,,,,,,,,,,,,
CODD_TRAINING_00503,147.jpg,tile,,Construction and Demolition Waste,,,,,,,,,,,,,,,,,,,,,
CODD_TRAINING_00504,147.jpg,brick,,Construction and Demolition Waste,,,,,,,,,,,,,,,,,,,,,
CODD_TRAINING_00505,147.jpg,concrete,,Construction and Demolition Waste,,,,,,,,,,,,,,,,,,,,,
CODD_TRAINING_00506,147.jpg,tile,,Construction and Demolition Waste,,,,,,,,,,,,,,,,,,,,,
CODD_TRAINING_00507,148.jpg,brick,,Construction and Demolition Waste,,,,,,,,,,,,,,,,,,,,,
CODD_TRAINING_00508,148.jpg,concrete,,Construction and Demolition Waste,,,,,,,,,,,,,,,,,,,,,
CODD_TRAINING_00509,148.jpg,tile,,Construction and Demolition Waste,,,,,,,,,,,,,,,,,,,,,
CODD_TRAINING_00510,148.jpg,brick,,Construction and Demolition Waste,,,,,,,,,,,,,,,,,,,,,
CODD_TRAINING_00511,148.jpg,concrete,,Construction and Demolition Waste,,,,,,,,,,,,,,,,,,,,,
CODD_TRAINING_00512,148.jpg,tile,,Construction and Demolition Waste,,,,,,,,,,,,,,,,,,,,,
CODD_TRAINING_00513,148.jpg,brick,,Construction and Demolition Waste,,,,,,,,,,,,,,,,,,,,,
CODD_TRAINING_00514,148.jpg,concrete,,Construction and Demolition Waste,,,,,,,,,,,,,,,,,,,,,
CODD_TRAINING_00515,148.jpg,tile,,Construction and Demolition Waste,,,,,,,,,,,,,,,,,,,,,
CODD_TRAINING_00516,148.jpg,brick,,Construction and Demolition Waste,,,,,,,,,,,,,,,,,,,,,
CODD_TRAINING_00517,148.jpg,concrete,,Construction and Demolition Waste,,,,,,,,,,,,,,,,,,,,,
CODD_TRAINING_00518,148.jpg,tile,,Construction and Demolition Waste,,,,,,,,,,,,,,,,,,,,,
CODD_TRAINING_00519,148.jpg,tile,,Construction and Demolition Waste,,,,,,,,,,,,,,,,,,,,,
CODD_TRAINING_00520,149.jpg,brick,,Construction and Demolition Waste,,,,,,,,,,,,,,,,,,,,,
CODD_TRAINING_00521,149.jpg,concrete,,Construction and Demolition Waste,,,,,,,,,,,,,,,,,,,,,
CODD_TRAINING_00522,149.jpg,tile,,Construction and Demolition Waste,,,,,,,,,,,,,,,,,,,,,
CODD_TRAINING_00523,149.jpg,brick,,Construction and Demolition Waste,,,,,,,,,,,,,,,,,,,,,
CODD_TRAINING_00524,149.jpg,concrete,,Construction and Demolition Waste,,,,,,,,,,,,,,,,,,,,,
CODD_TRAINING_00525,149.jpg,tile,,Construction and Demolition Waste,,,,,,,,,,,,,,,,,,,,,
CODD_TRAINING_00526,149.jpg,brick,,Construction and Demolition Waste,,,,,,,,,,,,,,,,,,,,,
CODD_TRAINING_00527,149.jpg,concrete,,Construction and Demolition Waste,,,,,,,,,,,,,,,,,,,,,
CODD_TRAINING_00528,149.jpg,tile,,Construction and Demolition Waste,,,,,,,,,,,,,,,,,,,,,
CODD_TRAINING_00529,149.jpg,brick,,Construction and Demolition Waste,,,,,,,,,,,,,,,,,,,,,
CODD_TRAINING_00530,149.jpg,concrete,,Construction and Demolition Waste,,,,,,,,,,,,,,,,,,,,,
CODD_TRAINING_00531,149.jpg,tile,,Construction and Demolition Waste,,,,,,,,,,,,,,,,,,,,,
CODD_TRAINING_00532,15.jpg,brick,,Construction and Demolition Waste,,,,,,,,,,,,,,,,,,,,,
CODD_TRAINING_00533,15.jpg,concrete,,Construction and Demolition Waste,,,,,,,,,,,,,,,,,,,,,
CODD_TRAINING_00534,15.jpg,tile,,Construction and Demolition Waste,,,,,,,,,,,,,,,,,,,,,
CODD_TRAINING_00535,15.jpg,brick,,Construction and Demolition Waste,,,,,,,,,,,,,,,,,,,,,
CODD_TRAINING_00536,15.jpg,concrete,,Construction and Demolition Waste,,,,,,,,,,,,,,,,,,,,,
CODD_TRAINING_00537,15.jpg,tile,,Construction and Demolition Waste,,,,,,,,,,,,,,,,,,,,,
CODD_TRAINING_00538,15.jpg,brick,,Construction and Demolition Waste,,,,,,,,,,,,,,,,,,,,,
CODD_TRAINING_00539,15.jpg,concrete,,Construction and Demolition Waste,,,,,,,,,,,,,,,,,,,,,
CODD_TRAINING_00540,15.jpg,tile,,Construction and Demolition Waste,,,,,,,,,,,,,,,,,,,,,
CODD_TRAINING_00541,15.jpg,brick,,Construction and Demolition Waste,,,,,,,,,,,,,,,,,,,,,
CODD_TRAINING_00542,15.jpg,concrete,,Construction and Demolition Waste,,,,,,,,,,,,,,,,,,,,,
CODD_TRAINING_00543,15.jpg,tile,,Construction and Demolition Waste,,,,,,,,,,,,,,,,,,,,,
CODD_TRAINING_00544,150.jpg,brick,,Construction and Demolition Waste,,,,,,,,,,,,,,,,,,,,,
CODD_TRAINING_00545,150.jpg,concrete,,Construction and Demolition Waste,,,,,,,,,,,,,,,,,,,,,
CODD_TRAINING_00546,150.jpg,tile,,Construction and Demolition Waste,,,,,,,,,,,,,,,,,,,,,
CODD_TRAINING_00547,150.jpg,brick,,Construction and Demolition Waste,,,,,,,,,,,,,,,,,,,,,
CODD_TRAINING_00548,150.jpg,concrete,,Construction and Demolition Waste,,,,,,,,,,,,,,,,,,,,,
CODD_TRAINING_00549,150.jpg,tile,,Construction and Demolition Waste,,,,,,,,,,,,,,,,,,,,,
CODD_TRAINING_00550,150.jpg,brick,,Construction and Demolition Waste,,,,,,,,,,,,,,,,,,,,,
CODD_TRAINING_00551,150.jpg,concrete,,Construction and Demolition Waste,,,,,,,,,,,,,,,,,,,,,
CODD_TRAINING_00552,150.jpg,tile,,Construction and Demolition Waste,,,,,,,,,,,,,,,,,,,,,
CODD_TRAINING_00553,150.jpg,brick,,Construction and Demolition Waste,,,,,,,,,,,,,,,,,,,,,
CODD_TRAINING_00554,150.jpg,concrete,,Construction and Demolition Waste,,,,,,,,,,,,,,,,,,,,,
CODD_TRAINING_00555,150.jpg,tile,,Construction and Demolition Waste,,,,,,,,,,,,,,,,,,,,,
CODD_TRAINING_00556,152.jpg,brick,,Construction and Demolition Waste,,,,,,,,,,,,,,,,,,,,,
CODD_TRAINING_00557,152.jpg,concrete,,Construction and Demolition Waste,,,,,,,,,,,,,,,,,,,,,
CODD_TRAINING_00558,152.jpg,tile,,Construction and Demolition Waste,,,,,,,,,,,,,,,,,,,,,
CODD_TRAINING_00559,152.jpg,brick,,Construction and Demolition Waste,,,,,,,,,,,,,,,,,,,,,
CODD_TRAINING_00560,152.jpg,concrete,,Construction and Demolition Waste,,,,,,,,,,,,,,,,,,,,,
CODD_TRAINING_00561,152.jpg,tile,,Construction and Demolition Waste,,,,,,,,,,,,,,,,,,,,,
CODD_TRAINING_00562,152.jpg,brick,,Construction and Demolition Waste,,,,,,,,,,,,,,,,,,,,,
CODD_TRAINING_00563,152.jpg,concrete,,Construction and Demolition Waste,,,,,,,,,,,,,,,,,,,,,
CODD_TRAINING_00564,152.jpg,tile,,Construction and Demolition Waste,,,,,,,,,,,,,,,,,,,,,
CODD_TRAINING_00565,152.jpg,brick,,Construction and Demolition Waste,,,,,,,,,,,,,,,,,,,,,
CODD_TRAINING_00566,152.jpg,concrete,,Construction and Demolition Waste,,,,,,,,,,,,,,,,,,,,,
CODD_TRAINING_00567,152.jpg,tile,,Construction and Demolition Waste,,,,,,,,,,,,,,,,,,,,,
CODD_TRAINING_00568,154.jpg,brick,,Construction and Demolition Waste,,,,,,,,,,,,,,,,,,,,,
CODD_TRAINING_00569,154.jpg,concrete,,Construction and Demolition Waste,,,,,,,,,,,,,,,,,,,,,
CODD_TRAINING_00570,154.jpg,tile,,Construction and Demolition Waste,,,,,,,,,,,,,,,,,,,,,
CODD_TRAINING_00571,154.jpg,brick,,Construction and Demolition Waste,,,,,,,,,,,,,,,,,,,,,
CODD_TRAINING_00572,154.jpg,concrete,,Construction and Demolition Waste,,,,,,,,,,,,,,,,,,,,,
CODD_TRAINING_00573,154.jpg,tile,,Construction and Demolition Waste,,,,,,,,,,,,,,,,,,,,,
CODD_TRAINING_00574,154.jpg,brick,,Construction and Demolition Waste,,,,,,,,,,,,,,,,,,,,,
CODD_TRAINING_00575,154.jpg,concrete,,Construction and Demolition Waste,,,,,,,,,,,,,,,,,,,,,
CODD_TRAINING_00576,154.jpg,tile,,Construction and Demolition Waste,,,,,,,,,,,,,,,,,,,,,
CODD_TRAINING_00577,154.jpg,brick,,Construction and Demolition Waste,,,,,,,,,,,,,,,,,,,,,
CODD_TRAINING_00578,154.jpg,concrete,,Construction and Demolition Waste,,,,,,,,,,,,,,,,,,,,,
CODD_TRAINING_00579,154.jpg,tile,,Construction and Demolition Waste,,,,,,,,,,,,,,,,,,,,,
CODD_TRAINING_00580,155.jpg,brick,,Construction and Demolition Waste,,,,,,,,,,,,,,,,,,,,,
CODD_TRAINING_00581,155.jpg,concrete,,Construction and Demolition Waste,,,,,,,,,,,,,,,,,,,,,
CODD_TRAINING_00582,155.jpg,tile,,Construction and Demolition Waste,,,,,,,,,,,,,,,,,,,,,
CODD_TRAINING_00583,155.jpg,brick,,Construction and Demolition Waste,,,,,,,,,,,,,,,,,,,,,
CODD_TRAINING_00584,155.jpg,concrete,,Construction and Demolition Waste,,,,,,,,,,,,,,,,,,,,,
CODD_TRAINING_00585,155.jpg,tile,,Construction and Demolition Waste,,,,,,,,,,,,,,,,,,,,,
CODD_TRAINING_00586,155.jpg,brick,,Construction and Demolition Waste,,,,,,,,,,,,,,,,,,,,,
CODD_TRAINING_00587,155.jpg,concrete,,Construction and Demolition Waste,,,,,,,,,,,,,,,,,,,,,
CODD_TRAINING_00588,155.jpg,tile,,Construction and Demolition Waste,,,,,,,,,,,,,,,,,,,,,
CODD_TRAINING_00589,155.jpg,concrete,,Construction and Demolition Waste,,,,,,,,,,,,,,,,,,,,,
CODD_TRAINING_00590,155.jpg,tile,,Construction and Demolition Waste,,,,,,,,,,,,,,,,,,,,,
CODD_TRAINING_00591,155.jpg,concrete,,Construction and Demolition Waste,,,,,,,,,,,,,,,,,,,,,
CODD_TRAINING_00592,156.jpg,brick,,Construction and Demolition Waste,,,,,,,,,,,,,,,,,,,,,
CODD_TRAINING_00593,156.jpg,concrete,,Construction and Demolition Waste,,,,,,,,,,,,,,,,,,,,,
CODD_TRAINING_00594,156.jpg,tile,,Construction and Demolition Waste,,,,,,,,,,,,,,,,,,,,,
CODD_TRAINING_00595,156.jpg,brick,,Construction and Demolition Waste,,,,,,,,,,,,,,,,,,,,,
CODD_TRAINING_00596,156.jpg,concrete,,Construction and Demolition Waste,,,,,,,,,,,,,,,,,,,,,
CODD_TRAINING_00597,156.jpg,tile,,Construction and Demolition Waste,,,,,,,,,,,,,,,,,,,,,
CODD_TRAINING_00598,156.jpg,brick,,Construction and Demolition Waste,,,,,,,,,,,,,,,,,,,,,
CODD_TRAINING_00599,156.jpg,concrete,,Construction and Demolition Waste,,,,,,,,,,,,,,,,,,,,,
CODD_TRAINING_00600,156.jpg,tile,,Construction and Demolition Waste,,,,,,,,,,,,,,,,,,,,,
CODD_TRAINING_00601,156.jpg,brick,,Construction and Demolition Waste,,,,,,,,,,,,,,,,,,,,,
CODD_TRAINING_00602,156.jpg,concrete,,Construction and Demolition Waste,,,,,,,,,,,,,,,,,,,,,
CODD_TRAINING_00603,156.jpg,tile,,Construction and Demolition Waste,,,,,,,,,,,,,,,,,,,,,
CODD_TRAINING_00604,158.jpg,brick,,Construction and Demolition Waste,,,,,,,,,,,,,,,,,,,,,
CODD_TRAINING_00605,158.jpg,concrete,,Construction and Demolition Waste,,,,,,,,,,,,,,,,,,,,,
CODD_TRAINING_00606,158.jpg,tile,,Construction and Demolition Waste,,,,,,,,,,,,,,,,,,,,,
CODD_TRAINING_00607,158.jpg,brick,,Construction and Demolition Waste,,,,,,,,,,,,,,,,,,,,,
CODD_TRAINING_00608,158.jpg,concrete,,Construction and Demolition Waste,,,,,,,,,,,,,,,,,,,,,
CODD_TRAINING_00609,158.jpg,tile,,Construction and Demolition Waste,,,,,,,,,,,,,,,,,,,,,
CODD_TRAINING_00610,158.jpg,brick,,Construction and Demolition Waste,,,,,,,,,,,,,,,,,,,,,
CODD_TRAINING_00611,158.jpg,concrete,,Construction and Demolition Waste,,,,,,,,,,,,,,,,,,,,,
CODD_TRAINING_00612,158.jpg,tile,,Construction and Demolition Waste,,,,,,,,,,,,,,,,,,,,,
CODD_TRAINING_00613,158.jpg,brick,,Construction and Demolition Waste,,,,,,,,,,,,,,,,,,,,,
CODD_TRAINING_00614,158.jpg,concrete,,Construction and Demolition Waste,,,,,,,,,,,,,,,,,,,,,
CODD_TRAINING_00615,158.jpg,tile,,Construction and Demolition Waste,,,,,,,,,,,,,,,,,,,,,
CODD_TRAINING_00616,159.jpg,brick,,Construction and Demolition Waste,,,,,,,,,,,,,,,,,,,,,
CODD_TRAINING_00617,159.jpg,concrete,,Construction and Demolition Waste,,,,,,,,,,,,,,,,,,,,,
CODD_TRAINING_00618,159.jpg,tile,,Construction and Demolition Waste,,,,,,,,,,,,,,,,,,,,,
CODD_TRAINING_00619,159.jpg,brick,,Construction and Demolition Waste,,,,,,,,,,,,,,,,,,,,,
CODD_TRAINING_00620,159.jpg,concrete,,Construction and Demolition Waste,,,,,,,,,,,,,,,,,,,,,
CODD_TRAINING_00621,159.jpg,tile,,Construction and Demolition Waste,,,,,,,,,,,,,,,,,,,,,
CODD_TRAINING_00622,159.jpg,brick,,Construction and Demolition Waste,,,,,,,,,,,,,,,,,,,,,
CODD_TRAINING_00623,159.jpg,concrete,,Construction and Demolition Waste,,,,,,,,,,,,,,,,,,,,,
CODD_TRAINING_00624,159.jpg,tile,,Construction and Demolition Waste,,,,,,,,,,,,,,,,,,,,,
CODD_TRAINING_00625,159.jpg,brick,,Construction and Demolition Waste,,,,,,,,,,,,,,,,,,,,,
CODD_TRAINING_00626,159.jpg,concrete,,Construction and Demolition Waste,,,,,,,,,,,,,,,,,,,,,
CODD_TRAINING_00627,159.jpg,tile,,Construction and Demolition Waste,,,,,,,,,,,,,,,,,,,,,
CODD_TRAINING_00628,16.jpg,brick,,Construction and Demolition Waste,,,,,,,,,,,,,,,,,,,,,
CODD_TRAINING_00629,16.jpg,concrete,,Construction and Demolition Waste,,,,,,,,,,,,,,,,,,,,,
CODD_TRAINING_00630,16.jpg,tile,,Construction and Demolition Waste,,,,,,,,,,,,,,,,,,,,,
CODD_TRAINING_00631,16.jpg,brick,,Construction and Demolition Waste,,,,,,,,,,,,,,,,,,,,,
CODD_TRAINING_00632,16.jpg,concrete,,Construction and Demolition Waste,,,,,,,,,,,,,,,,,,,,,
CODD_TRAINING_00633,16.jpg,tile,,Construction and Demolition Waste,,,,,,,,,,,,,,,,,,,,,
CODD_TRAINING_00634,16.jpg,brick,,Construction and Demolition Waste,,,,,,,,,,,,,,,,,,,,,
CODD_TRAINING_00635,16.jpg,concrete,,Construction and Demolition Waste,,,,,,,,,,,,,,,,,,,,,
CODD_TRAINING_00636,16.jpg,tile,,Construction and Demolition Waste,,,,,,,,,,,,,,,,,,,,,
CODD_TRAINING_00637,16.jpg,brick,,Construction and Demolition Waste,,,,,,,,,,,,,,,,,,,,,
CODD_TRAINING_00638,16.jpg,concrete,,Construction and Demolition Waste,,,,,,,,,,,,,,,,,,,,,
CODD_TRAINING_00639,16.jpg,tile,,Construction and Demolition Waste,,,,,,,,,,,,,,,,,,,,,
CODD_TRAINING_00640,160.jpg,brick,,Construction and Demolition Waste,,,,,,,,,,,,,,,,,,,,,
CODD_TRAINING_00641,160.jpg,concrete,,Construction and Demolition Waste,,,,,,,,,,,,,,,,,,,,,
CODD_TRAINING_00642,160.jpg,tile,,Construction and Demolition Waste,,,,,,,,,,,,,,,,,,,,,
CODD_TRAINING_00643,160.jpg,brick,,Construction and Demolition Waste,,,,,,,,,,,,,,,,,,,,,
CODD_TRAINING_00644,160.jpg,concrete,,Construction and Demolition Waste,,,,,,,,,,,,,,,,,,,,,
CODD_TRAINING_00645,160.jpg,tile,,Construction and Demolition Waste,,,,,,,,,,,,,,,,,,,,,
CODD_TRAINING_00646,160.jpg,brick,,Construction and Demolition Waste,,,,,,,,,,,,,,,,,,,,,
CODD_TRAINING_00647,160.jpg,concrete,,Construction and Demolition Waste,,,,,,,,,,,,,,,,,,,,,
CODD_TRAINING_00648,160.jpg,tile,,Construction and Demolition Waste,,,,,,,,,,,,,,,,,,,,,
CODD_TRAINING_00649,160.jpg,brick,,Construction and Demolition Waste,,,,,,,,,,,,,,,,,,,,,
CODD_TRAINING_00650,160.jpg,concrete,,Construction and Demolition Waste,,,,,,,,,,,,,,,,,,,,,
CODD_TRAINING_00651,160.jpg,tile,,Construction and Demolition Waste,,,,,,,,,,,,,,,,,,,,,
CODD_TRAINING_00652,161.jpg,brick,,Construction and Demolition Waste,,,,,,,,,,,,,,,,,,,,,
CODD_TRAINING_00653,161.jpg,concrete,,Construction and Demolition Waste,,,,,,,,,,,,,,,,,,,,,
CODD_TRAINING_00654,161.jpg,tile,,Construction and Demolition Waste,,,,,,,,,,,,,,,,,,,,,
CODD_TRAINING_00655,161.jpg,brick,,Construction and Demolition Waste,,,,,,,,,,,,,,,,,,,,,
CODD_TRAINING_00656,161.jpg,concrete,,Construction and Demolition Waste,,,,,,,,,,,,,,,,,,,,,
CODD_TRAINING_00657,161.jpg,tile,,Construction and Demolition Waste,,,,,,,,,,,,,,,,,,,,,
CODD_TRAINING_00658,161.jpg,brick,,Construction and Demolition Waste,,,,,,,,,,,,,,,,,,,,,
CODD_TRAINING_00659,161.jpg,concrete,,Construction and Demolition Waste,,,,,,,,,,,,,,,,,,,,,
CODD_TRAINING_00660,161.jpg,tile,,Construction and Demolition Waste,,,,,,,,,,,,,,,,,,,,,
CODD_TRAINING_00661,161.jpg,brick,,Construction and Demolition Waste,,,,,,,,,,,,,,,,,,,,,
CODD_TRAINING_00662,161.jpg,concrete,,Construction and Demolition Waste,,,,,,,,,,,,,,,,,,,,,
CODD_TRAINING_00663,161.jpg,tile,,Construction and Demolition Waste,,,,,,,,,,,,,,,,,,,,,
CODD_TRAINING_00664,162.jpg,brick,,Construction and Demolition Waste,,,,,,,,,,,,,,,,,,,,,
CODD_TRAINING_00665,162.jpg,concrete,,Construction and Demolition Waste,,,,,,,,,,,,,,,,,,,,,
CODD_TRAINING_00666,162.jpg,tile,,Construction and Demolition Waste,,,,,,,,,,,,,,,,,,,,,
CODD_TRAINING_00667,162.jpg,brick,,Construction and Demolition Waste,,,,,,,,,,,,,,,,,,,,,
CODD_TRAINING_00668,162.jpg,concrete,,Construction and Demolition Waste,,,,,,,,,,,,,,,,,,,,,
CODD_TRAINING_00669,162.jpg,tile,,Construction and Demolition Waste,,,,,,,,,,,,,,,,,,,,,
CODD_TRAINING_00670,162.jpg,brick,,Construction and Demolition Waste,,,,,,,,,,,,,,,,,,,,,
CODD_TRAINING_00671,162.jpg,concrete,,Construction and Demolition Waste,,,,,,,,,,,,,,,,,,,,,
CODD_TRAINING_00672,162.jpg,tile,,Construction and Demolition Waste,,,,,,,,,,,,,,,,,,,,,
CODD_TRAINING_00673,162.jpg,brick,,Construction and Demolition Waste,,,,,,,,,,,,,,,,,,,,,
CODD_TRAINING_00674,162.jpg,concrete,,Construction and Demolition Waste,,,,,,,,,,,,,,,,,,,,,
CODD_TRAINING_00675,162.jpg,tile,,Construction and Demolition Waste,,,,,,,,,,,,,,,,,,,,,
CODD_TRAINING_00676,163.jpg,brick,,Construction and Demolition Waste,,,,,,,,,,,,,,,,,,,,,
CODD_TRAINING_00677,163.jpg,concrete,,Construction and Demolition Waste,,,,,,,,,,,,,,,,,,,,,
CODD_TRAINING_00678,163.jpg,tile,,Construction and Demolition Waste,,,,,,,,,,,,,,,,,,,,,
CODD_TRAINING_00679,163.jpg,brick,,Construction and Demolition Waste,,,,,,,,,,,,,,,,,,,,,
CODD_TRAINING_00680,163.jpg,concrete,,Construction and Demolition Waste,,,,,,,,,,,,,,,,,,,,,
CODD_TRAINING_00681,163.jpg,tile,,Construction and Demolition Waste,,,,,,,,,,,,,,,,,,,,,
CODD_TRAINING_00682,163.jpg,brick,,Construction and Demolition Waste,,,,,,,,,,,,,,,,,,,,,
CODD_TRAINING_00683,163.jpg,concrete,,Construction and Demolition Waste,,,,,,,,,,,,,,,,,,,,,
CODD_TRAINING_00684,163.jpg,tile,,Construction and Demolition Waste,,,,,,,,,,,,,,,,,,,,,
CODD_TRAINING_00685,163.jpg,brick,,Construction and Demolition Waste,,,,,,,,,,,,,,,,,,,,,
CODD_TRAINING_00686,163.jpg,concrete,,Construction and Demolition Waste,,,,,,,,,,,,,,,,,,,,,
CODD_TRAINING_00687,163.jpg,tile,,Construction and Demolition Waste,,,,,,,,,,,,,,,,,,,,,
CODD_TRAINING_00688,166.jpg,brick,,Construction and Demolition Waste,,,,,,,,,,,,,,,,,,,,,
CODD_TRAINING_00689,166.jpg,concrete,,Construction and Demolition Waste,,,,,,,,,,,,,,,,,,,,,
CODD_TRAINING_00690,166.jpg,tile,,Construction and Demolition Waste,,,,,,,,,,,,,,,,,,,,,
CODD_TRAINING_00691,166.jpg,brick,,Construction and Demolition Waste,,,,,,,,,,,,,,,,,,,,,
CODD_TRAINING_00692,166.jpg,concrete,,Construction and Demolition Waste,,,,,,,,,,,,,,,,,,,,,
CODD_TRAINING_00693,166.jpg,tile,,Construction and Demolition Waste,,,,,,,,,,,,,,,,,,,,,
CODD_TRAINING_00694,166.jpg,brick,,Construction and Demolition Waste,,,,,,,,,,,,,,,,,,,,,
CODD_TRAINING_00695,166.jpg,concrete,,Construction and Demolition Waste,,,,,,,,,,,,,,,,,,,,,
CODD_TRAINING_00696,166.jpg,tile,,Construction and Demolition Waste,,,,,,,,,,,,,,,,,,,,,
CODD_TRAINING_00697,166.jpg,brick,,Construction and Demolition Waste,,,,,,,,,,,,,,,,,,,,,
CODD_TRAINING_00698,166.jpg,concrete,,Construction and Demolition Waste,,,,,,,,,,,,,,,,,,,,,
CODD_TRAINING_00699,166.jpg,tile,,Construction and Demolition Waste,,,,,,,,,,,,,,,,,,,,,
CODD_TRAINING_00700,167.jpg,brick,,Construction and Demolition Waste,,,,,,,,,,,,,,,,,,,,,
CODD_TRAINING_00701,167.jpg,concrete,,Construction and Demolition Waste,,,,,,,,,,,,,,,,,,,,,
CODD_TRAINING_00702,167.jpg,tile,,Construction and Demolition Waste,,,,,,,,,,,,,,,,,,,,,
CODD_TRAINING_00703,167.jpg,brick,,Construction and Demolition Waste,,,,,,,,,,,,,,,,,,,,,
CODD_TRAINING_00704,167.jpg,concrete,,Construction and Demolition Waste,,,,,,,,,,,,,,,,,,,,,
CODD_TRAINING_00705,167.jpg,tile,,Construction and Demolition Waste,,,,,,,,,,,,,,,,,,,,,
CODD_TRAINING_00706,167.jpg,brick,,Construction and Demolition Waste,,,,,,,,,,,,,,,,,,,,,
CODD_TRAINING_00707,167.jpg,concrete,,Construction and Demolition Waste,,,,,,,,,,,,,,,,,,,,,
CODD_TRAINING_00708,167.jpg,tile,,Construction and Demolition Waste,,,,,,,,,,,,,,,,,,,,,
CODD_TRAINING_00709,167.jpg,brick,,Construction and Demolition Waste,,,,,,,,,,,,,,,,,,,,,
CODD_TRAINING_00710,167.jpg,concrete,,Construction and Demolition Waste,,,,,,,,,,,,,,,,,,,,,
CODD_TRAINING_00711,167.jpg,tile,,Construction and Demolition Waste,,,,,,,,,,,,,,,,,,,,,
CODD_TRAINING_00712,168.jpg,brick,,Construction and Demolition Waste,,,,,,,,,,,,,,,,,,,,,
CODD_TRAINING_00713,168.jpg,concrete,,Construction and Demolition Waste,,,,,,,,,,,,,,,,,,,,,
CODD_TRAINING_00714,168.jpg,tile,,Construction and Demolition Waste,,,,,,,,,,,,,,,,,,,,,
CODD_TRAINING_00715,168.jpg,brick,,Construction and Demolition Waste,,,,,,,,,,,,,,,,,,,,,
CODD_TRAINING_00716,168.jpg,concrete,,Construction and Demolition Waste,,,,,,,,,,,,,,,,,,,,,
CODD_TRAINING_00717,168.jpg,tile,,Construction and Demolition Waste,,,,,,,,,,,,,,,,,,,,,
CODD_TRAINING_00718,168.jpg,brick,,Construction and Demolition Waste,,,,,,,,,,,,,,,,,,,,,
CODD_TRAINING_00719,168.jpg,concrete,,Construction and Demolition Waste,,,,,,,,,,,,,,,,,,,,,
CODD_TRAINING_00720,168.jpg,tile,,Construction and Demolition Waste,,,,,,,,,,,,,,,,,,,,,
CODD_TRAINING_00721,168.jpg,brick,,Construction and Demolition Waste,,,,,,,,,,,,,,,,,,,,,
CODD_TRAINING_00722,168.jpg,concrete,,Construction and Demolition Waste,,,,,,,,,,,,,,,,,,,,,
CODD_TRAINING_00723,168.jpg,tile,,Construction and Demolition Waste,,,,,,,,,,,,,,,,,,,,,
CODD_TRAINING_00724,169.jpg,brick,,Construction and Demolition Waste,,,,,,,,,,,,,,,,,,,,,
CODD_TRAINING_00725,169.jpg,concrete,,Construction and Demolition Waste,,,,,,,,,,,,,,,,,,,,,
CODD_TRAINING_00726,169.jpg,tile,,Construction and Demolition Waste,,,,,,,,,,,,,,,,,,,,,
CODD_TRAINING_00727,169.jpg,brick,,Construction and Demolition Waste,,,,,,,,,,,,,,,,,,,,,
CODD_TRAINING_00728,169.jpg,concrete,,Construction and Demolition Waste,,,,,,,,,,,,,,,,,,,,,
CODD_TRAINING_00729,169.jpg,tile,,Construction and Demolition Waste,,,,,,,,,,,,,,,,,,,,,
CODD_TRAINING_00730,169.jpg,brick,,Construction and Demolition Waste,,,,,,,,,,,,,,,,,,,,,
CODD_TRAINING_00731,169.jpg,concrete,,Construction and Demolition Waste,,,,,,,,,,,,,,,,,,,,,
CODD_TRAINING_00732,169.jpg,tile,,Construction and Demolition Waste,,,,,,,,,,,,,,,,,,,,,
CODD_TRAINING_00733,169.jpg,brick,,Construction and Demolition Waste,,,,,,,,,,,,,,,,,,,,,
CODD_TRAINING_00734,169.jpg,concrete,,Construction and Demolition Waste,,,,,,,,,,,,,,,,,,,,,
CODD_TRAINING_00735,169.jpg,tile,,Construction and Demolition Waste,,,,,,,,,,,,,,,,,,,,,
CODD_TRAINING_00736,17.jpg,brick,,Construction and Demolition Waste,,,,,,,,,,,,,,,,,,,,,
CODD_TRAINING_00737,17.jpg,concrete,,Construction and Demolition Waste,,,,,,,,,,,,,,,,,,,,,
CODD_TRAINING_00738,17.jpg,tile,,Construction and Demolition Waste,,,,,,,,,,,,,,,,,,,,,
CODD_TRAINING_00739,17.jpg,brick,,Construction and Demolition Waste,,,,,,,,,,,,,,,,,,,,,
CODD_TRAINING_00740,17.jpg,concrete,,Construction and Demolition Waste,,,,,,,,,,,,,,,,,,,,,
CODD_TRAINING_00741,17.jpg,tile,,Construction and Demolition Waste,,,,,,,,,,,,,,,,,,,,,
CODD_TRAINING_00742,17.jpg,brick,,Construction and Demolition Waste,,,,,,,,,,,,,,,,,,,,,
CODD_TRAINING_00743,17.jpg,concrete,,Construction and Demolition Waste,,,,,,,,,,,,,,,,,,,,,
CODD_TRAINING_00744,17.jpg,tile,,Construction and Demolition Waste,,,,,,,,,,,,,,,,,,,,,
CODD_TRAINING_00745,17.jpg,brick,,Construction and Demolition Waste,,,,,,,,,,,,,,,,,,,,,
CODD_TRAINING_00746,17.jpg,concrete,,Construction and Demolition Waste,,,,,,,,,,,,,,,,,,,,,
CODD_TRAINING_00747,17.jpg,tile,,Construction and Demolition Waste,,,,,,,,,,,,,,,,,,,,,
CODD_TRAINING_00748,170.jpg,brick,,Construction and Demolition Waste,,,,,,,,,,,,,,,,,,,,,
CODD_TRAINING_00749,170.jpg,concrete,,Construction and Demolition Waste,,,,,,,,,,,,,,,,,,,,,
CODD_TRAINING_00750,170.jpg,tile,,Construction and Demolition Waste,,,,,,,,,,,,,,,,,,,,,
CODD_TRAINING_00751,170.jpg,brick,,Construction and Demolition Waste,,,,,,,,,,,,,,,,,,,,,
CODD_TRAINING_00752,170.jpg,concrete,,Construction and Demolition Waste,,,,,,,,,,,,,,,,,,,,,
CODD_TRAINING_00753,170.jpg,tile,,Construction and Demolition Waste,,,,,,,,,,,,,,,,,,,,,
CODD_TRAINING_00754,170.jpg,brick,,Construction and Demolition Waste,,,,,,,,,,,,,,,,,,,,,
CODD_TRAINING_00755,170.jpg,tile,,Construction and Demolition Waste,,,,,,,,,,,,,,,,,,,,,
CODD_TRAINING_00756,170.jpg,brick,,Construction and Demolition Waste,,,,,,,,,,,,,,,,,,,,,
CODD_TRAINING_00757,170.jpg,concrete,,Construction and Demolition Waste,,,,,,,,,,,,,,,,,,,,,
CODD_TRAINING_00758,170.jpg,tile,,Construction and Demolition Waste,,,,,,,,,,,,,,,,,,,,,
CODD_TRAINING_00759,170.jpg,concrete,,Construction and Demolition Waste,,,,,,,,,,,,,,,,,,,,,
CODD_TRAINING_00760,171.jpg,brick,,Construction and Demolition Waste,,,,,,,,,,,,,,,,,,,,,
CODD_TRAINING_00761,171.jpg,concrete,,Construction and Demolition Waste,,,,,,,,,,,,,,,,,,,,,
CODD_TRAINING_00762,171.jpg,tile,,Construction and Demolition Waste,,,,,,,,,,,,,,,,,,,,,
CODD_TRAINING_00763,171.jpg,brick,,Construction and Demolition Waste,,,,,,,,,,,,,,,,,,,,,
CODD_TRAINING_00764,171.jpg,concrete,,Construction and Demolition Waste,,,,,,,,,,,,,,,,,,,,,
CODD_TRAINING_00765,171.jpg,tile,,Construction and Demolition Waste,,,,,,,,,,,,,,,,,,,,,
CODD_TRAINING_00766,171.jpg,brick,,Construction and Demolition Waste,,,,,,,,,,,,,,,,,,,,,
CODD_TRAINING_00767,171.jpg,concrete,,Construction and Demolition Waste,,,,,,,,,,,,,,,,,,,,,
CODD_TRAINING_00768,171.jpg,tile,,Construction and Demolition Waste,,,,,,,,,,,,,,,,,,,,,
CODD_TRAINING_00769,171.jpg,brick,,Construction and Demolition Waste,,,,,,,,,,,,,,,,,,,,,
CODD_TRAINING_00770,171.jpg,concrete,,Construction and Demolition Waste,,,,,,,,,,,,,,,,,,,,,
CODD_TRAINING_00771,171.jpg,tile,,Construction and Demolition Waste,,,,,,,,,,,,,,,,,,,,,
CODD_TRAINING_00772,172.jpg,brick,,Construction and Demolition Waste,,,,,,,,,,,,,,,,,,,,,
CODD_TRAINING_00773,172.jpg,concrete,,Construction and Demolition Waste,,,,,,,,,,,,,,,,,,,,,
CODD_TRAINING_00774,172.jpg,tile,,Construction and Demolition Waste,,,,,,,,,,,,,,,,,,,,,
CODD_TRAINING_00775,172.jpg,brick,,Construction and Demolition Waste,,,,,,,,,,,,,,,,,,,,,
CODD_TRAINING_00776,172.jpg,concrete,,Construction and Demolition Waste,,,,,,,,,,,,,,,,,,,,,
CODD_TRAINING_00777,172.jpg,tile,,Construction and Demolition Waste,,,,,,,,,,,,,,,,,,,,,
CODD_TRAINING_00778,172.jpg,brick,,Construction and Demolition Waste,,,,,,,,,,,,,,,,,,,,,
CODD_TRAINING_00779,172.jpg,concrete,,Construction and Demolition Waste,,,,,,,,,,,,,,,,,,,,,
CODD_TRAINING_00780,172.jpg,tile,,Construction and Demolition Waste,,,,,,,,,,,,,,,,,,,,,
CODD_TRAINING_00781,172.jpg,brick,,Construction and Demolition Waste,,,,,,,,,,,,,,,,,,,,,
CODD_TRAINING_00782,172.jpg,concrete,,Construction and Demolition Waste,,,,,,,,,,,,,,,,,,,,,
CODD_TRAINING_00783,172.jpg,tile,,Construction and Demolition Waste,,,,,,,,,,,,,,,,,,,,,
CODD_TRAINING_00784,173.jpg,brick,,Construction and Demolition Waste,,,,,,,,,,,,,,,,,,,,,
CODD_TRAINING_00785,173.jpg,concrete,,Construction and Demolition Waste,,,,,,,,,,,,,,,,,,,,,
CODD_TRAINING_00786,173.jpg,tile,,Construction and Demolition Waste,,,,,,,,,,,,,,,,,,,,,
CODD_TRAINING_00787,173.jpg,brick,,Construction and Demolition Waste,,,,,,,,,,,,,,,,,,,,,
CODD_TRAINING_00788,173.jpg,concrete,,Construction and Demolition Waste,,,,,,,,,,,,,,,,,,,,,
CODD_TRAINING_00789,173.jpg,tile,,Construction and Demolition Waste,,,,,,,,,,,,,,,,,,,,,
CODD_TRAINING_00790,173.jpg,brick,,Construction and Demolition Waste,,,,,,,,,,,,,,,,,,,,,
CODD_TRAINING_00791,173.jpg,concrete,,Construction and Demolition Waste,,,,,,,,,,,,,,,,,,,,,
CODD_TRAINING_00792,173.jpg,tile,,Construction and Demolition Waste,,,,,,,,,,,,,,,,,,,,,
CODD_TRAINING_00793,173.jpg,brick,,Construction and Demolition Waste,,,,,,,,,,,,,,,,,,,,,
CODD_TRAINING_00794,173.jpg,concrete,,Construction and Demolition Waste,,,,,,,,,,,,,,,,,,,,,
CODD_TRAINING_00795,173.jpg,tile,,Construction and Demolition Waste,,,,,,,,,,,,,,,,,,,,,
CODD_TRAINING_00796,175.jpg,brick,,Construction and Demolition Waste,,,,,,,,,,,,,,,,,,,,,
CODD_TRAINING_00797,175.jpg,concrete,,Construction and Demolition Waste,,,,,,,,,,,,,,,,,,,,,
CODD_TRAINING_00798,175.jpg,tile,,Construction and Demolition Waste,,,,,,,,,,,,,,,,,,,,,
CODD_TRAINING_00799,175.jpg,brick,,Construction and Demolition Waste,,,,,,,,,,,,,,,,,,,,,
CODD_TRAINING_00800,175.jpg,concrete,,Construction and Demolition Waste,,,,,,,,,,,,,,,,,,,,,
CODD_TRAINING_00801,175.jpg,tile,,Construction and Demolition Waste,,,,,,,,,,,,,,,,,,,,,
CODD_TRAINING_00802,175.jpg,brick,,Construction and Demolition Waste,,,,,,,,,,,,,,,,,,,,,
CODD_TRAINING_00803,175.jpg,concrete,,Construction and Demolition Waste,,,,,,,,,,,,,,,,,,,,,
CODD_TRAINING_00804,175.jpg,tile,,Construction and Demolition Waste,,,,,,,,,,,,,,,,,,,,,
CODD_TRAINING_00805,175.jpg,brick,,Construction and Demolition Waste,,,,,,,,,,,,,,,,,,,,,
CODD_TRAINING_00806,175.jpg,concrete,,Construction and Demolition Waste,,,,,,,,,,,,,,,,,,,,,
CODD_TRAINING_00807,175.jpg,tile,,Construction and Demolition Waste,,,,,,,,,,,,,,,,,,,,,
CODD_TRAINING_00808,176.jpg,brick,,Construction and Demolition Waste,,,,,,,,,,,,,,,,,,,,,
CODD_TRAINING_00809,176.jpg,concrete,,Construction and Demolition Waste,,,,,,,,,,,,,,,,,,,,,
CODD_TRAINING_00810,176.jpg,tile,,Construction and Demolition Waste,,,,,,,,,,,,,,,,,,,,,
CODD_TRAINING_00811,176.jpg,brick,,Construction and Demolition Waste,,,,,,,,,,,,,,,,,,,,,
CODD_TRAINING_00812,176.jpg,concrete,,Construction and Demolition Waste,,,,,,,,,,,,,,,,,,,,,
CODD_TRAINING_00813,176.jpg,tile,,Construction and Demolition Waste,,,,,,,,,,,,,,,,,,,,,
CODD_TRAINING_00814,176.jpg,brick,,Construction and Demolition Waste,,,,,,,,,,,,,,,,,,,,,
CODD_TRAINING_00815,176.jpg,concrete,,Construction and Demolition Waste,,,,,,,,,,,,,,,,,,,,,
CODD_TRAINING_00816,176.jpg,tile,,Construction and Demolition Waste,,,,,,,,,,,,,,,,,,,,,
CODD_TRAINING_00817,176.jpg,brick,,Construction and Demolition Waste,,,,,,,,,,,,,,,,,,,,,
CODD_TRAINING_00818,176.jpg,concrete,,Construction and Demolition Waste,,,,,,,,,,,,,,,,,,,,,
CODD_TRAINING_00819,176.jpg,tile,,Construction and Demolition Waste,,,,,,,,,,,,,,,,,,,,,
CODD_TRAINING_00820,177.jpg,brick,,Construction and Demolition Waste,,,,,,,,,,,,,,,,,,,,,
CODD_TRAINING_00821,177.jpg,concrete,,Construction and Demolition Waste,,,,,,,,,,,,,,,,,,,,,
CODD_TRAINING_00822,177.jpg,tile,,Construction and Demolition Waste,,,,,,,,,,,,,,,,,,,,,
CODD_TRAINING_00823,177.jpg,brick,,Construction and Demolition Waste,,,,,,,,,,,,,,,,,,,,,
CODD_TRAINING_00824,177.jpg,concrete,,Construction and Demolition Waste,,,,,,,,,,,,,,,,,,,,,
CODD_TRAINING_00825,177.jpg,tile,,Construction and Demolition Waste,,,,,,,,,,,,,,,,,,,,,
CODD_TRAINING_00826,177.jpg,brick,,Construction and Demolition Waste,,,,,,,,,,,,,,,,,,,,,
CODD_TRAINING_00827,177.jpg,concrete,,Construction and Demolition Waste,,,,,,,,,,,,,,,,,,,,,
CODD_TRAINING_00828,177.jpg,tile,,Construction and Demolition Waste,,,,,,,,,,,,,,,,,,,,,
CODD_TRAINING_00829,177.jpg,brick,,Construction and Demolition Waste,,,,,,,,,,,,,,,,,,,,,
CODD_TRAINING_00830,177.jpg,concrete,,Construction and Demolition Waste,,,,,,,,,,,,,,,,,,,,,
CODD_TRAINING_00831,177.jpg,tile,,Construction and Demolition Waste,,,,,,,,,,,,,,,,,,,,,
CODD_TRAINING_00832,178.jpg,brick,,Construction and Demolition Waste,,,,,,,,,,,,,,,,,,,,,
CODD_TRAINING_00833,178.jpg,concrete,,Construction and Demolition Waste,,,,,,,,,,,,,,,,,,,,,
CODD_TRAINING_00834,178.jpg,tile,,Construction and Demolition Waste,,,,,,,,,,,,,,,,,,,,,
CODD_TRAINING_00835,178.jpg,brick,,Construction and Demolition Waste,,,,,,,,,,,,,,,,,,,,,
CODD_TRAINING_00836,178.jpg,concrete,,Construction and Demolition Waste,,,,,,,,,,,,,,,,,,,,,
CODD_TRAINING_00837,178.jpg,tile,,Construction and Demolition Waste,,,,,,,,,,,,,,,,,,,,,
CODD_TRAINING_00838,178.jpg,brick,,Construction and Demolition Waste,,,,,,,,,,,,,,,,,,,,,
CODD_TRAINING_00839,178.jpg,concrete,,Construction and Demolition Waste,,,,,,,,,,,,,,,,,,,,,
CODD_TRAINING_00840,178.jpg,tile,,Construction and Demolition Waste,,,,,,,,,,,,,,,,,,,,,
CODD_TRAINING_00841,178.jpg,brick,,Construction and Demolition Waste,,,,,,,,,,,,,,,,,,,,,
CODD_TRAINING_00842,178.jpg,concrete,,Construction and Demolition Waste,,,,,,,,,,,,,,,,,,,,,
CODD_TRAINING_00843,178.jpg,tile,,Construction and Demolition Waste,,,,,,,,,,,,,,,,,,,,,
CODD_TRAINING_00844,179.jpg,brick,,Construction and Demolition Waste,,,,,,,,,,,,,,,,,,,,,
CODD_TRAINING_00845,179.jpg,concrete,,Construction and Demolition Waste,,,,,,,,,,,,,,,,,,,,,
CODD_TRAINING_00846,179.jpg,tile,,Construction and Demolition Waste,,,,,,,,,,,,,,,,,,,,,
CODD_TRAINING_00847,179.jpg,brick,,Construction and Demolition Waste,,,,,,,,,,,,,,,,,,,,,
CODD_TRAINING_00848,179.jpg,concrete,,Construction and Demolition Waste,,,,,,,,,,,,,,,,,,,,,
CODD_TRAINING_00849,179.jpg,tile,,Construction and Demolition Waste,,,,,,,,,,,,,,,,,,,,,
CODD_TRAINING_00850,179.jpg,brick,,Construction and Demolition Waste,,,,,,,,,,,,,,,,,,,,,
CODD_TRAINING_00851,179.jpg,concrete,,Construction and Demolition Waste,,,,,,,,,,,,,,,,,,,,,
CODD_TRAINING_00852,179.jpg,tile,,Construction and Demolition Waste,,,,,,,,,,,,,,,,,,,,,
CODD_TRAINING_00853,179.jpg,brick,,Construction and Demolition Waste,,,,,,,,,,,,,,,,,,,,,
CODD_TRAINING_00854,179.jpg,concrete,,Construction and Demolition Waste,,,,,,,,,,,,,,,,,,,,,
CODD_TRAINING_00855,179.jpg,tile,,Construction and Demolition Waste,,,,,,,,,,,,,,,,,,,,,
CODD_TRAINING_00856,179.jpg,brick,,Construction and Demolition Waste,,,,,,,,,,,,,,,,,,,,,
CODD_TRAINING_00857,18.jpg,brick,,Construction and Demolition Waste,,,,,,,,,,,,,,,,,,,,,
CODD_TRAINING_00858,18.jpg,concrete,,Construction and Demolition Waste,,,,,,,,,,,,,,,,,,,,,
CODD_TRAINING_00859,18.jpg,tile,,Construction and Demolition Waste,,,,,,,,,,,,,,,,,,,,,
CODD_TRAINING_00860,18.jpg,brick,,Construction and Demolition Waste,,,,,,,,,,,,,,,,,,,,,
CODD_TRAINING_00861,18.jpg,concrete,,Construction and Demolition Waste,,,,,,,,,,,,,,,,,,,,,
CODD_TRAINING_00862,18.jpg,tile,,Construction and Demolition Waste,,,,,,,,,,,,,,,,,,,,,
CODD_TRAINING_00863,18.jpg,brick,,Construction and Demolition Waste,,,,,,,,,,,,,,,,,,,,,
CODD_TRAINING_00864,18.jpg,concrete,,Construction and Demolition Waste,,,,,,,,,,,,,,,,,,,,,
CODD_TRAINING_00865,18.jpg,tile,,Construction and Demolition Waste,,,,,,,,,,,,,,,,,,,,,
CODD_TRAINING_00866,18.jpg,concrete,,Construction and Demolition Waste,,,,,,,,,,,,,,,,,,,,,
CODD_TRAINING_00867,18.jpg,tile,,Construction and Demolition Waste,,,,,,,,,,,,,,,,,,,,,
CODD_TRAINING_00868,18.jpg,tile,,Construction and Demolition Waste,,,,,,,,,,,,,,,,,,,,,
CODD_TRAINING_00869,180.jpg,brick,,Construction and Demolition Waste,,,,,,,,,,,,,,,,,,,,,
CODD_TRAINING_00870,180.jpg,concrete,,Construction and Demolition Waste,,,,,,,,,,,,,,,,,,,,,
CODD_TRAINING_00871,180.jpg,tile,,Construction and Demolition Waste,,,,,,,,,,,,,,,,,,,,,
CODD_TRAINING_00872,180.jpg,brick,,Construction and Demolition Waste,,,,,,,,,,,,,,,,,,,,,
CODD_TRAINING_00873,180.jpg,concrete,,Construction and Demolition Waste,,,,,,,,,,,,,,,,,,,,,
CODD_TRAINING_00874,180.jpg,tile,,Construction and Demolition Waste,,,,,,,,,,,,,,,,,,,,,
CODD_TRAINING_00875,180.jpg,brick,,Construction and Demolition Waste,,,,,,,,,,,,,,,,,,,,,
CODD_TRAINING_00876,180.jpg,concrete,,Construction and Demolition Waste,,,,,,,,,,,,,,,,,,,,,
CODD_TRAINING_00877,180.jpg,tile,,Construction and Demolition Waste,,,,,,,,,,,,,,,,,,,,,
CODD_TRAINING_00878,180.jpg,brick,,Construction and Demolition Waste,,,,,,,,,,,,,,,,,,,,,
CODD_TRAINING_00879,180.jpg,concrete,,Construction and Demolition Waste,,,,,,,,,,,,,,,,,,,,,
CODD_TRAINING_00880,180.jpg,tile,,Construction and Demolition Waste,,,,,,,,,,,,,,,,,,,,,
CODD_TRAINING_00881,182.jpg,brick,,Construction and Demolition Waste,,,,,,,,,,,,,,,,,,,,,
CODD_TRAINING_00882,182.jpg,concrete,,Construction and Demolition Waste,,,,,,,,,,,,,,,,,,,,,
CODD_TRAINING_00883,182.jpg,tile,,Construction and Demolition Waste,,,,,,,,,,,,,,,,,,,,,
CODD_TRAINING_00884,182.jpg,brick,,Construction and Demolition Waste,,,,,,,,,,,,,,,,,,,,,
CODD_TRAINING_00885,182.jpg,concrete,,Construction and Demolition Waste,,,,,,,,,,,,,,,,,,,,,
CODD_TRAINING_00886,182.jpg,tile,,Construction and Demolition Waste,,,,,,,,,,,,,,,,,,,,,
CODD_TRAINING_00887,182.jpg,brick,,Construction and Demolition Waste,,,,,,,,,,,,,,,,,,,,,
CODD_TRAINING_00888,182.jpg,concrete,,Construction and Demolition Waste,,,,,,,,,,,,,,,,,,,,,
CODD_TRAINING_00889,182.jpg,tile,,Construction and Demolition Waste,,,,,,,,,,,,,,,,,,,,,
CODD_TRAINING_00890,182.jpg,brick,,Construction and Demolition Waste,,,,,,,,,,,,,,,,,,,,,
CODD_TRAINING_00891,182.jpg,concrete,,Construction and Demolition Waste,,,,,,,,,,,,,,,,,,,,,
CODD_TRAINING_00892,182.jpg,tile,,Construction and Demolition Waste,,,,,,,,,,,,,,,,,,,,,
CODD_TRAINING_00893,183.jpg,brick,,Construction and Demolition Waste,,,,,,,,,,,,,,,,,,,,,
CODD_TRAINING_00894,183.jpg,concrete,,Construction and Demolition Waste,,,,,,,,,,,,,,,,,,,,,
CODD_TRAINING_00895,183.jpg,tile,,Construction and Demolition Waste,,,,,,,,,,,,,,,,,,,,,
CODD_TRAINING_00896,183.jpg,brick,,Construction and Demolition Waste,,,,,,,,,,,,,,,,,,,,,
CODD_TRAINING_00897,183.jpg,concrete,,Construction and Demolition Waste,,,,,,,,,,,,,,,,,,,,,
CODD_TRAINING_00898,183.jpg,tile,,Construction and Demolition Waste,,,,,,,,,,,,,,,,,,,,,
CODD_TRAINING_00899,183.jpg,brick,,Construction and Demolition Waste,,,,,,,,,,,,,,,,,,,,,
CODD_TRAINING_00900,183.jpg,concrete,,Construction and Demolition Waste,,,,,,,,,,,,,,,,,,,,,
CODD_TRAINING_00901,183.jpg,tile,,Construction and Demolition Waste,,,,,,,,,,,,,,,,,,,,,
CODD_TRAINING_00902,183.jpg,brick,,Construction and Demolition Waste,,,,,,,,,,,,,,,,,,,,,
CODD_TRAINING_00903,183.jpg,concrete,,Construction and Demolition Waste,,,,,,,,,,,,,,,,,,,,,
CODD_TRAINING_00904,183.jpg,tile,,Construction and Demolition Waste,,,,,,,,,,,,,,,,,,,,,
CODD_TRAINING_00905,184.jpg,brick,,Construction and Demolition Waste,,,,,,,,,,,,,,,,,,,,,
CODD_TRAINING_00906,184.jpg,concrete,,Construction and Demolition Waste,,,,,,,,,,,,,,,,,,,,,
CODD_TRAINING_00907,184.jpg,tile,,Construction and Demolition Waste,,,,,,,,,,,,,,,,,,,,,
CODD_TRAINING_00908,184.jpg,brick,,Construction and Demolition Waste,,,,,,,,,,,,,,,,,,,,,
CODD_TRAINING_00909,184.jpg,concrete,,Construction and Demolition Waste,,,,,,,,,,,,,,,,,,,,,
CODD_TRAINING_00910,184.jpg,tile,,Construction and Demolition Waste,,,,,,,,,,,,,,,,,,,,,
CODD_TRAINING_00911,184.jpg,brick,,Construction and Demolition Waste,,,,,,,,,,,,,,,,,,,,,
CODD_TRAINING_00912,184.jpg,concrete,,Construction and Demolition Waste,,,,,,,,,,,,,,,,,,,,,
CODD_TRAINING_00913,184.jpg,tile,,Construction and Demolition Waste,,,,,,,,,,,,,,,,,,,,,
CODD_TRAINING_00914,184.jpg,brick,,Construction and Demolition Waste,,,,,,,,,,,,,,,,,,,,,
CODD_TRAINING_00915,184.jpg,concrete,,Construction and Demolition Waste,,,,,,,,,,,,,,,,,,,,,
CODD_TRAINING_00916,184.jpg,tile,,Construction and Demolition Waste,,,,,,,,,,,,,,,,,,,,,
CODD_TRAINING_00917,185.jpg,brick,,Construction and Demolition Waste,,,,,,,,,,,,,,,,,,,,,
CODD_TRAINING_00918,185.jpg,concrete,,Construction and Demolition Waste,,,,,,,,,,,,,,,,,,,,,
CODD_TRAINING_00919,185.jpg,tile,,Construction and Demolition Waste,,,,,,,,,,,,,,,,,,,,,
CODD_TRAINING_00920,185.jpg,brick,,Construction and Demolition Waste,,,,,,,,,,,,,,,,,,,,,
CODD_TRAINING_00921,185.jpg,concrete,,Construction and Demolition Waste,,,,,,,,,,,,,,,,,,,,,
CODD_TRAINING_00922,185.jpg,tile,,Construction and Demolition Waste,,,,,,,,,,,,,,,,,,,,,
CODD_TRAINING_00923,185.jpg,brick,,Construction and Demolition Waste,,,,,,,,,,,,,,,,,,,,,
CODD_TRAINING_00924,185.jpg,concrete,,Construction and Demolition Waste,,,,,,,,,,,,,,,,,,,,,
CODD_TRAINING_00925,185.jpg,tile,,Construction and Demolition Waste,,,,,,,,,,,,,,,,,,,,,
CODD_TRAINING_00926,185.jpg,brick,,Construction and Demolition Waste,,,,,,,,,,,,,,,,,,,,,
CODD_TRAINING_00927,185.jpg,concrete,,Construction and Demolition Waste,,,,,,,,,,,,,,,,,,,,,
CODD_TRAINING_00928,185.jpg,tile,,Construction and Demolition Waste,,,,,,,,,,,,,,,,,,,,,
CODD_TRAINING_00929,187.jpg,brick,,Construction and Demolition Waste,,,,,,,,,,,,,,,,,,,,,
CODD_TRAINING_00930,187.jpg,concrete,,Construction and Demolition Waste,,,,,,,,,,,,,,,,,,,,,
CODD_TRAINING_00931,187.jpg,tile,,Construction and Demolition Waste,,,,,,,,,,,,,,,,,,,,,
CODD_TRAINING_00932,187.jpg,brick,,Construction and Demolition Waste,,,,,,,,,,,,,,,,,,,,,
CODD_TRAINING_00933,187.jpg,concrete,,Construction and Demolition Waste,,,,,,,,,,,,,,,,,,,,,
CODD_TRAINING_00934,187.jpg,tile,,Construction and Demolition Waste,,,,,,,,,,,,,,,,,,,,,
CODD_TRAINING_00935,187.jpg,brick,,Construction and Demolition Waste,,,,,,,,,,,,,,,,,,,,,
CODD_TRAINING_00936,187.jpg,concrete,,Construction and Demolition Waste,,,,,,,,,,,,,,,,,,,,,
CODD_TRAINING_00937,187.jpg,tile,,Construction and Demolition Waste,,,,,,,,,,,,,,,,,,,,,
CODD_TRAINING_00938,187.jpg,brick,,Construction and Demolition Waste,,,,,,,,,,,,,,,,,,,,,
CODD_TRAINING_00939,187.jpg,concrete,,Construction and Demolition Waste,,,,,,,,,,,,,,,,,,,,,
CODD_TRAINING_00940,187.jpg,tile,,Construction and Demolition Waste,,,,,,,,,,,,,,,,,,,,,
CODD_TRAINING_00941,188.jpg,brick,,Construction and Demolition Waste,,,,,,,,,,,,,,,,,,,,,
CODD_TRAINING_00942,188.jpg,concrete,,Construction and Demolition Waste,,,,,,,,,,,,,,,,,,,,,
CODD_TRAINING_00943,188.jpg,tile,,Construction and Demolition Waste,,,,,,,,,,,,,,,,,,,,,
CODD_TRAINING_00944,188.jpg,brick,,Construction and Demolition Waste,,,,,,,,,,,,,,,,,,,,,
CODD_TRAINING_00945,188.jpg,concrete,,Construction and Demolition Waste,,,,,,,,,,,,,,,,,,,,,
CODD_TRAINING_00946,188.jpg,tile,,Construction and Demolition Waste,,,,,,,,,,,,,,,,,,,,,
CODD_TRAINING_00947,188.jpg,brick,,Construction and Demolition Waste,,,,,,,,,,,,,,,,,,,,,
CODD_TRAINING_00948,188.jpg,concrete,,Construction and Demolition Waste,,,,,,,,,,,,,,,,,,,,,
CODD_TRAINING_00949,188.jpg,tile,,Construction and Demolition Waste,,,,,,,,,,,,,,,,,,,,,
CODD_TRAINING_00950,188.jpg,brick,,Construction and Demolition Waste,,,,,,,,,,,,,,,,,,,,,
CODD_TRAINING_00951,188.jpg,concrete,,Construction and Demolition Waste,,,,,,,,,,,,,,,,,,,,,
CODD_TRAINING_00952,188.jpg,tile,,Construction and Demolition Waste,,,,,,,,,,,,,,,,,,,,,
CODD_TRAINING_00953,19.jpg,brick,,Construction and Demolition Waste,,,,,,,,,,,,,,,,,,,,,
CODD_TRAINING_00954,19.jpg,concrete,,Construction and Demolition Waste,,,,,,,,,,,,,,,,,,,,,
CODD_TRAINING_00955,19.jpg,tile,,Construction and Demolition Waste,,,,,,,,,,,,,,,,,,,,,
CODD_TRAINING_00956,19.jpg,brick,,Construction and Demolition Waste,,,,,,,,,,,,,,,,,,,,,
CODD_TRAINING_00957,19.jpg,concrete,,Construction and Demolition Waste,,,,,,,,,,,,,,,,,,,,,
CODD_TRAINING_00958,19.jpg,tile,,Construction and Demolition Waste,,,,,,,,,,,,,,,,,,,,,
CODD_TRAINING_00959,19.jpg,brick,,Construction and Demolition Waste,,,,,,,,,,,,,,,,,,,,,
CODD_TRAINING_00960,19.jpg,concrete,,Construction and Demolition Waste,,,,,,,,,,,,,,,,,,,,,
CODD_TRAINING_00961,19.jpg,tile,,Construction and Demolition Waste,,,,,,,,,,,,,,,,,,,,,
CODD_TRAINING_00962,19.jpg,brick,,Construction and Demolition Waste,,,,,,,,,,,,,,,,,,,,,
CODD_TRAINING_00963,19.jpg,concrete,,Construction and Demolition Waste,,,,,,,,,,,,,,,,,,,,,
CODD_TRAINING_00964,191.jpg,brick,,Construction and Demolition Waste,,,,,,,,,,,,,,,,,,,,,
CODD_TRAINING_00965,191.jpg,concrete,,Construction and Demolition Waste,,,,,,,,,,,,,,,,,,,,,
CODD_TRAINING_00966,191.jpg,tile,,Construction and Demolition Waste,,,,,,,,,,,,,,,,,,,,,
CODD_TRAINING_00967,191.jpg,brick,,Construction and Demolition Waste,,,,,,,,,,,,,,,,,,,,,
CODD_TRAINING_00968,191.jpg,concrete,,Construction and Demolition Waste,,,,,,,,,,,,,,,,,,,,,
CODD_TRAINING_00969,191.jpg,tile,,Construction and Demolition Waste,,,,,,,,,,,,,,,,,,,,,
CODD_TRAINING_00970,191.jpg,brick,,Construction and Demolition Waste,,,,,,,,,,,,,,,,,,,,,
CODD_TRAINING_00971,191.jpg,concrete,,Construction and Demolition Waste,,,,,,,,,,,,,,,,,,,,,
CODD_TRAINING_00972,191.jpg,tile,,Construction and Demolition Waste,,,,,,,,,,,,,,,,,,,,,
CODD_TRAINING_00973,191.jpg,brick,,Construction and Demolition Waste,,,,,,,,,,,,,,,,,,,,,
CODD_TRAINING_00974,191.jpg,concrete,,Construction and Demolition Waste,,,,,,,,,,,,,,,,,,,,,
CODD_TRAINING_00975,191.jpg,tile,,Construction and Demolition Waste,,,,,,,,,,,,,,,,,,,,,
CODD_TRAINING_00976,192.jpg,brick,,Construction and Demolition Waste,,,,,,,,,,,,,,,,,,,,,
CODD_TRAINING_00977,192.jpg,concrete,,Construction and Demolition Waste,,,,,,,,,,,,,,,,,,,,,
CODD_TRAINING_00978,192.jpg,tile,,Construction and Demolition Waste,,,,,,,,,,,,,,,,,,,,,
CODD_TRAINING_00979,192.jpg,brick,,Construction and Demolition Waste,,,,,,,,,,,,,,,,,,,,,
CODD_TRAINING_00980,192.jpg,concrete,,Construction and Demolition Waste,,,,,,,,,,,,,,,,,,,,,
CODD_TRAINING_00981,192.jpg,tile,,Construction and Demolition Waste,,,,,,,,,,,,,,,,,,,,,
CODD_TRAINING_00982,192.jpg,brick,,Construction and Demolition Waste,,,,,,,,,,,,,,,,,,,,,
CODD_TRAINING_00983,192.jpg,concrete,,Construction and Demolition Waste,,,,,,,,,,,,,,,,,,,,,
CODD_TRAINING_00984,192.jpg,tile,,Construction and Demolition Waste,,,,,,,,,,,,,,,,,,,,,
CODD_TRAINING_00985,192.jpg,brick,,Construction and Demolition Waste,,,,,,,,,,,,,,,,,,,,,
CODD_TRAINING_00986,192.jpg,concrete,,Construction and Demolition Waste,,,,,,,,,,,,,,,,,,,,,
CODD_TRAINING_00987,192.jpg,tile,,Construction and Demolition Waste,,,,,,,,,,,,,,,,,,,,,
CODD_TRAINING_00988,194.jpg,brick,,Construction and Demolition Waste,,,,,,,,,,,,,,,,,,,,,
CODD_TRAINING_00989,194.jpg,concrete,,Construction and Demolition Waste,,,,,,,,,,,,,,,,,,,,,
CODD_TRAINING_00990,194.jpg,tile,,Construction and Demolition Waste,,,,,,,,,,,,,,,,,,,,,
CODD_TRAINING_00991,194.jpg,brick,,Construction and Demolition Waste,,,,,,,,,,,,,,,,,,,,,
CODD_TRAINING_00992,194.jpg,concrete,,Construction and Demolition Waste,,,,,,,,,,,,,,,,,,,,,
CODD_TRAINING_00993,194.jpg,tile,,Construction and Demolition Waste,,,,,,,,,,,,,,,,,,,,,
CODD_TRAINING_00994,194.jpg,brick,,Construction and Demolition Waste,,,,,,,,,,,,,,,,,,,,,
CODD_TRAINING_00995,194.jpg,concrete,,Construction and Demolition Waste,,,,,,,,,,,,,,,,,,,,,
CODD_TRAINING_00996,194.jpg,tile,,Construction and Demolition Waste,,,,,,,,,,,,,,,,,,,,,
CODD_TRAINING_00997,194.jpg,brick,,Construction and Demolition Waste,,,,,,,,,,,,,,,,,,,,,
CODD_TRAINING_00998,194.jpg,concrete,,Construction and Demolition Waste,,,,,,,,,,,,,,,,,,,,,
CODD_TRAINING_00999,194.jpg,tile,,Construction and Demolition Waste,,,,,,,,,,,,,,,,,,,,,
CODD_TRAINING_01000,199.jpg,brick,,Construction and Demolition Waste,,,,,,,,,,,,,,,,,,,,,
CODD_TRAINING_01001,199.jpg,concrete,,Construction and Demolition Waste,,,,,,,,,,,,,,,,,,,,,
CODD_TRAINING_01002,199.jpg,tile,,Construction and Demolition Waste,,,,,,,,,,,,,,,,,,,,,
CODD_TRAINING_01003,199.jpg,brick,,Construction and Demolition Waste,,,,,,,,,,,,,,,,,,,,,
CODD_TRAINING_01004,199.jpg,concrete,,Construction and Demolition Waste,,,,,,,,,,,,,,,,,,,,,
CODD_TRAINING_01005,199.jpg,tile,,Construction and Demolition Waste,,,,,,,,,,,,,,,,,,,,,
CODD_TRAINING_01006,199.jpg,brick,,Construction and Demolition Waste,,,,,,,,,,,,,,,,,,,,,
CODD_TRAINING_01007,199.jpg,concrete,,Construction and Demolition Waste,,,,,,,,,,,,,,,,,,,,,
CODD_TRAINING_01008,199.jpg,tile,,Construction and Demolition Waste,,,,,,,,,,,,,,,,,,,,,
CODD_TRAINING_01009,199.jpg,brick,,Construction and Demolition Waste,,,,,,,,,,,,,,,,,,,,,
CODD_TRAINING_01010,199.jpg,concrete,,Construction and Demolition Waste,,,,,,,,,,,,,,,,,,,,,
CODD_TRAINING_01011,199.jpg,tile,,Construction and Demolition Waste,,,,,,,,,,,,,,,,,,,,,
CODD_TRAINING_01012,2.jpg,brick,,Construction and Demolition Waste,,,,,,,,,,,,,,,,,,,,,
CODD_TRAINING_01013,2.jpg,concrete,,Construction and Demolition Waste,,,,,,,,,,,,,,,,,,,,,
CODD_TRAINING_01014,2.jpg,tile,,Construction and Demolition Waste,,,,,,,,,,,,,,,,,,,,,
CODD_TRAINING_01015,2.jpg,brick,,Construction and Demolition Waste,,,,,,,,,,,,,,,,,,,,,
CODD_TRAINING_01016,2.jpg,concrete,,Construction and Demolition Waste,,,,,,,,,,,,,,,,,,,,,
CODD_TRAINING_01017,2.jpg,tile,,Construction and Demolition Waste,,,,,,,,,,,,,,,,,,,,,
CODD_TRAINING_01018,2.jpg,brick,,Construction and Demolition Waste,,,,,,,,,,,,,,,,,,,,,
CODD_TRAINING_01019,2.jpg,concrete,,Construction and Demolition Waste,,,,,,,,,,,,,,,,,,,,,
CODD_TRAINING_01020,2.jpg,tile,,Construction and Demolition Waste,,,,,,,,,,,,,,,,,,,,,
CODD_TRAINING_01021,2.jpg,brick,,Construction and Demolition Waste,,,,,,,,,,,,,,,,,,,,,
CODD_TRAINING_01022,2.jpg,concrete,,Construction and Demolition Waste,,,,,,,,,,,,,,,,,,,,,
CODD_TRAINING_01023,20.jpg,brick,,Construction and Demolition Waste,,,,,,,,,,,,,,,,,,,,,
CODD_TRAINING_01024,20.jpg,concrete,,Construction and Demolition Waste,,,,,,,,,,,,,,,,,,,,,
CODD_TRAINING_01025,20.jpg,tile,,Construction and Demolition Waste,,,,,,,,,,,,,,,,,,,,,
CODD_TRAINING_01026,20.jpg,brick,,Construction and Demolition Waste,,,,,,,,,,,,,,,,,,,,,
CODD_TRAINING_01027,20.jpg,concrete,,Construction and Demolition Waste,,,,,,,,,,,,,,,,,,,,,
CODD_TRAINING_01028,20.jpg,tile,,Construction and Demolition Waste,,,,,,,,,,,,,,,,,,,,,
CODD_TRAINING_01029,20.jpg,brick,,Construction and Demolition Waste,,,,,,,,,,,,,,,,,,,,,
CODD_TRAINING_01030,20.jpg,concrete,,Construction and Demolition Waste,,,,,,,,,,,,,,,,,,,,,
CODD_TRAINING_01031,20.jpg,tile,,Construction and Demolition Waste,,,,,,,,,,,,,,,,,,,,,
CODD_TRAINING_01032,20.jpg,brick,,Construction and Demolition Waste,,,,,,,,,,,,,,,,,,,,,
CODD_TRAINING_01033,20.jpg,concrete,,Construction and Demolition Waste,,,,,,,,,,,,,,,,,,,,,
CODD_TRAINING_01034,20.jpg,tile,,Construction and Demolition Waste,,,,,,,,,,,,,,,,,,,,,
CODD_TRAINING_01035,20.jpg,tile,,Construction and Demolition Waste,,,,,,,,,,,,,,,,,,,,,
CODD_TRAINING_01036,201.jpg,brick,,Construction and Demolition Waste,,,,,,,,,,,,,,,,,,,,,
CODD_TRAINING_01037,201.jpg,concrete,,Construction and Demolition Waste,,,,,,,,,,,,,,,,,,,,,
CODD_TRAINING_01038,201.jpg,tile,,Construction and Demolition Waste,,,,,,,,,,,,,,,,,,,,,
CODD_TRAINING_01039,201.jpg,brick,,Construction and Demolition Waste,,,,,,,,,,,,,,,,,,,,,
CODD_TRAINING_01040,201.jpg,concrete,,Construction and Demolition Waste,,,,,,,,,,,,,,,,,,,,,
CODD_TRAINING_01041,201.jpg,tile,,Construction and Demolition Waste,,,,,,,,,,,,,,,,,,,,,
CODD_TRAINING_01042,201.jpg,brick,,Construction and Demolition Waste,,,,,,,,,,,,,,,,,,,,,
CODD_TRAINING_01043,201.jpg,concrete,,Construction and Demolition Waste,,,,,,,,,,,,,,,,,,,,,
CODD_TRAINING_01044,201.jpg,tile,,Construction and Demolition Waste,,,,,,,,,,,,,,,,,,,,,
CODD_TRAINING_01045,201.jpg,brick,,Construction and Demolition Waste,,,,,,,,,,,,,,,,,,,,,
CODD_TRAINING_01046,201.jpg,concrete,,Construction and Demolition Waste,,,,,,,,,,,,,,,,,,,,,
CODD_TRAINING_01047,201.jpg,tile,,Construction and Demolition Waste,,,,,,,,,,,,,,,,,,,,,
CODD_TRAINING_01048,202.jpg,brick,,Construction and Demolition Waste,,,,,,,,,,,,,,,,,,,,,
CODD_TRAINING_01049,202.jpg,concrete,,Construction and Demolition Waste,,,,,,,,,,,,,,,,,,,,,
CODD_TRAINING_01050,202.jpg,tile,,Construction and Demolition Waste,,,,,,,,,,,,,,,,,,,,,
CODD_TRAINING_01051,202.jpg,brick,,Construction and Demolition Waste,,,,,,,,,,,,,,,,,,,,,
CODD_TRAINING_01052,202.jpg,concrete,,Construction and Demolition Waste,,,,,,,,,,,,,,,,,,,,,
CODD_TRAINING_01053,202.jpg,tile,,Construction and Demolition Waste,,,,,,,,,,,,,,,,,,,,,
CODD_TRAINING_01054,202.jpg,brick,,Construction and Demolition Waste,,,,,,,,,,,,,,,,,,,,,
CODD_TRAINING_01055,202.jpg,concrete,,Construction and Demolition Waste,,,,,,,,,,,,,,,,,,,,,
CODD_TRAINING_01056,202.jpg,tile,,Construction and Demolition Waste,,,,,,,,,,,,,,,,,,,,,
CODD_TRAINING_01057,202.jpg,brick,,Construction and Demolition Waste,,,,,,,,,,,,,,,,,,,,,
CODD_TRAINING_01058,202.jpg,concrete,,Construction and Demolition Waste,,,,,,,,,,,,,,,,,,,,,
CODD_TRAINING_01059,202.jpg,tile,,Construction and Demolition Waste,,,,,,,,,,,,,,,,,,,,,
CODD_TRAINING_01060,203.jpg,brick,,Construction and Demolition Waste,,,,,,,,,,,,,,,,,,,,,
CODD_TRAINING_01061,203.jpg,concrete,,Construction and Demolition Waste,,,,,,,,,,,,,,,,,,,,,
CODD_TRAINING_01062,203.jpg,tile,,Construction and Demolition Waste,,,,,,,,,,,,,,,,,,,,,
CODD_TRAINING_01063,203.jpg,brick,,Construction and Demolition Waste,,,,,,,,,,,,,,,,,,,,,
CODD_TRAINING_01064,203.jpg,concrete,,Construction and Demolition Waste,,,,,,,,,,,,,,,,,,,,,
CODD_TRAINING_01065,203.jpg,tile,,Construction and Demolition Waste,,,,,,,,,,,,,,,,,,,,,
CODD_TRAINING_01066,203.jpg,brick,,Construction and Demolition Waste,,,,,,,,,,,,,,,,,,,,,
CODD_TRAINING_01067,203.jpg,concrete,,Construction and Demolition Waste,,,,,,,,,,,,,,,,,,,,,
CODD_TRAINING_01068,203.jpg,tile,,Construction and Demolition Waste,,,,,,,,,,,,,,,,,,,,,
CODD_TRAINING_01069,203.jpg,brick,,Construction and Demolition Waste,,,,,,,,,,,,,,,,,,,,,
CODD_TRAINING_01070,203.jpg,concrete,,Construction and Demolition Waste,,,,,,,,,,,,,,,,,,,,,
CODD_TRAINING_01071,203.jpg,tile,,Construction and Demolition Waste,,,,,,,,,,,,,,,,,,,,,
CODD_TRAINING_01072,205.jpg,brick,,Construction and Demolition Waste,,,,,,,,,,,,,,,,,,,,,
CODD_TRAINING_01073,205.jpg,concrete,,Construction and Demolition Waste,,,,,,,,,,,,,,,,,,,,,
CODD_TRAINING_01074,205.jpg,tile,,Construction and Demolition Waste,,,,,,,,,,,,,,,,,,,,,
CODD_TRAINING_01075,205.jpg,brick,,Construction and Demolition Waste,,,,,,,,,,,,,,,,,,,,,
CODD_TRAINING_01076,205.jpg,concrete,,Construction and Demolition Waste,,,,,,,,,,,,,,,,,,,,,
CODD_TRAINING_01077,205.jpg,tile,,Construction and Demolition Waste,,,,,,,,,,,,,,,,,,,,,
CODD_TRAINING_01078,205.jpg,brick,,Construction and Demolition Waste,,,,,,,,,,,,,,,,,,,,,
CODD_TRAINING_01079,205.jpg,concrete,,Construction and Demolition Waste,,,,,,,,,,,,,,,,,,,,,
CODD_TRAINING_01080,205.jpg,tile,,Construction and Demolition Waste,,,,,,,,,,,,,,,,,,,,,
CODD_TRAINING_01081,205.jpg,brick,,Construction and Demolition Waste,,,,,,,,,,,,,,,,,,,,,
CODD_TRAINING_01082,205.jpg,concrete,,Construction and Demolition Waste,,,,,,,,,,,,,,,,,,,,,
CODD_TRAINING_01083,205.jpg,tile,,Construction and Demolition Waste,,,,,,,,,,,,,,,,,,,,,
CODD_TRAINING_01084,206.jpg,brick,,Construction and Demolition Waste,,,,,,,,,,,,,,,,,,,,,
CODD_TRAINING_01085,206.jpg,concrete,,Construction and Demolition Waste,,,,,,,,,,,,,,,,,,,,,
CODD_TRAINING_01086,206.jpg,tile,,Construction and Demolition Waste,,,,,,,,,,,,,,,,,,,,,
CODD_TRAINING_01087,206.jpg,brick,,Construction and Demolition Waste,,,,,,,,,,,,,,,,,,,,,
CODD_TRAINING_01088,206.jpg,concrete,,Construction and Demolition Waste,,,,,,,,,,,,,,,,,,,,,
CODD_TRAINING_01089,206.jpg,tile,,Construction and Demolition Waste,,,,,,,,,,,,,,,,,,,,,
CODD_TRAINING_01090,206.jpg,brick,,Construction and Demolition Waste,,,,,,,,,,,,,,,,,,,,,
CODD_TRAINING_01091,206.jpg,concrete,,Construction and Demolition Waste,,,,,,,,,,,,,,,,,,,,,
CODD_TRAINING_01092,206.jpg,tile,,Construction and Demolition Waste,,,,,,,,,,,,,,,,,,,,,
CODD_TRAINING_01093,206.jpg,brick,,Construction and Demolition Waste,,,,,,,,,,,,,,,,,,,,,
CODD_TRAINING_01094,206.jpg,concrete,,Construction and Demolition Waste,,,,,,,,,,,,,,,,,,,,,
CODD_TRAINING_01095,206.jpg,tile,,Construction and Demolition Waste,,,,,,,,,,,,,,,,,,,,,
CODD_TRAINING_01096,207.jpg,brick,,Construction and Demolition Waste,,,,,,,,,,,,,,,,,,,,,
CODD_TRAINING_01097,207.jpg,concrete,,Construction and Demolition Waste,,,,,,,,,,,,,,,,,,,,,
CODD_TRAINING_01098,207.jpg,tile,,Construction and Demolition Waste,,,,,,,,,,,,,,,,,,,,,
CODD_TRAINING_01099,207.jpg,brick,,Construction and Demolition Waste,,,,,,,,,,,,,,,,,,,,,
CODD_TRAINING_01100,207.jpg,concrete,,Construction and Demolition Waste,,,,,,,,,,,,,,,,,,,,,
CODD_TRAINING_01101,207.jpg,tile,,Construction and Demolition Waste,,,,,,,,,,,,,,,,,,,,,
CODD_TRAINING_01102,207.jpg,brick,,Construction and Demolition Waste,,,,,,,,,,,,,,,,,,,,,
CODD_TRAINING_01103,207.jpg,concrete,,Construction and Demolition Waste,,,,,,,,,,,,,,,,,,,,,
CODD_TRAINING_01104,207.jpg,tile,,Construction and Demolition Waste,,,,,,,,,,,,,,,,,,,,,
CODD_TRAINING_01105,207.jpg,brick,,Construction and Demolition Waste,,,,,,,,,,,,,,,,,,,,,
CODD_TRAINING_01106,207.jpg,concrete,,Construction and Demolition Waste,,,,,,,,,,,,,,,,,,,,,
CODD_TRAINING_01107,207.jpg,tile,,Construction and Demolition Waste,,,,,,,,,,,,,,,,,,,,,
CODD_TRAINING_01108,208.jpg,brick,,Construction and Demolition Waste,,,,,,,,,,,,,,,,,,,,,
CODD_TRAINING_01109,208.jpg,concrete,,Construction and Demolition Waste,,,,,,,,,,,,,,,,,,,,,
CODD_TRAINING_01110,208.jpg,tile,,Construction and Demolition Waste,,,,,,,,,,,,,,,,,,,,,
CODD_TRAINING_01111,208.jpg,brick,,Construction and Demolition Waste,,,,,,,,,,,,,,,,,,,,,
CODD_TRAINING_01112,208.jpg,concrete,,Construction and Demolition Waste,,,,,,,,,,,,,,,,,,,,,
CODD_TRAINING_01113,208.jpg,tile,,Construction and Demolition Waste,,,,,,,,,,,,,,,,,,,,,
CODD_TRAINING_01114,208.jpg,brick,,Construction and Demolition Waste,,,,,,,,,,,,,,,,,,,,,
CODD_TRAINING_01115,208.jpg,concrete,,Construction and Demolition Waste,,,,,,,,,,,,,,,,,,,,,
CODD_TRAINING_01116,208.jpg,tile,,Construction and Demolition Waste,,,,,,,,,,,,,,,,,,,,,
CODD_TRAINING_01117,208.jpg,brick,,Construction and Demolition Waste,,,,,,,,,,,,,,,,,,,,,
CODD_TRAINING_01118,208.jpg,concrete,,Construction and Demolition Waste,,,,,,,,,,,,,,,,,,,,,
CODD_TRAINING_01119,208.jpg,tile,,Construction and Demolition Waste,,,,,,,,,,,,,,,,,,,,,
CODD_TRAINING_01120,209.jpg,brick,,Construction and Demolition Waste,,,,,,,,,,,,,,,,,,,,,
CODD_TRAINING_01121,209.jpg,concrete,,Construction and Demolition Waste,,,,,,,,,,,,,,,,,,,,,
CODD_TRAINING_01122,209.jpg,tile,,Construction and Demolition Waste,,,,,,,,,,,,,,,,,,,,,
CODD_TRAINING_01123,209.jpg,brick,,Construction and Demolition Waste,,,,,,,,,,,,,,,,,,,,,
CODD_TRAINING_01124,209.jpg,concrete,,Construction and Demolition Waste,,,,,,,,,,,,,,,,,,,,,
CODD_TRAINING_01125,209.jpg,tile,,Construction and Demolition Waste,,,,,,,,,,,,,,,,,,,,,
CODD_TRAINING_01126,209.jpg,brick,,Construction and Demolition Waste,,,,,,,,,,,,,,,,,,,,,
CODD_TRAINING_01127,209.jpg,concrete,,Construction and Demolition Waste,,,,,,,,,,,,,,,,,,,,,
CODD_TRAINING_01128,209.jpg,tile,,Construction and Demolition Waste,,,,,,,,,,,,,,,,,,,,,
CODD_TRAINING_01129,209.jpg,brick,,Construction and Demolition Waste,,,,,,,,,,,,,,,,,,,,,
CODD_TRAINING_01130,209.jpg,concrete,,Construction and Demolition Waste,,,,,,,,,,,,,,,,,,,,,
CODD_TRAINING_01131,209.jpg,tile,,Construction and Demolition Waste,,,,,,,,,,,,,,,,,,,,,
CODD_TRAINING_01132,21.jpg,brick,,Construction and Demolition Waste,,,,,,,,,,,,,,,,,,,,,
CODD_TRAINING_01133,21.jpg,concrete,,Construction and Demolition Waste,,,,,,,,,,,,,,,,,,,,,
CODD_TRAINING_01134,21.jpg,tile,,Construction and Demolition Waste,,,,,,,,,,,,,,,,,,,,,
CODD_TRAINING_01135,21.jpg,brick,,Construction and Demolition Waste,,,,,,,,,,,,,,,,,,,,,
CODD_TRAINING_01136,21.jpg,concrete,,Construction and Demolition Waste,,,,,,,,,,,,,,,,,,,,,
CODD_TRAINING_01137,21.jpg,tile,,Construction and Demolition Waste,,,,,,,,,,,,,,,,,,,,,
CODD_TRAINING_01138,21.jpg,brick,,Construction and Demolition Waste,,,,,,,,,,,,,,,,,,,,,
CODD_TRAINING_01139,21.jpg,concrete,,Construction and Demolition Waste,,,,,,,,,,,,,,,,,,,,,
CODD_TRAINING_01140,21.jpg,tile,,Construction and Demolition Waste,,,,,,,,,,,,,,,,,,,,,
CODD_TRAINING_01141,21.jpg,brick,,Construction and Demolition Waste,,,,,,,,,,,,,,,,,,,,,
CODD_TRAINING_01142,21.jpg,concrete,,Construction and Demolition Waste,,,,,,,,,,,,,,,,,,,,,
CODD_TRAINING_01143,21.jpg,tile,,Construction and Demolition Waste,,,,,,,,,,,,,,,,,,,,,
CODD_TRAINING_01144,210.jpg,brick,,Construction and Demolition Waste,,,,,,,,,,,,,,,,,,,,,
CODD_TRAINING_01145,210.jpg,concrete,,Construction and Demolition Waste,,,,,,,,,,,,,,,,,,,,,
CODD_TRAINING_01146,210.jpg,tile,,Construction and Demolition Waste,,,,,,,,,,,,,,,,,,,,,
CODD_TRAINING_01147,210.jpg,brick,,Construction and Demolition Waste,,,,,,,,,,,,,,,,,,,,,
CODD_TRAINING_01148,210.jpg,concrete,,Construction and Demolition Waste,,,,,,,,,,,,,,,,,,,,,
CODD_TRAINING_01149,210.jpg,tile,,Construction and Demolition Waste,,,,,,,,,,,,,,,,,,,,,
CODD_TRAINING_01150,210.jpg,brick,,Construction and Demolition Waste,,,,,,,,,,,,,,,,,,,,,
CODD_TRAINING_01151,210.jpg,concrete,,Construction and Demolition Waste,,,,,,,,,,,,,,,,,,,,,
CODD_TRAINING_01152,210.jpg,tile,,Construction and Demolition Waste,,,,,,,,,,,,,,,,,,,,,
CODD_TRAINING_01153,210.jpg,brick,,Construction and Demolition Waste,,,,,,,,,,,,,,,,,,,,,
CODD_TRAINING_01154,210.jpg,concrete,,Construction and Demolition Waste,,,,,,,,,,,,,,,,,,,,,
CODD_TRAINING_01155,210.jpg,tile,,Construction and Demolition Waste,,,,,,,,,,,,,,,,,,,,,
CODD_TRAINING_01156,211.jpg,brick,,Construction and Demolition Waste,,,,,,,,,,,,,,,,,,,,,
CODD_TRAINING_01157,211.jpg,concrete,,Construction and Demolition Waste,,,,,,,,,,,,,,,,,,,,,
CODD_TRAINING_01158,211.jpg,tile,,Construction and Demolition Waste,,,,,,,,,,,,,,,,,,,,,
CODD_TRAINING_01159,211.jpg,brick,,Construction and Demolition Waste,,,,,,,,,,,,,,,,,,,,,
CODD_TRAINING_01160,211.jpg,concrete,,Construction and Demolition Waste,,,,,,,,,,,,,,,,,,,,,
CODD_TRAINING_01161,211.jpg,tile,,Construction and Demolition Waste,,,,,,,,,,,,,,,,,,,,,
CODD_TRAINING_01162,211.jpg,brick,,Construction and Demolition Waste,,,,,,,,,,,,,,,,,,,,,
CODD_TRAINING_01163,211.jpg,concrete,,Construction and Demolition Waste,,,,,,,,,,,,,,,,,,,,,
CODD_TRAINING_01164,211.jpg,tile,,Construction and Demolition Waste,,,,,,,,,,,,,,,,,,,,,
CODD_TRAINING_01165,211.jpg,brick,,Construction and Demolition Waste,,,,,,,,,,,,,,,,,,,,,
CODD_TRAINING_01166,211.jpg,concrete,,Construction and Demolition Waste,,,,,,,,,,,,,,,,,,,,,
CODD_TRAINING_01167,211.jpg,tile,,Construction and Demolition Waste,,,,,,,,,,,,,,,,,,,,,
CODD_TRAINING_01168,212.jpg,brick,,Construction and Demolition Waste,,,,,,,,,,,,,,,,,,,,,
CODD_TRAINING_01169,212.jpg,concrete,,Construction and Demolition Waste,,,,,,,,,,,,,,,,,,,,,
CODD_TRAINING_01170,212.jpg,tile,,Construction and Demolition Waste,,,,,,,,,,,,,,,,,,,,,
CODD_TRAINING_01171,212.jpg,brick,,Construction and Demolition Waste,,,,,,,,,,,,,,,,,,,,,
CODD_TRAINING_01172,212.jpg,concrete,,Construction and Demolition Waste,,,,,,,,,,,,,,,,,,,,,
CODD_TRAINING_01173,212.jpg,tile,,Construction and Demolition Waste,,,,,,,,,,,,,,,,,,,,,
CODD_TRAINING_01174,212.jpg,brick,,Construction and Demolition Waste,,,,,,,,,,,,,,,,,,,,,
CODD_TRAINING_01175,212.jpg,concrete,,Construction and Demolition Waste,,,,,,,,,,,,,,,,,,,,,
CODD_TRAINING_01176,212.jpg,tile,,Construction and Demolition Waste,,,,,,,,,,,,,,,,,,,,,
CODD_TRAINING_01177,212.jpg,brick,,Construction and Demolition Waste,,,,,,,,,,,,,,,,,,,,,
CODD_TRAINING_01178,212.jpg,concrete,,Construction and Demolition Waste,,,,,,,,,,,,,,,,,,,,,
CODD_TRAINING_01179,212.jpg,tile,,Construction and Demolition Waste,,,,,,,,,,,,,,,,,,,,,
CODD_TRAINING_01180,213.jpg,brick,,Construction and Demolition Waste,,,,,,,,,,,,,,,,,,,,,
CODD_TRAINING_01181,213.jpg,concrete,,Construction and Demolition Waste,,,,,,,,,,,,,,,,,,,,,
CODD_TRAINING_01182,213.jpg,tile,,Construction and Demolition Waste,,,,,,,,,,,,,,,,,,,,,
CODD_TRAINING_01183,213.jpg,brick,,Construction and Demolition Waste,,,,,,,,,,,,,,,,,,,,,
CODD_TRAINING_01184,213.jpg,concrete,,Construction and Demolition Waste,,,,,,,,,,,,,,,,,,,,,
CODD_TRAINING_01185,213.jpg,tile,,Construction and Demolition Waste,,,,,,,,,,,,,,,,,,,,,
CODD_TRAINING_01186,213.jpg,brick,,Construction and Demolition Waste,,,,,,,,,,,,,,,,,,,,,
CODD_TRAINING_01187,213.jpg,concrete,,Construction and Demolition Waste,,,,,,,,,,,,,,,,,,,,,
CODD_TRAINING_01188,213.jpg,tile,,Construction and Demolition Waste,,,,,,,,,,,,,,,,,,,,,
CODD_TRAINING_01189,213.jpg,brick,,Construction and Demolition Waste,,,,,,,,,,,,,,,,,,,,,
CODD_TRAINING_01190,213.jpg,concrete,,Construction and Demolition Waste,,,,,,,,,,,,,,,,,,,,,
CODD_TRAINING_01191,213.jpg,tile,,Construction and Demolition Waste,,,,,,,,,,,,,,,,,,,,,
CODD_TRAINING_01192,214.jpg,brick,,Construction and Demolition Waste,,,,,,,,,,,,,,,,,,,,,
CODD_TRAINING_01193,214.jpg,concrete,,Construction and Demolition Waste,,,,,,,,,,,,,,,,,,,,,
CODD_TRAINING_01194,214.jpg,tile,,Construction and Demolition Waste,,,,,,,,,,,,,,,,,,,,,
CODD_TRAINING_01195,214.jpg,brick,,Construction and Demolition Waste,,,,,,,,,,,,,,,,,,,,,
CODD_TRAINING_01196,214.jpg,concrete,,Construction and Demolition Waste,,,,,,,,,,,,,,,,,,,,,
CODD_TRAINING_01197,214.jpg,tile,,Construction and Demolition Waste,,,,,,,,,,,,,,,,,,,,,
CODD_TRAINING_01198,214.jpg,brick,,Construction and Demolition Waste,,,,,,,,,,,,,,,,,,,,,
CODD_TRAINING_01199,214.jpg,concrete,,Construction and Demolition Waste,,,,,,,,,,,,,,,,,,,,,
CODD_TRAINING_01200,214.jpg,tile,,Construction and Demolition Waste,,,,,,,,,,,,,,,,,,,,,
CODD_TRAINING_01201,214.jpg,brick,,Construction and Demolition Waste,,,,,,,,,,,,,,,,,,,,,
CODD_TRAINING_01202,214.jpg,concrete,,Construction and Demolition Waste,,,,,,,,,,,,,,,,,,,,,
CODD_TRAINING_01203,214.jpg,tile,,Construction and Demolition Waste,,,,,,,,,,,,,,,,,,,,,
CODD_TRAINING_01204,216.jpg,brick,,Construction and Demolition Waste,,,,,,,,,,,,,,,,,,,,,
CODD_TRAINING_01205,216.jpg,concrete,,Construction and Demolition Waste,,,,,,,,,,,,,,,,,,,,,
CODD_TRAINING_01206,216.jpg,tile,,Construction and Demolition Waste,,,,,,,,,,,,,,,,,,,,,
CODD_TRAINING_01207,216.jpg,brick,,Construction and Demolition Waste,,,,,,,,,,,,,,,,,,,,,
CODD_TRAINING_01208,216.jpg,concrete,,Construction and Demolition Waste,,,,,,,,,,,,,,,,,,,,,
CODD_TRAINING_01209,216.jpg,tile,,Construction and Demolition Waste,,,,,,,,,,,,,,,,,,,,,
CODD_TRAINING_01210,216.jpg,brick,,Construction and Demolition Waste,,,,,,,,,,,,,,,,,,,,,
CODD_TRAINING_01211,216.jpg,concrete,,Construction and Demolition Waste,,,,,,,,,,,,,,,,,,,,,
CODD_TRAINING_01212,216.jpg,tile,,Construction and Demolition Waste,,,,,,,,,,,,,,,,,,,,,
CODD_TRAINING_01213,216.jpg,brick,,Construction and Demolition Waste,,,,,,,,,,,,,,,,,,,,,
CODD_TRAINING_01214,216.jpg,concrete,,Construction and Demolition Waste,,,,,,,,,,,,,,,,,,,,,
CODD_TRAINING_01215,216.jpg,tile,,Construction and Demolition Waste,,,,,,,,,,,,,,,,,,,,,
CODD_TRAINING_01216,217.jpg,brick,,Construction and Demolition Waste,,,,,,,,,,,,,,,,,,,,,
CODD_TRAINING_01217,217.jpg,concrete,,Construction and Demolition Waste,,,,,,,,,,,,,,,,,,,,,
CODD_TRAINING_01218,217.jpg,tile,,Construction and Demolition Waste,,,,,,,,,,,,,,,,,,,,,
CODD_TRAINING_01219,217.jpg,brick,,Construction and Demolition Waste,,,,,,,,,,,,,,,,,,,,,
CODD_TRAINING_01220,217.jpg,concrete,,Construction and Demolition Waste,,,,,,,,,,,,,,,,,,,,,
CODD_TRAINING_01221,217.jpg,tile,,Construction and Demolition Waste,,,,,,,,,,,,,,,,,,,,,
CODD_TRAINING_01222,217.jpg,concrete,,Construction and Demolition Waste,,,,,,,,,,,,,,,,,,,,,
CODD_TRAINING_01223,217.jpg,tile,,Construction and Demolition Waste,,,,,,,,,,,,,,,,,,,,,
CODD_TRAINING_01224,217.jpg,concrete,,Construction and Demolition Waste,,,,,,,,,,,,,,,,,,,,,
CODD_TRAINING_01225,217.jpg,tile,,Construction and Demolition Waste,,,,,,,,,,,,,,,,,,,,,
CODD_TRAINING_01226,217.jpg,brick,,Construction and Demolition Waste,,,,,,,,,,,,,,,,,,,,,
CODD_TRAINING_01227,218.jpg,brick,,Construction and Demolition Waste,,,,,,,,,,,,,,,,,,,,,
CODD_TRAINING_01228,218.jpg,concrete,,Construction and Demolition Waste,,,,,,,,,,,,,,,,,,,,,
CODD_TRAINING_01229,218.jpg,tile,,Construction and Demolition Waste,,,,,,,,,,,,,,,,,,,,,
CODD_TRAINING_01230,218.jpg,brick,,Construction and Demolition Waste,,,,,,,,,,,,,,,,,,,,,
CODD_TRAINING_01231,218.jpg,concrete,,Construction and Demolition Waste,,,,,,,,,,,,,,,,,,,,,
CODD_TRAINING_01232,218.jpg,tile,,Construction and Demolition Waste,,,,,,,,,,,,,,,,,,,,,
CODD_TRAINING_01233,218.jpg,brick,,Construction and Demolition Waste,,,,,,,,,,,,,,,,,,,,,
CODD_TRAINING_01234,218.jpg,concrete,,Construction and Demolition Waste,,,,,,,,,,,,,,,,,,,,,
CODD_TRAINING_01235,218.jpg,tile,,Construction and Demolition Waste,,,,,,,,,,,,,,,,,,,,,
CODD_TRAINING_01236,218.jpg,brick,,Construction and Demolition Waste,,,,,,,,,,,,,,,,,,,,,
CODD_TRAINING_01237,218.jpg,concrete,,Construction and Demolition Waste,,,,,,,,,,,,,,,,,,,,,
CODD_TRAINING_01238,218.jpg,tile,,Construction and Demolition Waste,,,,,,,,,,,,,,,,,,,,,
CODD_TRAINING_01239,22.jpg,brick,,Construction and Demolition Waste,,,,,,,,,,,,,,,,,,,,,
CODD_TRAINING_01240,22.jpg,concrete,,Construction and Demolition Waste,,,,,,,,,,,,,,,,,,,,,
CODD_TRAINING_01241,22.jpg,tile,,Construction and Demolition Waste,,,,,,,,,,,,,,,,,,,,,
CODD_TRAINING_01242,22.jpg,brick,,Construction and Demolition Waste,,,,,,,,,,,,,,,,,,,,,
CODD_TRAINING_01243,22.jpg,concrete,,Construction and Demolition Waste,,,,,,,,,,,,,,,,,,,,,
CODD_TRAINING_01244,22.jpg,tile,,Construction and Demolition Waste,,,,,,,,,,,,,,,,,,,,,
CODD_TRAINING_01245,22.jpg,brick,,Construction and Demolition Waste,,,,,,,,,,,,,,,,,,,,,
CODD_TRAINING_01246,22.jpg,concrete,,Construction and Demolition Waste,,,,,,,,,,,,,,,,,,,,,
CODD_TRAINING_01247,22.jpg,tile,,Construction and Demolition Waste,,,,,,,,,,,,,,,,,,,,,
CODD_TRAINING_01248,22.jpg,concrete,,Construction and Demolition Waste,,,,,,,,,,,,,,,,,,,,,
CODD_TRAINING_01249,22.jpg,tile,,Construction and Demolition Waste,,,,,,,,,,,,,,,,,,,,,
CODD_TRAINING_01250,22.jpg,brick,,Construction and Demolition Waste,,,,,,,,,,,,,,,,,,,,,
CODD_TRAINING_01251,220.jpg,brick,,Construction and Demolition Waste,,,,,,,,,,,,,,,,,,,,,
CODD_TRAINING_01252,220.jpg,concrete,,Construction and Demolition Waste,,,,,,,,,,,,,,,,,,,,,
CODD_TRAINING_01253,220.jpg,tile,,Construction and Demolition Waste,,,,,,,,,,,,,,,,,,,,,
CODD_TRAINING_01254,220.jpg,brick,,Construction and Demolition Waste,,,,,,,,,,,,,,,,,,,,,
CODD_TRAINING_01255,220.jpg,concrete,,Construction and Demolition Waste,,,,,,,,,,,,,,,,,,,,,
CODD_TRAINING_01256,220.jpg,tile,,Construction and Demolition Waste,,,,,,,,,,,,,,,,,,,,,
CODD_TRAINING_01257,220.jpg,brick,,Construction and Demolition Waste,,,,,,,,,,,,,,,,,,,,,
CODD_TRAINING_01258,220.jpg,concrete,,Construction and Demolition Waste,,,,,,,,,,,,,,,,,,,,,
CODD_TRAINING_01259,220.jpg,tile,,Construction and Demolition Waste,,,,,,,,,,,,,,,,,,,,,
CODD_TRAINING_01260,220.jpg,brick,,Construction and Demolition Waste,,,,,,,,,,,,,,,,,,,,,
CODD_TRAINING_01261,220.jpg,concrete,,Construction and Demolition Waste,,,,,,,,,,,,,,,,,,,,,
CODD_TRAINING_01262,220.jpg,tile,,Construction and Demolition Waste,,,,,,,,,,,,,,,,,,,,,
CODD_TRAINING_01263,221.jpg,brick,,Construction and Demolition Waste,,,,,,,,,,,,,,,,,,,,,
CODD_TRAINING_01264,221.jpg,concrete,,Construction and Demolition Waste,,,,,,,,,,,,,,,,,,,,,
CODD_TRAINING_01265,221.jpg,tile,,Construction and Demolition Waste,,,,,,,,,,,,,,,,,,,,,
CODD_TRAINING_01266,221.jpg,brick,,Construction and Demolition Waste,,,,,,,,,,,,,,,,,,,,,
CODD_TRAINING_01267,221.jpg,concrete,,Construction and Demolition Waste,,,,,,,,,,,,,,,,,,,,,
CODD_TRAINING_01268,221.jpg,tile,,Construction and Demolition Waste,,,,,,,,,,,,,,,,,,,,,
CODD_TRAINING_01269,221.jpg,brick,,Construction and Demolition Waste,,,,,,,,,,,,,,,,,,,,,
CODD_TRAINING_01270,221.jpg,concrete,,Construction and Demolition Waste,,,,,,,,,,,,,,,,,,,,,
CODD_TRAINING_01271,221.jpg,tile,,Construction and Demolition Waste,,,,,,,,,,,,,,,,,,,,,
CODD_TRAINING_01272,221.jpg,brick,,Construction and Demolition Waste,,,,,,,,,,,,,,,,,,,,,
CODD_TRAINING_01273,221.jpg,concrete,,Construction and Demolition Waste,,,,,,,,,,,,,,,,,,,,,
CODD_TRAINING_01274,221.jpg,tile,,Construction and Demolition Waste,,,,,,,,,,,,,,,,,,,,,
CODD_TRAINING_01275,222.jpg,brick,,Construction and Demolition Waste,,,,,,,,,,,,,,,,,,,,,
CODD_TRAINING_01276,222.jpg,concrete,,Construction and Demolition Waste,,,,,,,,,,,,,,,,,,,,,
CODD_TRAINING_01277,222.jpg,tile,,Construction and Demolition Waste,,,,,,,,,,,,,,,,,,,,,
CODD_TRAINING_01278,222.jpg,brick,,Construction and Demolition Waste,,,,,,,,,,,,,,,,,,,,,
CODD_TRAINING_01279,222.jpg,concrete,,Construction and Demolition Waste,,,,,,,,,,,,,,,,,,,,,
CODD_TRAINING_01280,222.jpg,tile,,Construction and Demolition Waste,,,,,,,,,,,,,,,,,,,,,
CODD_TRAINING_01281,222.jpg,brick,,Construction and Demolition Waste,,,,,,,,,,,,,,,,,,,,,
CODD_TRAINING_01282,222.jpg,concrete,,Construction and Demolition Waste,,,,,,,,,,,,,,,,,,,,,
CODD_TRAINING_01283,222.jpg,tile,,Construction and Demolition Waste,,,,,,,,,,,,,,,,,,,,,
CODD_TRAINING_01284,222.jpg,brick,,Construction and Demolition Waste,,,,,,,,,,,,,,,,,,,,,
CODD_TRAINING_01285,222.jpg,concrete,,Construction and Demolition Waste,,,,,,,,,,,,,,,,,,,,,
CODD_TRAINING_01286,222.jpg,tile,,Construction and Demolition Waste,,,,,,,,,,,,,,,,,,,,,
CODD_TRAINING_01287,224.jpg,brick,,Construction and Demolition Waste,,,,,,,,,,,,,,,,,,,,,
CODD_TRAINING_01288,224.jpg,concrete,,Construction and Demolition Waste,,,,,,,,,,,,,,,,,,,,,
CODD_TRAINING_01289,224.jpg,tile,,Construction and Demolition Waste,,,,,,,,,,,,,,,,,,,,,
CODD_TRAINING_01290,224.jpg,brick,,Construction and Demolition Waste,,,,,,,,,,,,,,,,,,,,,
CODD_TRAINING_01291,224.jpg,concrete,,Construction and Demolition Waste,,,,,,,,,,,,,,,,,,,,,
CODD_TRAINING_01292,224.jpg,tile,,Construction and Demolition Waste,,,,,,,,,,,,,,,,,,,,,
CODD_TRAINING_01293,224.jpg,brick,,Construction and Demolition Waste,,,,,,,,,,,,,,,,,,,,,
CODD_TRAINING_01294,224.jpg,concrete,,Construction and Demolition Waste,,,,,,,,,,,,,,,,,,,,,
CODD_TRAINING_01295,224.jpg,tile,,Construction and Demolition Waste,,,,,,,,,,,,,,,,,,,,,
CODD_TRAINING_01296,224.jpg,brick,,Construction and Demolition Waste,,,,,,,,,,,,,,,,,,,,,
CODD_TRAINING_01297,224.jpg,concrete,,Construction and Demolition Waste,,,,,,,,,,,,,,,,,,,,,
CODD_TRAINING_01298,224.jpg,tile,,Construction and Demolition Waste,,,,,,,,,,,,,,,,,,,,,
CODD_TRAINING_01299,225.jpg,brick,,Construction and Demolition Waste,,,,,,,,,,,,,,,,,,,,,
CODD_TRAINING_01300,225.jpg,concrete,,Construction and Demolition Waste,,,,,,,,,,,,,,,,,,,,,
CODD_TRAINING_01301,225.jpg,tile,,Construction and Demolition Waste,,,,,,,,,,,,,,,,,,,,,
CODD_TRAINING_01302,225.jpg,brick,,Construction and Demolition Waste,,,,,,,,,,,,,,,,,,,,,
CODD_TRAINING_01303,225.jpg,concrete,,Construction and Demolition Waste,,,,,,,,,,,,,,,,,,,,,
CODD_TRAINING_01304,225.jpg,tile,,Construction and Demolition Waste,,,,,,,,,,,,,,,,,,,,,
CODD_TRAINING_01305,225.jpg,brick,,Construction and Demolition Waste,,,,,,,,,,,,,,,,,,,,,
CODD_TRAINING_01306,225.jpg,concrete,,Construction and Demolition Waste,,,,,,,,,,,,,,,,,,,,,
CODD_TRAINING_01307,225.jpg,tile,,Construction and Demolition Waste,,,,,,,,,,,,,,,,,,,,,
CODD_TRAINING_01308,225.jpg,brick,,Construction and Demolition Waste,,,,,,,,,,,,,,,,,,,,,
CODD_TRAINING_01309,225.jpg,concrete,,Construction and Demolition Waste,,,,,,,,,,,,,,,,,,,,,
CODD_TRAINING_01310,225.jpg,tile,,Construction and Demolition Waste,,,,,,,,,,,,,,,,,,,,,
CODD_TRAINING_01311,227.jpg,brick,,Construction and Demolition Waste,,,,,,,,,,,,,,,,,,,,,
CODD_TRAINING_01312,227.jpg,concrete,,Construction and Demolition Waste,,,,,,,,,,,,,,,,,,,,,
CODD_TRAINING_01313,227.jpg,tile,,Construction and Demolition Waste,,,,,,,,,,,,,,,,,,,,,
CODD_TRAINING_01314,227.jpg,brick,,Construction and Demolition Waste,,,,,,,,,,,,,,,,,,,,,
CODD_TRAINING_01315,227.jpg,concrete,,Construction and Demolition Waste,,,,,,,,,,,,,,,,,,,,,
CODD_TRAINING_01316,227.jpg,tile,,Construction and Demolition Waste,,,,,,,,,,,,,,,,,,,,,
CODD_TRAINING_01317,227.jpg,brick,,Construction and Demolition Waste,,,,,,,,,,,,,,,,,,,,,
CODD_TRAINING_01318,227.jpg,concrete,,Construction and Demolition Waste,,,,,,,,,,,,,,,,,,,,,
CODD_TRAINING_01319,227.jpg,tile,,Construction and Demolition Waste,,,,,,,,,,,,,,,,,,,,,
CODD_TRAINING_01320,227.jpg,brick,,Construction and Demolition Waste,,,,,,,,,,,,,,,,,,,,,
CODD_TRAINING_01321,227.jpg,concrete,,Construction and Demolition Waste,,,,,,,,,,,,,,,,,,,,,
CODD_TRAINING_01322,227.jpg,tile,,Construction and Demolition Waste,,,,,,,,,,,,,,,,,,,,,
CODD_TRAINING_01323,228.jpg,brick,,Construction and Demolition Waste,,,,,,,,,,,,,,,,,,,,,
CODD_TRAINING_01324,228.jpg,concrete,,Construction and Demolition Waste,,,,,,,,,,,,,,,,,,,,,
CODD_TRAINING_01325,228.jpg,tile,,Construction and Demolition Waste,,,,,,,,,,,,,,,,,,,,,
CODD_TRAINING_01326,228.jpg,brick,,Construction and Demolition Waste,,,,,,,,,,,,,,,,,,,,,
CODD_TRAINING_01327,228.jpg,concrete,,Construction and Demolition Waste,,,,,,,,,,,,,,,,,,,,,
CODD_TRAINING_01328,228.jpg,tile,,Construction and Demolition Waste,,,,,,,,,,,,,,,,,,,,,
CODD_TRAINING_01329,228.jpg,brick,,Construction and Demolition Waste,,,,,,,,,,,,,,,,,,,,,
CODD_TRAINING_01330,228.jpg,concrete,,Construction and Demolition Waste,,,,,,,,,,,,,,,,,,,,,
CODD_TRAINING_01331,228.jpg,tile,,Construction and Demolition Waste,,,,,,,,,,,,,,,,,,,,,
CODD_TRAINING_01332,228.jpg,brick,,Construction and Demolition Waste,,,,,,,,,,,,,,,,,,,,,
CODD_TRAINING_01333,228.jpg,concrete,,Construction and Demolition Waste,,,,,,,,,,,,,,,,,,,,,
CODD_TRAINING_01334,228.jpg,tile,,Construction and Demolition Waste,,,,,,,,,,,,,,,,,,,,,
CODD_TRAINING_01335,229.jpg,brick,,Construction and Demolition Waste,,,,,,,,,,,,,,,,,,,,,
CODD_TRAINING_01336,229.jpg,concrete,,Construction and Demolition Waste,,,,,,,,,,,,,,,,,,,,,
CODD_TRAINING_01337,229.jpg,tile,,Construction and Demolition Waste,,,,,,,,,,,,,,,,,,,,,
CODD_TRAINING_01338,229.jpg,brick,,Construction and Demolition Waste,,,,,,,,,,,,,,,,,,,,,
CODD_TRAINING_01339,229.jpg,concrete,,Construction and Demolition Waste,,,,,,,,,,,,,,,,,,,,,
CODD_TRAINING_01340,229.jpg,tile,,Construction and Demolition Waste,,,,,,,,,,,,,,,,,,,,,
CODD_TRAINING_01341,229.jpg,brick,,Construction and Demolition Waste,,,,,,,,,,,,,,,,,,,,,
CODD_TRAINING_01342,229.jpg,concrete,,Construction and Demolition Waste,,,,,,,,,,,,,,,,,,,,,
CODD_TRAINING_01343,229.jpg,tile,,Construction and Demolition Waste,,,,,,,,,,,,,,,,,,,,,
CODD_TRAINING_01344,229.jpg,brick,,Construction and Demolition Waste,,,,,,,,,,,,,,,,,,,,,
CODD_TRAINING_01345,229.jpg,concrete,,Construction and Demolition Waste,,,,,,,,,,,,,,,,,,,,,
CODD_TRAINING_01346,229.jpg,tile,,Construction and Demolition Waste,,,,,,,,,,,,,,,,,,,,,
CODD_TRAINING_01347,23.jpg,brick,,Construction and Demolition Waste,,,,,,,,,,,,,,,,,,,,,
CODD_TRAINING_01348,23.jpg,concrete,,Construction and Demolition Waste,,,,,,,,,,,,,,,,,,,,,
CODD_TRAINING_01349,23.jpg,tile,,Construction and Demolition Waste,,,,,,,,,,,,,,,,,,,,,
CODD_TRAINING_01350,23.jpg,brick,,Construction and Demolition Waste,,,,,,,,,,,,,,,,,,,,,
CODD_TRAINING_01351,23.jpg,concrete,,Construction and Demolition Waste,,,,,,,,,,,,,,,,,,,,,
CODD_TRAINING_01352,23.jpg,tile,,Construction and Demolition Waste,,,,,,,,,,,,,,,,,,,,,
CODD_TRAINING_01353,23.jpg,brick,,Construction and Demolition Waste,,,,,,,,,,,,,,,,,,,,,
CODD_TRAINING_01354,23.jpg,concrete,,Construction and Demolition Waste,,,,,,,,,,,,,,,,,,,,,
CODD_TRAINING_01355,23.jpg,tile,,Construction and Demolition Waste,,,,,,,,,,,,,,,,,,,,,
CODD_TRAINING_01356,23.jpg,brick,,Construction and Demolition Waste,,,,,,,,,,,,,,,,,,,,,
CODD_TRAINING_01357,23.jpg,concrete,,Construction and Demolition Waste,,,,,,,,,,,,,,,,,,,,,
CODD_TRAINING_01358,23.jpg,tile,,Construction and Demolition Waste,,,,,,,,,,,,,,,,,,,,,
CODD_TRAINING_01359,230.jpg,brick,,Construction and Demolition Waste,,,,,,,,,,,,,,,,,,,,,
CODD_TRAINING_01360,230.jpg,concrete,,Construction and Demolition Waste,,,,,,,,,,,,,,,,,,,,,
CODD_TRAINING_01361,230.jpg,tile,,Construction and Demolition Waste,,,,,,,,,,,,,,,,,,,,,
CODD_TRAINING_01362,230.jpg,brick,,Construction and Demolition Waste,,,,,,,,,,,,,,,,,,,,,
CODD_TRAINING_01363,230.jpg,concrete,,Construction and Demolition Waste,,,,,,,,,,,,,,,,,,,,,
CODD_TRAINING_01364,230.jpg,tile,,Construction and Demolition Waste,,,,,,,,,,,,,,,,,,,,,
CODD_TRAINING_01365,230.jpg,brick,,Construction and Demolition Waste,,,,,,,,,,,,,,,,,,,,,
CODD_TRAINING_01366,230.jpg,concrete,,Construction and Demolition Waste,,,,,,,,,,,,,,,,,,,,,
CODD_TRAINING_01367,230.jpg,tile,,Construction and Demolition Waste,,,,,,,,,,,,,,,,,,,,,
CODD_TRAINING_01368,230.jpg,brick,,Construction and Demolition Waste,,,,,,,,,,,,,,,,,,,,,
CODD_TRAINING_01369,230.jpg,concrete,,Construction and Demolition Waste,,,,,,,,,,,,,,,,,,,,,
CODD_TRAINING_01370,230.jpg,tile,,Construction and Demolition Waste,,,,,,,,,,,,,,,,,,,,,
CODD_TRAINING_01371,231.jpg,brick,,Construction and Demolition Waste,,,,,,,,,,,,,,,,,,,,,
CODD_TRAINING_01372,231.jpg,concrete,,Construction and Demolition Waste,,,,,,,,,,,,,,,,,,,,,
CODD_TRAINING_01373,231.jpg,tile,,Construction and Demolition Waste,,,,,,,,,,,,,,,,,,,,,
CODD_TRAINING_01374,231.jpg,brick,,Construction and Demolition Waste,,,,,,,,,,,,,,,,,,,,,
CODD_TRAINING_01375,231.jpg,concrete,,Construction and Demolition Waste,,,,,,,,,,,,,,,,,,,,,
CODD_TRAINING_01376,231.jpg,tile,,Construction and Demolition Waste,,,,,,,,,,,,,,,,,,,,,
CODD_TRAINING_01377,231.jpg,brick,,Construction and Demolition Waste,,,,,,,,,,,,,,,,,,,,,
CODD_TRAINING_01378,231.jpg,concrete,,Construction and Demolition Waste,,,,,,,,,,,,,,,,,,,,,
CODD_TRAINING_01379,231.jpg,tile,,Construction and Demolition Waste,,,,,,,,,,,,,,,,,,,,,
CODD_TRAINING_01380,231.jpg,brick,,Construction and Demolition Waste,,,,,,,,,,,,,,,,,,,,,
CODD_TRAINING_01381,231.jpg,concrete,,Construction and Demolition Waste,,,,,,,,,,,,,,,,,,,,,
CODD_TRAINING_01382,231.jpg,tile,,Construction and Demolition Waste,,,,,,,,,,,,,,,,,,,,,
CODD_TRAINING_01383,233.jpg,brick,,Construction and Demolition Waste,,,,,,,,,,,,,,,,,,,,,
CODD_TRAINING_01384,233.jpg,concrete,,Construction and Demolition Waste,,,,,,,,,,,,,,,,,,,,,
CODD_TRAINING_01385,233.jpg,tile,,Construction and Demolition Waste,,,,,,,,,,,,,,,,,,,,,
CODD_TRAINING_01386,233.jpg,brick,,Construction and Demolition Waste,,,,,,,,,,,,,,,,,,,,,
CODD_TRAINING_01387,233.jpg,concrete,,Construction and Demolition Waste,,,,,,,,,,,,,,,,,,,,,
CODD_TRAINING_01388,233.jpg,tile,,Construction and Demolition Waste,,,,,,,,,,,,,,,,,,,,,
CODD_TRAINING_01389,233.jpg,brick,,Construction and Demolition Waste,,,,,,,,,,,,,,,,,,,,,
CODD_TRAINING_01390,233.jpg,concrete,,Construction and Demolition Waste,,,,,,,,,,,,,,,,,,,,,
CODD_TRAINING_01391,233.jpg,tile,,Construction and Demolition Waste,,,,,,,,,,,,,,,,,,,,,
CODD_TRAINING_01392,233.jpg,brick,,Construction and Demolition Waste,,,,,,,,,,,,,,,,,,,,,
CODD_TRAINING_01393,233.jpg,concrete,,Construction and Demolition Waste,,,,,,,,,,,,,,,,,,,,,
CODD_TRAINING_01394,233.jpg,tile,,Construction and Demolition Waste,,,,,,,,,,,,,,,,,,,,,
CODD_TRAINING_01395,234.jpg,brick,,Construction and Demolition Waste,,,,,,,,,,,,,,,,,,,,,
CODD_TRAINING_01396,234.jpg,concrete,,Construction and Demolition Waste,,,,,,,,,,,,,,,,,,,,,
CODD_TRAINING_01397,234.jpg,tile,,Construction and Demolition Waste,,,,,,,,,,,,,,,,,,,,,
CODD_TRAINING_01398,234.jpg,brick,,Construction and Demolition Waste,,,,,,,,,,,,,,,,,,,,,
CODD_TRAINING_01399,234.jpg,concrete,,Construction and Demolition Waste,,,,,,,,,,,,,,,,,,,,,
CODD_TRAINING_01400,234.jpg,tile,,Construction and Demolition Waste,,,,,,,,,,,,,,,,,,,,,
CODD_TRAINING_01401,234.jpg,brick,,Construction and Demolition Waste,,,,,,,,,,,,,,,,,,,,,
CODD_TRAINING_01402,234.jpg,concrete,,Construction and Demolition Waste,,,,,,,,,,,,,,,,,,,,,
CODD_TRAINING_01403,234.jpg,tile,,Construction and Demolition Waste,,,,,,,,,,,,,,,,,,,,,
CODD_TRAINING_01404,234.jpg,brick,,Construction and Demolition Waste,,,,,,,,,,,,,,,,,,,,,
CODD_TRAINING_01405,234.jpg,tile,,Construction and Demolition Waste,,,,,,,,,,,,,,,,,,,,,
CODD_TRAINING_01406,235.jpg,brick,,Construction and Demolition Waste,,,,,,,,,,,,,,,,,,,,,
CODD_TRAINING_01407,235.jpg,concrete,,Construction and Demolition Waste,,,,,,,,,,,,,,,,,,,,,
CODD_TRAINING_01408,235.jpg,tile,,Construction and Demolition Waste,,,,,,,,,,,,,,,,,,,,,
CODD_TRAINING_01409,235.jpg,brick,,Construction and Demolition Waste,,,,,,,,,,,,,,,,,,,,,
CODD_TRAINING_01410,235.jpg,concrete,,Construction and Demolition Waste,,,,,,,,,,,,,,,,,,,,,
CODD_TRAINING_01411,235.jpg,tile,,Construction and Demolition Waste,,,,,,,,,,,,,,,,,,,,,
CODD_TRAINING_01412,235.jpg,brick,,Construction and Demolition Waste,,,,,,,,,,,,,,,,,,,,,
CODD_TRAINING_01413,235.jpg,tile,,Construction and Demolition Waste,,,,,,,,,,,,,,,,,,,,,
CODD_TRAINING_01414,235.jpg,brick,,Construction and Demolition Waste,,,,,,,,,,,,,,,,,,,,,
CODD_TRAINING_01415,236.jpg,brick,,Construction and Demolition Waste,,,,,,,,,,,,,,,,,,,,,
CODD_TRAINING_01416,236.jpg,concrete,,Construction and Demolition Waste,,,,,,,,,,,,,,,,,,,,,
CODD_TRAINING_01417,236.jpg,tile,,Construction and Demolition Waste,,,,,,,,,,,,,,,,,,,,,
CODD_TRAINING_01418,236.jpg,brick,,Construction and Demolition Waste,,,,,,,,,,,,,,,,,,,,,
CODD_TRAINING_01419,236.jpg,concrete,,Construction and Demolition Waste,,,,,,,,,,,,,,,,,,,,,
CODD_TRAINING_01420,236.jpg,tile,,Construction and Demolition Waste,,,,,,,,,,,,,,,,,,,,,
CODD_TRAINING_01421,236.jpg,brick,,Construction and Demolition Waste,,,,,,,,,,,,,,,,,,,,,
CODD_TRAINING_01422,236.jpg,concrete,,Construction and Demolition Waste,,,,,,,,,,,,,,,,,,,,,
CODD_TRAINING_01423,236.jpg,tile,,Construction and Demolition Waste,,,,,,,,,,,,,,,,,,,,,
CODD_TRAINING_01424,236.jpg,brick,,Construction and Demolition Waste,,,,,,,,,,,,,,,,,,,,,
CODD_TRAINING_01425,236.jpg,concrete,,Construction and Demolition Waste,,,,,,,,,,,,,,,,,,,,,
CODD_TRAINING_01426,236.jpg,tile,,Construction and Demolition Waste,,,,,,,,,,,,,,,,,,,,,
CODD_TRAINING_01427,237.jpg,brick,,Construction and Demolition Waste,,,,,,,,,,,,,,,,,,,,,
CODD_TRAINING_01428,237.jpg,concrete,,Construction and Demolition Waste,,,,,,,,,,,,,,,,,,,,,
CODD_TRAINING_01429,237.jpg,tile,,Construction and Demolition Waste,,,,,,,,,,,,,,,,,,,,,
CODD_TRAINING_01430,237.jpg,brick,,Construction and Demolition Waste,,,,,,,,,,,,,,,,,,,,,
CODD_TRAINING_01431,237.jpg,concrete,,Construction and Demolition Waste,,,,,,,,,,,,,,,,,,,,,
CODD_TRAINING_01432,237.jpg,tile,,Construction and Demolition Waste,,,,,,,,,,,,,,,,,,,,,
CODD_TRAINING_01433,237.jpg,brick,,Construction and Demolition Waste,,,,,,,,,,,,,,,,,,,,,
CODD_TRAINING_01434,237.jpg,concrete,,Construction and Demolition Waste,,,,,,,,,,,,,,,,,,,,,
CODD_TRAINING_01435,237.jpg,tile,,Construction and Demolition Waste,,,,,,,,,,,,,,,,,,,,,
CODD_TRAINING_01436,237.jpg,brick,,Construction and Demolition Waste,,,,,,,,,,,,,,,,,,,,,
CODD_TRAINING_01437,237.jpg,concrete,,Construction and Demolition Waste,,,,,,,,,,,,,,,,,,,,,
CODD_TRAINING_01438,237.jpg,tile,,Construction and Demolition Waste,,,,,,,,,,,,,,,,,,,,,
CODD_TRAINING_01439,238.jpg,brick,,Construction and Demolition Waste,,,,,,,,,,,,,,,,,,,,,
CODD_TRAINING_01440,238.jpg,concrete,,Construction and Demolition Waste,,,,,,,,,,,,,,,,,,,,,
CODD_TRAINING_01441,238.jpg,tile,,Construction and Demolition Waste,,,,,,,,,,,,,,,,,,,,,
CODD_TRAINING_01442,238.jpg,brick,,Construction and Demolition Waste,,,,,,,,,,,,,,,,,,,,,
CODD_TRAINING_01443,238.jpg,concrete,,Construction and Demolition Waste,,,,,,,,,,,,,,,,,,,,,
CODD_TRAINING_01444,238.jpg,tile,,Construction and Demolition Waste,,,,,,,,,,,,,,,,,,,,,
CODD_TRAINING_01445,238.jpg,brick,,Construction and Demolition Waste,,,,,,,,,,,,,,,,,,,,,
CODD_TRAINING_01446,238.jpg,concrete,,Construction and Demolition Waste,,,,,,,,,,,,,,,,,,,,,
CODD_TRAINING_01447,238.jpg,tile,,Construction and Demolition Waste,,,,,,,,,,,,,,,,,,,,,
CODD_TRAINING_01448,238.jpg,brick,,Construction and Demolition Waste,,,,,,,,,,,,,,,,,,,,,
CODD_TRAINING_01449,238.jpg,concrete,,Construction and Demolition Waste,,,,,,,,,,,,,,,,,,,,,
CODD_TRAINING_01450,238.jpg,tile,,Construction and Demolition Waste,,,,,,,,,,,,,,,,,,,,,
CODD_TRAINING_01451,24.jpg,brick,,Construction and Demolition Waste,,,,,,,,,,,,,,,,,,,,,
CODD_TRAINING_01452,24.jpg,concrete,,Construction and Demolition Waste,,,,,,,,,,,,,,,,,,,,,
CODD_TRAINING_01453,24.jpg,tile,,Construction and Demolition Waste,,,,,,,,,,,,,,,,,,,,,
CODD_TRAINING_01454,24.jpg,brick,,Construction and Demolition Waste,,,,,,,,,,,,,,,,,,,,,
CODD_TRAINING_01455,24.jpg,concrete,,Construction and Demolition Waste,,,,,,,,,,,,,,,,,,,,,
CODD_TRAINING_01456,24.jpg,tile,,Construction and Demolition Waste,,,,,,,,,,,,,,,,,,,,,
CODD_TRAINING_01457,24.jpg,brick,,Construction and Demolition Waste,,,,,,,,,,,,,,,,,,,,,
CODD_TRAINING_01458,24.jpg,concrete,,Construction and Demolition Waste,,,,,,,,,,,,,,,,,,,,,
CODD_TRAINING_01459,24.jpg,tile,,Construction and Demolition Waste,,,,,,,,,,,,,,,,,,,,,
CODD_TRAINING_01460,24.jpg,brick,,Construction and Demolition Waste,,,,,,,,,,,,,,,,,,,,,
CODD_TRAINING_01461,24.jpg,concrete,,Construction and Demolition Waste,,,,,,,,,,,,,,,,,,,,,
CODD_TRAINING_01462,24.jpg,tile,,Construction and Demolition Waste,,,,,,,,,,,,,,,,,,,,,
CODD_TRAINING_01463,240.jpg,brick,,Construction and Demolition Waste,,,,,,,,,,,,,,,,,,,,,
CODD_TRAINING_01464,240.jpg,concrete,,Construction and Demolition Waste,,,,,,,,,,,,,,,,,,,,,
CODD_TRAINING_01465,240.jpg,tile,,Construction and Demolition Waste,,,,,,,,,,,,,,,,,,,,,
CODD_TRAINING_01466,240.jpg,brick,,Construction and Demolition Waste,,,,,,,,,,,,,,,,,,,,,
CODD_TRAINING_01467,240.jpg,concrete,,Construction and Demolition Waste,,,,,,,,,,,,,,,,,,,,,
CODD_TRAINING_01468,240.jpg,tile,,Construction and Demolition Waste,,,,,,,,,,,,,,,,,,,,,
CODD_TRAINING_01469,240.jpg,brick,,Construction and Demolition Waste,,,,,,,,,,,,,,,,,,,,,
CODD_TRAINING_01470,240.jpg,concrete,,Construction and Demolition Waste,,,,,,,,,,,,,,,,,,,,,
CODD_TRAINING_01471,240.jpg,tile,,Construction and Demolition Waste,,,,,,,,,,,,,,,,,,,,,
CODD_TRAINING_01472,240.jpg,brick,,Construction and Demolition Waste,,,,,,,,,,,,,,,,,,,,,
CODD_TRAINING_01473,240.jpg,concrete,,Construction and Demolition Waste,,,,,,,,,,,,,,,,,,,,,
CODD_TRAINING_01474,240.jpg,tile,,Construction and Demolition Waste,,,,,,,,,,,,,,,,,,,,,
CODD_TRAINING_01475,241.jpg,brick,,Construction and Demolition Waste,,,,,,,,,,,,,,,,,,,,,
CODD_TRAINING_01476,241.jpg,concrete,,Construction and Demolition Waste,,,,,,,,,,,,,,,,,,,,,
CODD_TRAINING_01477,241.jpg,tile,,Construction and Demolition Waste,,,,,,,,,,,,,,,,,,,,,
CODD_TRAINING_01478,241.jpg,brick,,Construction and Demolition Waste,,,,,,,,,,,,,,,,,,,,,
CODD_TRAINING_01479,241.jpg,concrete,,Construction and Demolition Waste,,,,,,,,,,,,,,,,,,,,,
CODD_TRAINING_01480,241.jpg,tile,,Construction and Demolition Waste,,,,,,,,,,,,,,,,,,,,,
CODD_TRAINING_01481,241.jpg,brick,,Construction and Demolition Waste,,,,,,,,,,,,,,,,,,,,,
CODD_TRAINING_01482,241.jpg,concrete,,Construction and Demolition Waste,,,,,,,,,,,,,,,,,,,,,
CODD_TRAINING_01483,241.jpg,tile,,Construction and Demolition Waste,,,,,,,,,,,,,,,,,,,,,
CODD_TRAINING_01484,241.jpg,brick,,Construction and Demolition Waste,,,,,,,,,,,,,,,,,,,,,
CODD_TRAINING_01485,241.jpg,concrete,,Construction and Demolition Waste,,,,,,,,,,,,,,,,,,,,,
CODD_TRAINING_01486,241.jpg,tile,,Construction and Demolition Waste,,,,,,,,,,,,,,,,,,,,,
CODD_TRAINING_01487,242.jpg,brick,,Construction and Demolition Waste,,,,,,,,,,,,,,,,,,,,,
CODD_TRAINING_01488,242.jpg,concrete,,Construction and Demolition Waste,,,,,,,,,,,,,,,,,,,,,
CODD_TRAINING_01489,242.jpg,tile,,Construction and Demolition Waste,,,,,,,,,,,,,,,,,,,,,
CODD_TRAINING_01490,242.jpg,brick,,Construction and Demolition Waste,,,,,,,,,,,,,,,,,,,,,
CODD_TRAINING_01491,242.jpg,concrete,,Construction and Demolition Waste,,,,,,,,,,,,,,,,,,,,,
CODD_TRAINING_01492,242.jpg,tile,,Construction and Demolition Waste,,,,,,,,,,,,,,,,,,,,,
CODD_TRAINING_01493,242.jpg,brick,,Construction and Demolition Waste,,,,,,,,,,,,,,,,,,,,,
CODD_TRAINING_01494,242.jpg,concrete,,Construction and Demolition Waste,,,,,,,,,,,,,,,,,,,,,
CODD_TRAINING_01495,242.jpg,tile,,Construction and Demolition Waste,,,,,,,,,,,,,,,,,,,,,
CODD_TRAINING_01496,242.jpg,brick,,Construction and Demolition Waste,,,,,,,,,,,,,,,,,,,,,
CODD_TRAINING_01497,242.jpg,concrete,,Construction and Demolition Waste,,,,,,,,,,,,,,,,,,,,,
CODD_TRAINING_01498,242.jpg,tile,,Construction and Demolition Waste,,,,,,,,,,,,,,,,,,,,,
CODD_TRAINING_01499,243.jpg,brick,,Construction and Demolition Waste,,,,,,,,,,,,,,,,,,,,,
CODD_TRAINING_01500,243.jpg,concrete,,Construction and Demolition Waste,,,,,,,,,,,,,,,,,,,,,
CODD_TRAINING_01501,243.jpg,tile,,Construction and Demolition Waste,,,,,,,,,,,,,,,,,,,,,
CODD_TRAINING_01502,243.jpg,brick,,Construction and Demolition Waste,,,,,,,,,,,,,,,,,,,,,
CODD_TRAINING_01503,243.jpg,concrete,,Construction and Demolition Waste,,,,,,,,,,,,,,,,,,,,,
CODD_TRAINING_01504,243.jpg,tile,,Construction and Demolition Waste,,,,,,,,,,,,,,,,,,,,,
CODD_TRAINING_01505,243.jpg,brick,,Construction and Demolition Waste,,,,,,,,,,,,,,,,,,,,,
CODD_TRAINING_01506,243.jpg,concrete,,Construction and Demolition Waste,,,,,,,,,,,,,,,,,,,,,
CODD_TRAINING_01507,243.jpg,tile,,Construction and Demolition Waste,,,,,,,,,,,,,,,,,,,,,
CODD_TRAINING_01508,243.jpg,brick,,Construction and Demolition Waste,,,,,,,,,,,,,,,,,,,,,
CODD_TRAINING_01509,243.jpg,concrete,,Construction and Demolition Waste,,,,,,,,,,,,,,,,,,,,,
CODD_TRAINING_01510,243.jpg,tile,,Construction and Demolition Waste,,,,,,,,,,,,,,,,,,,,,
CODD_TRAINING_01511,244.jpg,brick,,Construction and Demolition Waste,,,,,,,,,,,,,,,,,,,,,
CODD_TRAINING_01512,244.jpg,concrete,,Construction and Demolition Waste,,,,,,,,,,,,,,,,,,,,,
CODD_TRAINING_01513,244.jpg,tile,,Construction and Demolition Waste,,,,,,,,,,,,,,,,,,,,,
CODD_TRAINING_01514,244.jpg,brick,,Construction and Demolition Waste,,,,,,,,,,,,,,,,,,,,,
CODD_TRAINING_01515,244.jpg,concrete,,Construction and Demolition Waste,,,,,,,,,,,,,,,,,,,,,
CODD_TRAINING_01516,244.jpg,tile,,Construction and Demolition Waste,,,,,,,,,,,,,,,,,,,,,
CODD_TRAINING_01517,244.jpg,brick,,Construction and Demolition Waste,,,,,,,,,,,,,,,,,,,,,
CODD_TRAINING_01518,244.jpg,concrete,,Construction and Demolition Waste,,,,,,,,,,,,,,,,,,,,,
CODD_TRAINING_01519,244.jpg,tile,,Construction and Demolition Waste,,,,,,,,,,,,,,,,,,,,,
CODD_TRAINING_01520,244.jpg,brick,,Construction and Demolition Waste,,,,,,,,,,,,,,,,,,,,,
CODD_TRAINING_01521,244.jpg,concrete,,Construction and Demolition Waste,,,,,,,,,,,,,,,,,,,,,
CODD_TRAINING_01522,244.jpg,tile,,Construction and Demolition Waste,,,,,,,,,,,,,,,,,,,,,
CODD_TRAINING_01523,245.jpg,brick,,Construction and Demolition Waste,,,,,,,,,,,,,,,,,,,,,
CODD_TRAINING_01524,245.jpg,concrete,,Construction and Demolition Waste,,,,,,,,,,,,,,,,,,,,,
CODD_TRAINING_01525,245.jpg,tile,,Construction and Demolition Waste,,,,,,,,,,,,,,,,,,,,,
CODD_TRAINING_01526,245.jpg,brick,,Construction and Demolition Waste,,,,,,,,,,,,,,,,,,,,,
CODD_TRAINING_01527,245.jpg,concrete,,Construction and Demolition Waste,,,,,,,,,,,,,,,,,,,,,
CODD_TRAINING_01528,245.jpg,tile,,Construction and Demolition Waste,,,,,,,,,,,,,,,,,,,,,
CODD_TRAINING_01529,245.jpg,brick,,Construction and Demolition Waste,,,,,,,,,,,,,,,,,,,,,
CODD_TRAINING_01530,245.jpg,concrete,,Construction and Demolition Waste,,,,,,,,,,,,,,,,,,,,,
CODD_TRAINING_01531,245.jpg,tile,,Construction and Demolition Waste,,,,,,,,,,,,,,,,,,,,,
CODD_TRAINING_01532,245.jpg,brick,,Construction and Demolition Waste,,,,,,,,,,,,,,,,,,,,,
CODD_TRAINING_01533,245.jpg,concrete,,Construction and Demolition Waste,,,,,,,,,,,,,,,,,,,,,
CODD_TRAINING_01534,245.jpg,tile,,Construction and Demolition Waste,,,,,,,,,,,,,,,,,,,,,
CODD_TRAINING_01535,247.jpg,brick,,Construction and Demolition Waste,,,,,,,,,,,,,,,,,,,,,
CODD_TRAINING_01536,247.jpg,concrete,,Construction and Demolition Waste,,,,,,,,,,,,,,,,,,,,,
CODD_TRAINING_01537,247.jpg,tile,,Construction and Demolition Waste,,,,,,,,,,,,,,,,,,,,,
CODD_TRAINING_01538,247.jpg,brick,,Construction and Demolition Waste,,,,,,,,,,,,,,,,,,,,,
CODD_TRAINING_01539,247.jpg,concrete,,Construction and Demolition Waste,,,,,,,,,,,,,,,,,,,,,
CODD_TRAINING_01540,247.jpg,tile,,Construction and Demolition Waste,,,,,,,,,,,,,,,,,,,,,
CODD_TRAINING_01541,247.jpg,brick,,Construction and Demolition Waste,,,,,,,,,,,,,,,,,,,,,
CODD_TRAINING_01542,247.jpg,concrete,,Construction and Demolition Waste,,,,,,,,,,,,,,,,,,,,,
CODD_TRAINING_01543,247.jpg,tile,,Construction and Demolition Waste,,,,,,,,,,,,,,,,,,,,,
CODD_TRAINING_01544,247.jpg,brick,,Construction and Demolition Waste,,,,,,,,,,,,,,,,,,,,,
CODD_TRAINING_01545,247.jpg,concrete,,Construction and Demolition Waste,,,,,,,,,,,,,,,,,,,,,
CODD_TRAINING_01546,247.jpg,tile,,Construction and Demolition Waste,,,,,,,,,,,,,,,,,,,,,
CODD_TRAINING_01547,249.jpg,brick,,Construction and Demolition Waste,,,,,,,,,,,,,,,,,,,,,
CODD_TRAINING_01548,249.jpg,concrete,,Construction and Demolition Waste,,,,,,,,,,,,,,,,,,,,,
CODD_TRAINING_01549,249.jpg,tile,,Construction and Demolition Waste,,,,,,,,,,,,,,,,,,,,,
CODD_TRAINING_01550,249.jpg,brick,,Construction and Demolition Waste,,,,,,,,,,,,,,,,,,,,,
CODD_TRAINING_01551,249.jpg,concrete,,Construction and Demolition Waste,,,,,,,,,,,,,,,,,,,,,
CODD_TRAINING_01552,249.jpg,tile,,Construction and Demolition Waste,,,,,,,,,,,,,,,,,,,,,
CODD_TRAINING_01553,249.jpg,brick,,Construction and Demolition Waste,,,,,,,,,,,,,,,,,,,,,
CODD_TRAINING_01554,249.jpg,concrete,,Construction and Demolition Waste,,,,,,,,,,,,,,,,,,,,,
CODD_TRAINING_01555,249.jpg,tile,,Construction and Demolition Waste,,,,,,,,,,,,,,,,,,,,,
CODD_TRAINING_01556,249.jpg,brick,,Construction and Demolition Waste,,,,,,,,,,,,,,,,,,,,,
CODD_TRAINING_01557,249.jpg,concrete,,Construction and Demolition Waste,,,,,,,,,,,,,,,,,,,,,
CODD_TRAINING_01558,249.jpg,tile,,Construction and Demolition Waste,,,,,,,,,,,,,,,,,,,,,
CODD_TRAINING_01559,25.jpg,brick,,Construction and Demolition Waste,,,,,,,,,,,,,,,,,,,,,
CODD_TRAINING_01560,25.jpg,concrete,,Construction and Demolition Waste,,,,,,,,,,,,,,,,,,,,,
CODD_TRAINING_01561,25.jpg,tile,,Construction and Demolition Waste,,,,,,,,,,,,,,,,,,,,,
CODD_TRAINING_01562,25.jpg,brick,,Construction and Demolition Waste,,,,,,,,,,,,,,,,,,,,,
CODD_TRAINING_01563,25.jpg,concrete,,Construction and Demolition Waste,,,,,,,,,,,,,,,,,,,,,
CODD_TRAINING_01564,25.jpg,tile,,Construction and Demolition Waste,,,,,,,,,,,,,,,,,,,,,
CODD_TRAINING_01565,25.jpg,brick,,Construction and Demolition Waste,,,,,,,,,,,,,,,,,,,,,
CODD_TRAINING_01566,25.jpg,concrete,,Construction and Demolition Waste,,,,,,,,,,,,,,,,,,,,,
CODD_TRAINING_01567,25.jpg,tile,,Construction and Demolition Waste,,,,,,,,,,,,,,,,,,,,,
CODD_TRAINING_01568,25.jpg,brick,,Construction and Demolition Waste,,,,,,,,,,,,,,,,,,,,,
CODD_TRAINING_01569,25.jpg,concrete,,Construction and Demolition Waste,,,,,,,,,,,,,,,,,,,,,
CODD_TRAINING_01570,25.jpg,brick,,Construction and Demolition Waste,,,,,,,,,,,,,,,,,,,,,
CODD_TRAINING_01571,251.jpg,brick,,Construction and Demolition Waste,,,,,,,,,,,,,,,,,,,,,
CODD_TRAINING_01572,251.jpg,concrete,,Construction and Demolition Waste,,,,,,,,,,,,,,,,,,,,,
CODD_TRAINING_01573,251.jpg,tile,,Construction and Demolition Waste,,,,,,,,,,,,,,,,,,,,,
CODD_TRAINING_01574,251.jpg,brick,,Construction and Demolition Waste,,,,,,,,,,,,,,,,,,,,,
CODD_TRAINING_01575,251.jpg,concrete,,Construction and Demolition Waste,,,,,,,,,,,,,,,,,,,,,
CODD_TRAINING_01576,251.jpg,tile,,Construction and Demolition Waste,,,,,,,,,,,,,,,,,,,,,
CODD_TRAINING_01577,251.jpg,brick,,Construction and Demolition Waste,,,,,,,,,,,,,,,,,,,,,
CODD_TRAINING_01578,251.jpg,concrete,,Construction and Demolition Waste,,,,,,,,,,,,,,,,,,,,,
CODD_TRAINING_01579,251.jpg,tile,,Construction and Demolition Waste,,,,,,,,,,,,,,,,,,,,,
CODD_TRAINING_01580,251.jpg,brick,,Construction and Demolition Waste,,,,,,,,,,,,,,,,,,,,,
CODD_TRAINING_01581,251.jpg,concrete,,Construction and Demolition Waste,,,,,,,,,,,,,,,,,,,,,
CODD_TRAINING_01582,251.jpg,tile,,Construction and Demolition Waste,,,,,,,,,,,,,,,,,,,,,
CODD_TRAINING_01583,255.jpg,brick,,Construction and Demolition Waste,,,,,,,,,,,,,,,,,,,,,
CODD_TRAINING_01584,255.jpg,concrete,,Construction and Demolition Waste,,,,,,,,,,,,,,,,,,,,,
CODD_TRAINING_01585,255.jpg,tile,,Construction and Demolition Waste,,,,,,,,,,,,,,,,,,,,,
CODD_TRAINING_01586,255.jpg,brick,,Construction and Demolition Waste,,,,,,,,,,,,,,,,,,,,,
CODD_TRAINING_01587,255.jpg,concrete,,Construction and Demolition Waste,,,,,,,,,,,,,,,,,,,,,
CODD_TRAINING_01588,255.jpg,tile,,Construction and Demolition Waste,,,,,,,,,,,,,,,,,,,,,
CODD_TRAINING_01589,255.jpg,brick,,Construction and Demolition Waste,,,,,,,,,,,,,,,,,,,,,
CODD_TRAINING_01590,255.jpg,concrete,,Construction and Demolition Waste,,,,,,,,,,,,,,,,,,,,,
CODD_TRAINING_01591,255.jpg,tile,,Construction and Demolition Waste,,,,,,,,,,,,,,,,,,,,,
CODD_TRAINING_01592,255.jpg,brick,,Construction and Demolition Waste,,,,,,,,,,,,,,,,,,,,,
CODD_TRAINING_01593,255.jpg,concrete,,Construction and Demolition Waste,,,,,,,,,,,,,,,,,,,,,
CODD_TRAINING_01594,255.jpg,tile,,Construction and Demolition Waste,,,,,,,,,,,,,,,,,,,,,
CODD_TRAINING_01595,256.jpg,brick,,Construction and Demolition Waste,,,,,,,,,,,,,,,,,,,,,
CODD_TRAINING_01596,256.jpg,concrete,,Construction and Demolition Waste,,,,,,,,,,,,,,,,,,,,,
CODD_TRAINING_01597,256.jpg,tile,,Construction and Demolition Waste,,,,,,,,,,,,,,,,,,,,,
CODD_TRAINING_01598,256.jpg,brick,,Construction and Demolition Waste,,,,,,,,,,,,,,,,,,,,,
CODD_TRAINING_01599,256.jpg,concrete,,Construction and Demolition Waste,,,,,,,,,,,,,,,,,,,,,
CODD_TRAINING_01600,256.jpg,tile,,Construction and Demolition Waste,,,,,,,,,,,,,,,,,,,,,
CODD_TRAINING_01601,256.jpg,brick,,Construction and Demolition Waste,,,,,,,,,,,,,,,,,,,,,
CODD_TRAINING_01602,256.jpg,tile,,Construction and Demolition Waste,,,,,,,,,,,,,,,,,,,,,
CODD_TRAINING_01603,256.jpg,brick,,Construction and Demolition Waste,,,,,,,,,,,,,,,,,,,,,
CODD_TRAINING_01604,256.jpg,tile,,Construction and Demolition Waste,,,,,,,,,,,,,,,,,,,,,
CODD_TRAINING_01605,257.jpg,brick,,Construction and Demolition Waste,,,,,,,,,,,,,,,,,,,,,
CODD_TRAINING_01606,257.jpg,concrete,,Construction and Demolition Waste,,,,,,,,,,,,,,,,,,,,,
CODD_TRAINING_01607,257.jpg,tile,,Construction and Demolition Waste,,,,,,,,,,,,,,,,,,,,,
CODD_TRAINING_01608,257.jpg,brick,,Construction and Demolition Waste,,,,,,,,,,,,,,,,,,,,,
CODD_TRAINING_01609,257.jpg,concrete,,Construction and Demolition Waste,,,,,,,,,,,,,,,,,,,,,
CODD_TRAINING_01610,257.jpg,tile,,Construction and Demolition Waste,,,,,,,,,,,,,,,,,,,,,
CODD_TRAINING_01611,257.jpg,brick,,Construction and Demolition Waste,,,,,,,,,,,,,,,,,,,,,
CODD_TRAINING_01612,257.jpg,tile,,Construction and Demolition Waste,,,,,,,,,,,,,,,,,,,,,
CODD_TRAINING_01613,257.jpg,brick,,Construction and Demolition Waste,,,,,,,,,,,,,,,,,,,,,
CODD_TRAINING_01614,257.jpg,tile,,Construction and Demolition Waste,,,,,,,,,,,,,,,,,,,,,
CODD_TRAINING_01615,257.jpg,concrete,,Construction and Demolition Waste,,,,,,,,,,,,,,,,,,,,,
CODD_TRAINING_01616,259.jpg,brick,,Construction and Demolition Waste,,,,,,,,,,,,,,,,,,,,,
CODD_TRAINING_01617,259.jpg,concrete,,Construction and Demolition Waste,,,,,,,,,,,,,,,,,,,,,
CODD_TRAINING_01618,259.jpg,tile,,Construction and Demolition Waste,,,,,,,,,,,,,,,,,,,,,
CODD_TRAINING_01619,259.jpg,brick,,Construction and Demolition Waste,,,,,,,,,,,,,,,,,,,,,
CODD_TRAINING_01620,259.jpg,concrete,,Construction and Demolition Waste,,,,,,,,,,,,,,,,,,,,,
CODD_TRAINING_01621,259.jpg,tile,,Construction and Demolition Waste,,,,,,,,,,,,,,,,,,,,,
CODD_TRAINING_01622,259.jpg,brick,,Construction and Demolition Waste,,,,,,,,,,,,,,,,,,,,,
CODD_TRAINING_01623,259.jpg,concrete,,Construction and Demolition Waste,,,,,,,,,,,,,,,,,,,,,
CODD_TRAINING_01624,259.jpg,tile,,Construction and Demolition Waste,,,,,,,,,,,,,,,,,,,,,
CODD_TRAINING_01625,259.jpg,brick,,Construction and Demolition Waste,,,,,,,,,,,,,,,,,,,,,
CODD_TRAINING_01626,259.jpg,concrete,,Construction and Demolition Waste,,,,,,,,,,,,,,,,,,,,,
CODD_TRAINING_01627,259.jpg,tile,,Construction and Demolition Waste,,,,,,,,,,,,,,,,,,,,,
CODD_TRAINING_01628,26.jpg,brick,,Construction and Demolition Waste,,,,,,,,,,,,,,,,,,,,,
CODD_TRAINING_01629,26.jpg,concrete,,Construction and Demolition Waste,,,,,,,,,,,,,,,,,,,,,
CODD_TRAINING_01630,26.jpg,tile,,Construction and Demolition Waste,,,,,,,,,,,,,,,,,,,,,
CODD_TRAINING_01631,26.jpg,brick,,Construction and Demolition Waste,,,,,,,,,,,,,,,,,,,,,
CODD_TRAINING_01632,26.jpg,concrete,,Construction and Demolition Waste,,,,,,,,,,,,,,,,,,,,,
CODD_TRAINING_01633,26.jpg,tile,,Construction and Demolition Waste,,,,,,,,,,,,,,,,,,,,,
CODD_TRAINING_01634,26.jpg,brick,,Construction and Demolition Waste,,,,,,,,,,,,,,,,,,,,,
CODD_TRAINING_01635,26.jpg,concrete,,Construction and Demolition Waste,,,,,,,,,,,,,,,,,,,,,
CODD_TRAINING_01636,26.jpg,tile,,Construction and Demolition Waste,,,,,,,,,,,,,,,,,,,,,
CODD_TRAINING_01637,26.jpg,brick,,Construction and Demolition Waste,,,,,,,,,,,,,,,,,,,,,
CODD_TRAINING_01638,26.jpg,concrete,,Construction and Demolition Waste,,,,,,,,,,,,,,,,,,,,,
CODD_TRAINING_01639,26.jpg,tile,,Construction and Demolition Waste,,,,,,,,,,,,,,,,,,,,,
CODD_TRAINING_01640,260.jpg,brick,,Construction and Demolition Waste,,,,,,,,,,,,,,,,,,,,,
CODD_TRAINING_01641,260.jpg,concrete,,Construction and Demolition Waste,,,,,,,,,,,,,,,,,,,,,
CODD_TRAINING_01642,260.jpg,tile,,Construction and Demolition Waste,,,,,,,,,,,,,,,,,,,,,
CODD_TRAINING_01643,260.jpg,brick,,Construction and Demolition Waste,,,,,,,,,,,,,,,,,,,,,
CODD_TRAINING_01644,260.jpg,concrete,,Construction and Demolition Waste,,,,,,,,,,,,,,,,,,,,,
CODD_TRAINING_01645,260.jpg,tile,,Construction and Demolition Waste,,,,,,,,,,,,,,,,,,,,,
CODD_TRAINING_01646,260.jpg,brick,,Construction and Demolition Waste,,,,,,,,,,,,,,,,,,,,,
CODD_TRAINING_01647,260.jpg,concrete,,Construction and Demolition Waste,,,,,,,,,,,,,,,,,,,,,
CODD_TRAINING_01648,260.jpg,tile,,Construction and Demolition Waste,,,,,,,,,,,,,,,,,,,,,
CODD_TRAINING_01649,260.jpg,tile,,Construction and Demolition Waste,,,,,,,,,,,,,,,,,,,,,
CODD_TRAINING_01650,260.jpg,brick,,Construction and Demolition Waste,,,,,,,,,,,,,,,,,,,,,
CODD_TRAINING_01651,261.jpg,brick,,Construction and Demolition Waste,,,,,,,,,,,,,,,,,,,,,
CODD_TRAINING_01652,261.jpg,concrete,,Construction and Demolition Waste,,,,,,,,,,,,,,,,,,,,,
CODD_TRAINING_01653,261.jpg,tile,,Construction and Demolition Waste,,,,,,,,,,,,,,,,,,,,,
CODD_TRAINING_01654,261.jpg,brick,,Construction and Demolition Waste,,,,,,,,,,,,,,,,,,,,,
CODD_TRAINING_01655,261.jpg,concrete,,Construction and Demolition Waste,,,,,,,,,,,,,,,,,,,,,
CODD_TRAINING_01656,261.jpg,tile,,Construction and Demolition Waste,,,,,,,,,,,,,,,,,,,,,
CODD_TRAINING_01657,261.jpg,brick,,Construction and Demolition Waste,,,,,,,,,,,,,,,,,,,,,
CODD_TRAINING_01658,261.jpg,concrete,,Construction and Demolition Waste,,,,,,,,,,,,,,,,,,,,,
CODD_TRAINING_01659,261.jpg,tile,,Construction and Demolition Waste,,,,,,,,,,,,,,,,,,,,,
CODD_TRAINING_01660,261.jpg,brick,,Construction and Demolition Waste,,,,,,,,,,,,,,,,,,,,,
CODD_TRAINING_01661,261.jpg,concrete,,Construction and Demolition Waste,,,,,,,,,,,,,,,,,,,,,
CODD_TRAINING_01662,261.jpg,tile,,Construction and Demolition Waste,,,,,,,,,,,,,,,,,,,,,
CODD_TRAINING_01663,263.jpg,brick,,Construction and Demolition Waste,,,,,,,,,,,,,,,,,,,,,
CODD_TRAINING_01664,263.jpg,concrete,,Construction and Demolition Waste,,,,,,,,,,,,,,,,,,,,,
CODD_TRAINING_01665,263.jpg,tile,,Construction and Demolition Waste,,,,,,,,,,,,,,,,,,,,,
CODD_TRAINING_01666,263.jpg,brick,,Construction and Demolition Waste,,,,,,,,,,,,,,,,,,,,,
CODD_TRAINING_01667,263.jpg,concrete,,Construction and Demolition Waste,,,,,,,,,,,,,,,,,,,,,
CODD_TRAINING_01668,263.jpg,tile,,Construction and Demolition Waste,,,,,,,,,,,,,,,,,,,,,
CODD_TRAINING_01669,263.jpg,brick,,Construction and Demolition Waste,,,,,,,,,,,,,,,,,,,,,
CODD_TRAINING_01670,263.jpg,concrete,,Construction and Demolition Waste,,,,,,,,,,,,,,,,,,,,,
CODD_TRAINING_01671,263.jpg,tile,,Construction and Demolition Waste,,,,,,,,,,,,,,,,,,,,,
CODD_TRAINING_01672,263.jpg,brick,,Construction and Demolition Waste,,,,,,,,,,,,,,,,,,,,,
CODD_TRAINING_01673,263.jpg,concrete,,Construction and Demolition Waste,,,,,,,,,,,,,,,,,,,,,
CODD_TRAINING_01674,263.jpg,tile,,Construction and Demolition Waste,,,,,,,,,,,,,,,,,,,,,
CODD_TRAINING_01675,267.jpg,brick,,Construction and Demolition Waste,,,,,,,,,,,,,,,,,,,,,
CODD_TRAINING_01676,267.jpg,concrete,,Construction and Demolition Waste,,,,,,,,,,,,,,,,,,,,,
CODD_TRAINING_01677,267.jpg,tile,,Construction and Demolition Waste,,,,,,,,,,,,,,,,,,,,,
CODD_TRAINING_01678,267.jpg,brick,,Construction and Demolition Waste,,,,,,,,,,,,,,,,,,,,,
CODD_TRAINING_01679,267.jpg,concrete,,Construction and Demolition Waste,,,,,,,,,,,,,,,,,,,,,
CODD_TRAINING_01680,267.jpg,tile,,Construction and Demolition Waste,,,,,,,,,,,,,,,,,,,,,
CODD_TRAINING_01681,267.jpg,brick,,Construction and Demolition Waste,,,,,,,,,,,,,,,,,,,,,
CODD_TRAINING_01682,267.jpg,concrete,,Construction and Demolition Waste,,,,,,,,,,,,,,,,,,,,,
CODD_TRAINING_01683,267.jpg,tile,,Construction and Demolition Waste,,,,,,,,,,,,,,,,,,,,,
CODD_TRAINING_01684,267.jpg,brick,,Construction and Demolition Waste,,,,,,,,,,,,,,,,,,,,,
CODD_TRAINING_01685,267.jpg,concrete,,Construction and Demolition Waste,,,,,,,,,,,,,,,,,,,,,
CODD_TRAINING_01686,267.jpg,tile,,Construction and Demolition Waste,,,,,,,,,,,,,,,,,,,,,
CODD_TRAINING_01687,267.jpg,tile,,Construction and Demolition Waste,,,,,,,,,,,,,,,,,,,,,
CODD_TRAINING_01688,268.jpg,brick,,Construction and Demolition Waste,,,,,,,,,,,,,,,,,,,,,
CODD_TRAINING_01689,268.jpg,concrete,,Construction and Demolition Waste,,,,,,,,,,,,,,,,,,,,,
CODD_TRAINING_01690,268.jpg,tile,,Construction and Demolition Waste,,,,,,,,,,,,,,,,,,,,,
CODD_TRAINING_01691,268.jpg,brick,,Construction and Demolition Waste,,,,,,,,,,,,,,,,,,,,,
CODD_TRAINING_01692,268.jpg,concrete,,Construction and Demolition Waste,,,,,,,,,,,,,,,,,,,,,
CODD_TRAINING_01693,268.jpg,tile,,Construction and Demolition Waste,,,,,,,,,,,,,,,,,,,,,
CODD_TRAINING_01694,268.jpg,brick,,Construction and Demolition Waste,,,,,,,,,,,,,,,,,,,,,
CODD_TRAINING_01695,268.jpg,concrete,,Construction and Demolition Waste,,,,,,,,,,,,,,,,,,,,,
CODD_TRAINING_01696,268.jpg,tile,,Construction and Demolition Waste,,,,,,,,,,,,,,,,,,,,,
CODD_TRAINING_01697,268.jpg,brick,,Construction and Demolition Waste,,,,,,,,,,,,,,,,,,,,,
CODD_TRAINING_01698,268.jpg,concrete,,Construction and Demolition Waste,,,,,,,,,,,,,,,,,,,,,
CODD_TRAINING_01699,268.jpg,tile,,Construction and Demolition Waste,,,,,,,,,,,,,,,,,,,,,
CODD_TRAINING_01700,27.jpg,brick,,Construction and Demolition Waste,,,,,,,,,,,,,,,,,,,,,
CODD_TRAINING_01701,27.jpg,concrete,,Construction and Demolition Waste,,,,,,,,,,,,,,,,,,,,,
CODD_TRAINING_01702,27.jpg,tile,,Construction and Demolition Waste,,,,,,,,,,,,,,,,,,,,,
CODD_TRAINING_01703,27.jpg,brick,,Construction and Demolition Waste,,,,,,,,,,,,,,,,,,,,,
CODD_TRAINING_01704,27.jpg,concrete,,Construction and Demolition Waste,,,,,,,,,,,,,,,,,,,,,
CODD_TRAINING_01705,27.jpg,tile,,Construction and Demolition Waste,,,,,,,,,,,,,,,,,,,,,
CODD_TRAINING_01706,27.jpg,tile,,Construction and Demolition Waste,,,,,,,,,,,,,,,,,,,,,
CODD_TRAINING_01707,27.jpg,brick,,Construction and Demolition Waste,,,,,,,,,,,,,,,,,,,,,
CODD_TRAINING_01708,27.jpg,concrete,,Construction and Demolition Waste,,,,,,,,,,,,,,,,,,,,,
CODD_TRAINING_01709,27.jpg,tile,,Construction and Demolition Waste,,,,,,,,,,,,,,,,,,,,,
CODD_TRAINING_01710,27.jpg,brick,,Construction and Demolition Waste,,,,,,,,,,,,,,,,,,,,,
CODD_TRAINING_01711,27.jpg,concrete,,Construction and Demolition Waste,,,,,,,,,,,,,,,,,,,,,
CODD_TRAINING_01712,27.jpg,tile,,Construction and Demolition Waste,,,,,,,,,,,,,,,,,,,,,
CODD_TRAINING_01713,271.jpg,brick,,Construction and Demolition Waste,,,,,,,,,,,,,,,,,,,,,
CODD_TRAINING_01714,271.jpg,concrete,,Construction and Demolition Waste,,,,,,,,,,,,,,,,,,,,,
CODD_TRAINING_01715,271.jpg,tile,,Construction and Demolition Waste,,,,,,,,,,,,,,,,,,,,,
CODD_TRAINING_01716,271.jpg,brick,,Construction and Demolition Waste,,,,,,,,,,,,,,,,,,,,,
CODD_TRAINING_01717,271.jpg,concrete,,Construction and Demolition Waste,,,,,,,,,,,,,,,,,,,,,
CODD_TRAINING_01718,271.jpg,tile,,Construction and Demolition Waste,,,,,,,,,,,,,,,,,,,,,
CODD_TRAINING_01719,271.jpg,brick,,Construction and Demolition Waste,,,,,,,,,,,,,,,,,,,,,
CODD_TRAINING_01720,271.jpg,concrete,,Construction and Demolition Waste,,,,,,,,,,,,,,,,,,,,,
CODD_TRAINING_01721,271.jpg,tile,,Construction and Demolition Waste,,,,,,,,,,,,,,,,,,,,,
CODD_TRAINING_01722,271.jpg,brick,,Construction and Demolition Waste,,,,,,,,,,,,,,,,,,,,,
CODD_TRAINING_01723,271.jpg,concrete,,Construction and Demolition Waste,,,,,,,,,,,,,,,,,,,,,
CODD_TRAINING_01724,271.jpg,tile,,Construction and Demolition Waste,,,,,,,,,,,,,,,,,,,,,
CODD_TRAINING_01725,272.jpg,brick,,Construction and Demolition Waste,,,,,,,,,,,,,,,,,,,,,
CODD_TRAINING_01726,272.jpg,concrete,,Construction and Demolition Waste,,,,,,,,,,,,,,,,,,,,,
CODD_TRAINING_01727,272.jpg,tile,,Construction and Demolition Waste,,,,,,,,,,,,,,,,,,,,,
CODD_TRAINING_01728,272.jpg,brick,,Construction and Demolition Waste,,,,,,,,,,,,,,,,,,,,,
CODD_TRAINING_01729,272.jpg,concrete,,Construction and Demolition Waste,,,,,,,,,,,,,,,,,,,,,
CODD_TRAINING_01730,272.jpg,tile,,Construction and Demolition Waste,,,,,,,,,,,,,,,,,,,,,
CODD_TRAINING_01731,272.jpg,brick,,Construction and Demolition Waste,,,,,,,,,,,,,,,,,,,,,
CODD_TRAINING_01732,272.jpg,concrete,,Construction and Demolition Waste,,,,,,,,,,,,,,,,,,,,,
CODD_TRAINING_01733,272.jpg,tile,,Construction and Demolition Waste,,,,,,,,,,,,,,,,,,,,,
CODD_TRAINING_01734,272.jpg,brick,,Construction and Demolition Waste,,,,,,,,,,,,,,,,,,,,,
CODD_TRAINING_01735,272.jpg,concrete,,Construction and Demolition Waste,,,,,,,,,,,,,,,,,,,,,
CODD_TRAINING_01736,272.jpg,tile,,Construction and Demolition Waste,,,,,,,,,,,,,,,,,,,,,
CODD_TRAINING_01737,273.jpg,brick,,Construction and Demolition Waste,,,,,,,,,,,,,,,,,,,,,
CODD_TRAINING_01738,273.jpg,concrete,,Construction and Demolition Waste,,,,,,,,,,,,,,,,,,,,,
CODD_TRAINING_01739,273.jpg,tile,,Construction and Demolition Waste,,,,,,,,,,,,,,,,,,,,,
CODD_TRAINING_01740,273.jpg,brick,,Construction and Demolition Waste,,,,,,,,,,,,,,,,,,,,,
CODD_TRAINING_01741,273.jpg,concrete,,Construction and Demolition Waste,,,,,,,,,,,,,,,,,,,,,
CODD_TRAINING_01742,273.jpg,tile,,Construction and Demolition Waste,,,,,,,,,,,,,,,,,,,,,
CODD_TRAINING_01743,273.jpg,brick,,Construction and Demolition Waste,,,,,,,,,,,,,,,,,,,,,
CODD_TRAINING_01744,273.jpg,concrete,,Construction and Demolition Waste,,,,,,,,,,,,,,,,,,,,,
CODD_TRAINING_01745,273.jpg,tile,,Construction and Demolition Waste,,,,,,,,,,,,,,,,,,,,,
CODD_TRAINING_01746,273.jpg,brick,,Construction and Demolition Waste,,,,,,,,,,,,,,,,,,,,,
CODD_TRAINING_01747,273.jpg,concrete,,Construction and Demolition Waste,,,,,,,,,,,,,,,,,,,,,
CODD_TRAINING_01748,273.jpg,tile,,Construction and Demolition Waste,,,,,,,,,,,,,,,,,,,,,
CODD_TRAINING_01749,275.jpg,brick,,Construction and Demolition Waste,,,,,,,,,,,,,,,,,,,,,
CODD_TRAINING_01750,275.jpg,concrete,,Construction and Demolition Waste,,,,,,,,,,,,,,,,,,,,,
CODD_TRAINING_01751,275.jpg,tile,,Construction and Demolition Waste,,,,,,,,,,,,,,,,,,,,,
CODD_TRAINING_01752,275.jpg,brick,,Construction and Demolition Waste,,,,,,,,,,,,,,,,,,,,,
CODD_TRAINING_01753,275.jpg,concrete,,Construction and Demolition Waste,,,,,,,,,,,,,,,,,,,,,
CODD_TRAINING_01754,275.jpg,tile,,Construction and Demolition Waste,,,,,,,,,,,,,,,,,,,,,
CODD_TRAINING_01755,275.jpg,brick,,Construction and Demolition Waste,,,,,,,,,,,,,,,,,,,,,
CODD_TRAINING_01756,275.jpg,concrete,,Construction and Demolition Waste,,,,,,,,,,,,,,,,,,,,,
CODD_TRAINING_01757,275.jpg,tile,,Construction and Demolition Waste,,,,,,,,,,,,,,,,,,,,,
CODD_TRAINING_01758,275.jpg,brick,,Construction and Demolition Waste,,,,,,,,,,,,,,,,,,,,,
CODD_TRAINING_01759,275.jpg,concrete,,Construction and Demolition Waste,,,,,,,,,,,,,,,,,,,,,
CODD_TRAINING_01760,275.jpg,tile,,Construction and Demolition Waste,,,,,,,,,,,,,,,,,,,,,
CODD_TRAINING_01761,276.jpg,brick,,Construction and Demolition Waste,,,,,,,,,,,,,,,,,,,,,
CODD_TRAINING_01762,276.jpg,concrete,,Construction and Demolition Waste,,,,,,,,,,,,,,,,,,,,,
CODD_TRAINING_01763,276.jpg,tile,,Construction and Demolition Waste,,,,,,,,,,,,,,,,,,,,,
CODD_TRAINING_01764,276.jpg,brick,,Construction and Demolition Waste,,,,,,,,,,,,,,,,,,,,,
CODD_TRAINING_01765,276.jpg,concrete,,Construction and Demolition Waste,,,,,,,,,,,,,,,,,,,,,
CODD_TRAINING_01766,276.jpg,tile,,Construction and Demolition Waste,,,,,,,,,,,,,,,,,,,,,
CODD_TRAINING_01767,276.jpg,brick,,Construction and Demolition Waste,,,,,,,,,,,,,,,,,,,,,
CODD_TRAINING_01768,276.jpg,concrete,,Construction and Demolition Waste,,,,,,,,,,,,,,,,,,,,,
CODD_TRAINING_01769,276.jpg,tile,,Construction and Demolition Waste,,,,,,,,,,,,,,,,,,,,,
CODD_TRAINING_01770,276.jpg,brick,,Construction and Demolition Waste,,,,,,,,,,,,,,,,,,,,,
CODD_TRAINING_01771,276.jpg,concrete,,Construction and Demolition Waste,,,,,,,,,,,,,,,,,,,,,
CODD_TRAINING_01772,276.jpg,tile,,Construction and Demolition Waste,,,,,,,,,,,,,,,,,,,,,
CODD_TRAINING_01773,280.jpg,brick,,Construction and Demolition Waste,,,,,,,,,,,,,,,,,,,,,
CODD_TRAINING_01774,280.jpg,concrete,,Construction and Demolition Waste,,,,,,,,,,,,,,,,,,,,,
CODD_TRAINING_01775,280.jpg,tile,,Construction and Demolition Waste,,,,,,,,,,,,,,,,,,,,,
CODD_TRAINING_01776,280.jpg,brick,,Construction and Demolition Waste,,,,,,,,,,,,,,,,,,,,,
CODD_TRAINING_01777,280.jpg,concrete,,Construction and Demolition Waste,,,,,,,,,,,,,,,,,,,,,
CODD_TRAINING_01778,280.jpg,tile,,Construction and Demolition Waste,,,,,,,,,,,,,,,,,,,,,
CODD_TRAINING_01779,280.jpg,brick,,Construction and Demolition Waste,,,,,,,,,,,,,,,,,,,,,
CODD_TRAINING_01780,280.jpg,concrete,,Construction and Demolition Waste,,,,,,,,,,,,,,,,,,,,,
CODD_TRAINING_01781,280.jpg,tile,,Construction and Demolition Waste,,,,,,,,,,,,,,,,,,,,,
CODD_TRAINING_01782,280.jpg,brick,,Construction and Demolition Waste,,,,,,,,,,,,,,,,,,,,,
CODD_TRAINING_01783,280.jpg,concrete,,Construction and Demolition Waste,,,,,,,,,,,,,,,,,,,,,
CODD_TRAINING_01784,280.jpg,tile,,Construction and Demolition Waste,,,,,,,,,,,,,,,,,,,,,
CODD_TRAINING_01785,282.jpg,brick,,Construction and Demolition Waste,,,,,,,,,,,,,,,,,,,,,
CODD_TRAINING_01786,282.jpg,concrete,,Construction and Demolition Waste,,,,,,,,,,,,,,,,,,,,,
CODD_TRAINING_01787,282.jpg,tile,,Construction and Demolition Waste,,,,,,,,,,,,,,,,,,,,,
CODD_TRAINING_01788,282.jpg,brick,,Construction and Demolition Waste,,,,,,,,,,,,,,,,,,,,,
CODD_TRAINING_01789,282.jpg,concrete,,Construction and Demolition Waste,,,,,,,,,,,,,,,,,,,,,
CODD_TRAINING_01790,282.jpg,tile,,Construction and Demolition Waste,,,,,,,,,,,,,,,,,,,,,
CODD_TRAINING_01791,282.jpg,brick,,Construction and Demolition Waste,,,,,,,,,,,,,,,,,,,,,
CODD_TRAINING_01792,282.jpg,concrete,,Construction and Demolition Waste,,,,,,,,,,,,,,,,,,,,,
CODD_TRAINING_01793,282.jpg,tile,,Construction and Demolition Waste,,,,,,,,,,,,,,,,,,,,,
CODD_TRAINING_01794,282.jpg,concrete,,Construction and Demolition Waste,,,,,,,,,,,,,,,,,,,,,
CODD_TRAINING_01795,282.jpg,tile,,Construction and Demolition Waste,,,,,,,,,,,,,,,,,,,,,
CODD_TRAINING_01796,283.jpg,brick,,Construction and Demolition Waste,,,,,,,,,,,,,,,,,,,,,
CODD_TRAINING_01797,283.jpg,concrete,,Construction and Demolition Waste,,,,,,,,,,,,,,,,,,,,,
CODD_TRAINING_01798,283.jpg,tile,,Construction and Demolition Waste,,,,,,,,,,,,,,,,,,,,,
CODD_TRAINING_01799,283.jpg,brick,,Construction and Demolition Waste,,,,,,,,,,,,,,,,,,,,,
CODD_TRAINING_01800,283.jpg,concrete,,Construction and Demolition Waste,,,,,,,,,,,,,,,,,,,,,
CODD_TRAINING_01801,283.jpg,tile,,Construction and Demolition Waste,,,,,,,,,,,,,,,,,,,,,
CODD_TRAINING_01802,283.jpg,brick,,Construction and Demolition Waste,,,,,,,,,,,,,,,,,,,,,
CODD_TRAINING_01803,283.jpg,concrete,,Construction and Demolition Waste,,,,,,,,,,,,,,,,,,,,,
CODD_TRAINING_01804,283.jpg,tile,,Construction and Demolition Waste,,,,,,,,,,,,,,,,,,,,,
CODD_TRAINING_01805,283.jpg,brick,,Construction and Demolition Waste,,,,,,,,,,,,,,,,,,,,,
CODD_TRAINING_01806,283.jpg,tile,,Construction and Demolition Waste,,,,,,,,,,,,,,,,,,,,,
CODD_TRAINING_01807,2836.jpg,foam,,Construction and Demolition Waste,,,,,,,,,,,,,,,,,,,,,
CODD_TRAINING_01808,2836.jpg,foam,,Construction and Demolition Waste,,,,,,,,,,,,,,,,,,,,,
CODD_TRAINING_01809,2837.jpg,foam,,Construction and Demolition Waste,,,,,,,,,,,,,,,,,,,,,
CODD_TRAINING_01810,2837.jpg,foam,,Construction and Demolition Waste,,,,,,,,,,,,,,,,,,,,,
CODD_TRAINING_01811,2838.jpg,foam,,Construction and Demolition Waste,,,,,,,,,,,,,,,,,,,,,
CODD_TRAINING_01812,2838.jpg,foam,,Construction and Demolition Waste,,,,,,,,,,,,,,,,,,,,,
CODD_TRAINING_01813,2839.jpg,foam,,Construction and Demolition Waste,,,,,,,,,,,,,,,,,,,,,
CODD_TRAINING_01814,2839.jpg,foam,,Construction and Demolition Waste,,,,,,,,,,,,,,,,,,,,,
CODD_TRAINING_01815,2839.jpg,foam,,Construction and Demolition Waste,,,,,,,,,,,,,,,,,,,,,
CODD_TRAINING_01816,2839.jpg,foam,,Construction and Demolition Waste,,,,,,,,,,,,,,,,,,,,,
CODD_TRAINING_01817,2839.jpg,foam,,Construction and Demolition Waste,,,,,,,,,,,,,,,,,,,,,
CODD_TRAINING_01818,2839.jpg,foam,,Construction and Demolition Waste,,,,,,,,,,,,,,,,,,,,,
CODD_TRAINING_01819,2839.jpg,foam,,Construction and Demolition Waste,,,,,,,,,,,,,,,,,,,,,
CODD_TRAINING_01820,284.jpg,brick,,Construction and Demolition Waste,,,,,,,,,,,,,,,,,,,,,
CODD_TRAINING_01821,284.jpg,concrete,,Construction and Demolition Waste,,,,,,,,,,,,,,,,,,,,,
CODD_TRAINING_01822,284.jpg,tile,,Construction and Demolition Waste,,,,,,,,,,,,,,,,,,,,,
CODD_TRAINING_01823,284.jpg,brick,,Construction and Demolition Waste,,,,,,,,,,,,,,,,,,,,,
CODD_TRAINING_01824,284.jpg,concrete,,Construction and Demolition Waste,,,,,,,,,,,,,,,,,,,,,
CODD_TRAINING_01825,284.jpg,tile,,Construction and Demolition Waste,,,,,,,,,,,,,,,,,,,,,
CODD_TRAINING_01826,284.jpg,brick,,Construction and Demolition Waste,,,,,,,,,,,,,,,,,,,,,
CODD_TRAINING_01827,284.jpg,concrete,,Construction and Demolition Waste,,,,,,,,,,,,,,,,,,,,,
CODD_TRAINING_01828,284.jpg,tile,,Construction and Demolition Waste,,,,,,,,,,,,,,,,,,,,,
CODD_TRAINING_01829,284.jpg,brick,,Construction and Demolition Waste,,,,,,,,,,,,,,,,,,,,,
CODD_TRAINING_01830,284.jpg,concrete,,Construction and Demolition Waste,,,,,,,,,,,,,,,,,,,,,
CODD_TRAINING_01831,284.jpg,tile,,Construction and Demolition Waste,,,,,,,,,,,,,,,,,,,,,
CODD_TRAINING_01832,2840.jpg,foam,,Construction and Demolition Waste,,,,,,,,,,,,,,,,,,,,,
CODD_TRAINING_01833,2840.jpg,foam,,Construction and Demolition Waste,,,,,,,,,,,,,,,,,,,,,
CODD_TRAINING_01834,2840.jpg,foam,,Construction and Demolition Waste,,,,,,,,,,,,,,,,,,,,,
CODD_TRAINING_01835,2840.jpg,foam,,Construction and Demolition Waste,,,,,,,,,,,,,,,,,,,,,
CODD_TRAINING_01836,2840.jpg,foam,,Construction and Demolition Waste,,,,,,,,,,,,,,,,,,,,,
CODD_TRAINING_01837,2840.jpg,foam,,Construction and Demolition Waste,,,,,,,,,,,,,,,,,,,,,
CODD_TRAINING_01838,2840.jpg,foam,,Construction and Demolition Waste,,,,,,,,,,,,,,,,,,,,,
CODD_TRAINING_01839,2841.jpg,foam,,Construction and Demolition Waste,,,,,,,,,,,,,,,,,,,,,
CODD_TRAINING_01840,2841.jpg,foam,,Construction and Demolition Waste,,,,,,,,,,,,,,,,,,,,,
CODD_TRAINING_01841,2841.jpg,foam,,Construction and Demolition Waste,,,,,,,,,,,,,,,,,,,,,
CODD_TRAINING_01842,2841.jpg,foam,,Construction and Demolition Waste,,,,,,,,,,,,,,,,,,,,,
CODD_TRAINING_01843,2841.jpg,foam,,Construction and Demolition Waste,,,,,,,,,,,,,,,,,,,,,
CODD_TRAINING_01844,2841.jpg,foam,,Construction and Demolition Waste,,,,,,,,,,,,,,,,,,,,,
CODD_TRAINING_01845,2841.jpg,foam,,Construction and Demolition Waste,,,,,,,,,,,,,,,,,,,,,
CODD_TRAINING_01846,2841.jpg,foam,,Construction and Demolition Waste,,,,,,,,,,,,,,,,,,,,,
CODD_TRAINING_01847,2842.jpg,foam,,Construction and Demolition Waste,,,,,,,,,,,,,,,,,,,,,
CODD_TRAINING_01848,2842.jpg,foam,,Construction and Demolition Waste,,,,,,,,,,,,,,,,,,,,,
CODD_TRAINING_01849,2842.jpg,foam,,Construction and Demolition Waste,,,,,,,,,,,,,,,,,,,,,
CODD_TRAINING_01850,2842.jpg,foam,,Construction and Demolition Waste,,,,,,,,,,,,,,,,,,,,,
CODD_TRAINING_01851,2842.jpg,foam,,Construction and Demolition Waste,,,,,,,,,,,,,,,,,,,,,
CODD_TRAINING_01852,2843.jpg,foam,,Construction and Demolition Waste,,,,,,,,,,,,,,,,,,,,,
CODD_TRAINING_01853,2843.jpg,foam,,Construction and Demolition Waste,,,,,,,,,,,,,,,,,,,,,
CODD_TRAINING_01854,2843.jpg,foam,,Construction and Demolition Waste,,,,,,,,,,,,,,,,,,,,,
CODD_TRAINING_01855,2843.jpg,foam,,Construction and Demolition Waste,,,,,,,,,,,,,,,,,,,,,
CODD_TRAINING_01856,2844.jpg,foam,,Construction and Demolition Waste,,,,,,,,,,,,,,,,,,,,,
CODD_TRAINING_01857,2844.jpg,foam,,Construction and Demolition Waste,,,,,,,,,,,,,,,,,,,,,
CODD_TRAINING_01858,2844.jpg,foam,,Construction and Demolition Waste,,,,,,,,,,,,,,,,,,,,,
CODD_TRAINING_01859,2844.jpg,foam,,Construction and Demolition Waste,,,,,,,,,,,,,,,,,,,,,
CODD_TRAINING_01860,2844.jpg,foam,,Construction and Demolition Waste,,,,,,,,,,,,,,,,,,,,,
CODD_TRAINING_01861,2844.jpg,foam,,Construction and Demolition Waste,,,,,,,,,,,,,,,,,,,,,
CODD_TRAINING_01862,2844.jpg,foam,,Construction and Demolition Waste,,,,,,,,,,,,,,,,,,,,,
CODD_TRAINING_01863,2844.jpg,foam,,Construction and Demolition Waste,,,,,,,,,,,,,,,,,,,,,
CODD_TRAINING_01864,2845.jpg,foam,,Construction and Demolition Waste,,,,,,,,,,,,,,,,,,,,,
CODD_TRAINING_01865,2845.jpg,foam,,Construction and Demolition Waste,,,,,,,,,,,,,,,,,,,,,
CODD_TRAINING_01866,2847.jpg,foam,,Construction and Demolition Waste,,,,,,,,,,,,,,,,,,,,,
CODD_TRAINING_01867,2847.jpg,foam,,Construction and Demolition Waste,,,,,,,,,,,,,,,,,,,,,
CODD_TRAINING_01868,2847.jpg,foam,,Construction and Demolition Waste,,,,,,,,,,,,,,,,,,,,,
CODD_TRAINING_01869,2847.jpg,foam,,Construction and Demolition Waste,,,,,,,,,,,,,,,,,,,,,
CODD_TRAINING_01870,2847.jpg,foam,,Construction and Demolition Waste,,,,,,,,,,,,,,,,,,,,,
CODD_TRAINING_01871,2847.jpg,foam,,Construction and Demolition Waste,,,,,,,,,,,,,,,,,,,,,
CODD_TRAINING_01872,2847.jpg,foam,,Construction and Demolition Waste,,,,,,,,,,,,,,,,,,,,,
CODD_TRAINING_01873,2847.jpg,foam,,Construction and Demolition Waste,,,,,,,,,,,,,,,,,,,,,
CODD_TRAINING_01874,2847.jpg,foam,,Construction and Demolition Waste,,,,,,,,,,,,,,,,,,,,,
CODD_TRAINING_01875,2848.jpg,foam,,Construction and Demolition Waste,,,,,,,,,,,,,,,,,,,,,
CODD_TRAINING_01876,2848.jpg,foam,,Construction and Demolition Waste,,,,,,,,,,,,,,,,,,,,,
CODD_TRAINING_01877,2848.jpg,foam,,Construction and Demolition Waste,,,,,,,,,,,,,,,,,,,,,
CODD_TRAINING_01878,2848.jpg,foam,,Construction and Demolition Waste,,,,,,,,,,,,,,,,,,,,,
CODD_TRAINING_01879,2848.jpg,foam,,Construction and Demolition Waste,,,,,,,,,,,,,,,,,,,,,
CODD_TRAINING_01880,2848.jpg,foam,,Construction and Demolition Waste,,,,,,,,,,,,,,,,,,,,,
CODD_TRAINING_01881,2849.jpg,foam,,Construction and Demolition Waste,,,,,,,,,,,,,,,,,,,,,
CODD_TRAINING_01882,2849.jpg,foam,,Construction and Demolition Waste,,,,,,,,,,,,,,,,,,,,,
CODD_TRAINING_01883,2850.jpg,foam,,Construction and Demolition Waste,,,,,,,,,,,,,,,,,,,,,
CODD_TRAINING_01884,2850.jpg,foam,,Construction and Demolition Waste,,,,,,,,,,,,,,,,,,,,,
CODD_TRAINING_01885,2853.jpg,foam,,Construction and Demolition Waste,,,,,,,,,,,,,,,,,,,,,
CODD_TRAINING_01886,2853.jpg,foam,,Construction and Demolition Waste,,,,,,,,,,,,,,,,,,,,,
CODD_TRAINING_01887,2853.jpg,foam,,Construction and Demolition Waste,,,,,,,,,,,,,,,,,,,,,
CODD_TRAINING_01888,2857.jpg,foam,,Construction and Demolition Waste,,,,,,,,,,,,,,,,,,,,,
CODD_TRAINING_01889,2857.jpg,foam,,Construction and Demolition Waste,,,,,,,,,,,,,,,,,,,,,
CODD_TRAINING_01890,2857.jpg,foam,,Construction and Demolition Waste,,,,,,,,,,,,,,,,,,,,,
CODD_TRAINING_01891,2858.jpg,foam,,Construction and Demolition Waste,,,,,,,,,,,,,,,,,,,,,
CODD_TRAINING_01892,2858.jpg,foam,,Construction and Demolition Waste,,,,,,,,,,,,,,,,,,,,,
CODD_TRAINING_01893,2858.jpg,foam,,Construction and Demolition Waste,,,,,,,,,,,,,,,,,,,,,
CODD_TRAINING_01894,2858.jpg,foam,,Construction and Demolition Waste,,,,,,,,,,,,,,,,,,,,,
CODD_TRAINING_01895,2858.jpg,foam,,Construction and Demolition Waste,,,,,,,,,,,,,,,,,,,,,
CODD_TRAINING_01896,2858.jpg,foam,,Construction and Demolition Waste,,,,,,,,,,,,,,,,,,,,,
CODD_TRAINING_01897,2858.jpg,foam,,Construction and Demolition Waste,,,,,,,,,,,,,,,,,,,,,
CODD_TRAINING_01898,2858.jpg,foam,,Construction and Demolition Waste,,,,,,,,,,,,,,,,,,,,,
CODD_TRAINING_01899,2859.jpg,foam,,Construction and Demolition Waste,,,,,,,,,,,,,,,,,,,,,
CODD_TRAINING_01900,2860.jpg,foam,,Construction and Demolition Waste,,,,,,,,,,,,,,,,,,,,,
CODD_TRAINING_01901,2860.jpg,foam,,Construction and Demolition Waste,,,,,,,,,,,,,,,,,,,,,
CODD_TRAINING_01902,2860.jpg,foam,,Construction and Demolition Waste,,,,,,,,,,,,,,,,,,,,,
CODD_TRAINING_01903,2861.jpg,foam,,Construction and Demolition Waste,,,,,,,,,,,,,,,,,,,,,
CODD_TRAINING_01904,2861.jpg,foam,,Construction and Demolition Waste,,,,,,,,,,,,,,,,,,,,,
CODD_TRAINING_01905,2862.jpg,foam,,Construction and Demolition Waste,,,,,,,,,,,,,,,,,,,,,
CODD_TRAINING_01906,2862.jpg,foam,,Construction and Demolition Waste,,,,,,,,,,,,,,,,,,,,,
CODD_TRAINING_01907,2862.jpg,foam,,Construction and Demolition Waste,,,,,,,,,,,,,,,,,,,,,
CODD_TRAINING_01908,2862.jpg,foam,,Construction and Demolition Waste,,,,,,,,,,,,,,,,,,,,,
CODD_TRAINING_01909,2862.jpg,foam,,Construction and Demolition Waste,,,,,,,,,,,,,,,,,,,,,
CODD_TRAINING_01910,2863.jpg,foam,,Construction and Demolition Waste,,,,,,,,,,,,,,,,,,,,,
CODD_TRAINING_01911,2863.jpg,foam,,Construction and Demolition Waste,,,,,,,,,,,,,,,,,,,,,
CODD_TRAINING_01912,2863.jpg,foam,,Construction and Demolition Waste,,,,,,,,,,,,,,,,,,,,,
CODD_TRAINING_01913,2863.jpg,foam,,Construction and Demolition Waste,,,,,,,,,,,,,,,,,,,,,
CODD_TRAINING_01914,2863.jpg,foam,,Construction and Demolition Waste,,,,,,,,,,,,,,,,,,,,,
CODD_TRAINING_01915,2863.jpg,foam,,Construction and Demolition Waste,,,,,,,,,,,,,,,,,,,,,
CODD_TRAINING_01916,2863.jpg,foam,,Construction and Demolition Waste,,,,,,,,,,,,,,,,,,,,,
CODD_TRAINING_01917,2863.jpg,foam,,Construction and Demolition Waste,,,,,,,,,,,,,,,,,,,,,
CODD_TRAINING_01918,2863.jpg,foam,,Construction and Demolition Waste,,,,,,,,,,,,,,,,,,,,,
CODD_TRAINING_01919,2865.jpg,foam,,Construction and Demolition Waste,,,,,,,,,,,,,,,,,,,,,
CODD_TRAINING_01920,2865.jpg,foam,,Construction and Demolition Waste,,,,,,,,,,,,,,,,,,,,,
CODD_TRAINING_01921,2865.jpg,foam,,Construction and Demolition Waste,,,,,,,,,,,,,,,,,,,,,
CODD_TRAINING_01922,2865.jpg,foam,,Construction and Demolition Waste,,,,,,,,,,,,,,,,,,,,,
CODD_TRAINING_01923,2865.jpg,foam,,Construction and Demolition Waste,,,,,,,,,,,,,,,,,,,,,
CODD_TRAINING_01924,2865.jpg,foam,,Construction and Demolition Waste,,,,,,,,,,,,,,,,,,,,,
CODD_TRAINING_01925,2865.jpg,foam,,Construction and Demolition Waste,,,,,,,,,,,,,,,,,,,,,
CODD_TRAINING_01926,2865.jpg,foam,,Construction and Demolition Waste,,,,,,,,,,,,,,,,,,,,,
CODD_TRAINING_01927,2865.jpg,foam,,Construction and Demolition Waste,,,,,,,,,,,,,,,,,,,,,
CODD_TRAINING_01928,2865.jpg,foam,,Construction and Demolition Waste,,,,,,,,,,,,,,,,,,,,,
CODD_TRAINING_01929,2865.jpg,foam,,Construction and Demolition Waste,,,,,,,,,,,,,,,,,,,,,
CODD_TRAINING_01930,2865.jpg,foam,,Construction and Demolition Waste,,,,,,,,,,,,,,,,,,,,,
CODD_TRAINING_01931,2865.jpg,foam,,Construction and Demolition Waste,,,,,,,,,,,,,,,,,,,,,
CODD_TRAINING_01932,2865.jpg,foam,,Construction and Demolition Waste,,,,,,,,,,,,,,,,,,,,,
CODD_TRAINING_01933,2865.jpg,foam,,Construction and Demolition Waste,,,,,,,,,,,,,,,,,,,,,
CODD_TRAINING_01934,2865.jpg,foam,,Construction and Demolition Waste,,,,,,,,,,,,,,,,,,,,,
CODD_TRAINING_01935,2865.jpg,foam,,Construction and Demolition Waste,,,,,,,,,,,,,,,,,,,,,
CODD_TRAINING_01936,2865.jpg,foam,,Construction and Demolition Waste,,,,,,,,,,,,,,,,,,,,,
CODD_TRAINING_01937,2865.jpg,foam,,Construction and Demolition Waste,,,,,,,,,,,,,,,,,,,,,
CODD_TRAINING_01938,2865.jpg,foam,,Construction and Demolition Waste,,,,,,,,,,,,,,,,,,,,,
CODD_TRAINING_01939,2865.jpg,foam,,Construction and Demolition Waste,,,,,,,,,,,,,,,,,,,,,
CODD_TRAINING_01940,2865.jpg,foam,,Construction and Demolition Waste,,,,,,,,,,,,,,,,,,,,,
CODD_TRAINING_01941,2865.jpg,foam,,Construction and Demolition Waste,,,,,,,,,,,,,,,,,,,,,
CODD_TRAINING_01942,2865.jpg,foam,,Construction and Demolition Waste,,,,,,,,,,,,,,,,,,,,,
CODD_TRAINING_01943,2865.jpg,foam,,Construction and Demolition Waste,,,,,,,,,,,,,,,,,,,,,
CODD_TRAINING_01944,2865.jpg,foam,,Construction and Demolition Waste,,,,,,,,,,,,,,,,,,,,,
CODD_TRAINING_01945,2865.jpg,foam,,Construction and Demolition Waste,,,,,,,,,,,,,,,,,,,,,
CODD_TRAINING_01946,2865.jpg,foam,,Construction and Demolition Waste,,,,,,,,,,,,,,,,,,,,,
CODD_TRAINING_01947,2865.jpg,foam,,Construction and Demolition Waste,,,,,,,,,,,,,,,,,,,,,
CODD_TRAINING_01948,2865.jpg,foam,,Construction and Demolition Waste,,,,,,,,,,,,,,,,,,,,,
CODD_TRAINING_01949,2866.jpg,foam,,Construction and Demolition Waste,,,,,,,,,,,,,,,,,,,,,
CODD_TRAINING_01950,2866.jpg,foam,,Construction and Demolition Waste,,,,,,,,,,,,,,,,,,,,,
CODD_TRAINING_01951,2866.jpg,foam,,Construction and Demolition Waste,,,,,,,,,,,,,,,,,,,,,
CODD_TRAINING_01952,2866.jpg,foam,,Construction and Demolition Waste,,,,,,,,,,,,,,,,,,,,,
CODD_TRAINING_01953,2866.jpg,foam,,Construction and Demolition Waste,,,,,,,,,,,,,,,,,,,,,
CODD_TRAINING_01954,2866.jpg,foam,,Construction and Demolition Waste,,,,,,,,,,,,,,,,,,,,,
CODD_TRAINING_01955,2866.jpg,foam,,Construction and Demolition Waste,,,,,,,,,,,,,,,,,,,,,
CODD_TRAINING_01956,2866.jpg,foam,,Construction and Demolition Waste,,,,,,,,,,,,,,,,,,,,,
CODD_TRAINING_01957,2866.jpg,foam,,Construction and Demolition Waste,,,,,,,,,,,,,,,,,,,,,
CODD_TRAINING_01958,2866.jpg,foam,,Construction and Demolition Waste,,,,,,,,,,,,,,,,,,,,,
CODD_TRAINING_01959,2866.jpg,foam,,Construction and Demolition Waste,,,,,,,,,,,,,,,,,,,,,
CODD_TRAINING_01960,2866.jpg,foam,,Construction and Demolition Waste,,,,,,,,,,,,,,,,,,,,,
CODD_TRAINING_01961,2866.jpg,foam,,Construction and Demolition Waste,,,,,,,,,,,,,,,,,,,,,
CODD_TRAINING_01962,2866.jpg,foam,,Construction and Demolition Waste,,,,,,,,,,,,,,,,,,,,,
CODD_TRAINING_01963,2866.jpg,foam,,Construction and Demolition Waste,,,,,,,,,,,,,,,,,,,,,
CODD_TRAINING_01964,2866.jpg,foam,,Construction and Demolition Waste,,,,,,,,,,,,,,,,,,,,,
CODD_TRAINING_01965,2866.jpg,foam,,Construction and Demolition Waste,,,,,,,,,,,,,,,,,,,,,
CODD_TRAINING_01966,2866.jpg,foam,,Construction and Demolition Waste,,,,,,,,,,,,,,,,,,,,,
CODD_TRAINING_01967,2866.jpg,foam,,Construction and Demolition Waste,,,,,,,,,,,,,,,,,,,,,
CODD_TRAINING_01968,2866.jpg,foam,,Construction and Demolition Waste,,,,,,,,,,,,,,,,,,,,,
CODD_TRAINING_01969,2866.jpg,foam,,Construction and Demolition Waste,,,,,,,,,,,,,,,,,,,,,
CODD_TRAINING_01970,2866.jpg,foam,,Construction and Demolition Waste,,,,,,,,,,,,,,,,,,,,,
CODD_TRAINING_01971,2866.jpg,foam,,Construction and Demolition Waste,,,,,,,,,,,,,,,,,,,,,
CODD_TRAINING_01972,2866.jpg,foam,,Construction and Demolition Waste,,,,,,,,,,,,,,,,,,,,,
CODD_TRAINING_01973,2866.jpg,foam,,Construction and Demolition Waste,,,,,,,,,,,,,,,,,,,,,
CODD_TRAINING_01974,2866.jpg,foam,,Construction and Demolition Waste,,,,,,,,,,,,,,,,,,,,,
CODD_TRAINING_01975,2866.jpg,foam,,Construction and Demolition Waste,,,,,,,,,,,,,,,,,,,,,
CODD_TRAINING_01976,2866.jpg,foam,,Construction and Demolition Waste,,,,,,,,,,,,,,,,,,,,,
CODD_TRAINING_01977,2866.jpg,foam,,Construction and Demolition Waste,,,,,,,,,,,,,,,,,,,,,
CODD_TRAINING_01978,2867.jpg,foam,,Construction and Demolition Waste,,,,,,,,,,,,,,,,,,,,,
CODD_TRAINING_01979,2867.jpg,foam,,Construction and Demolition Waste,,,,,,,,,,,,,,,,,,,,,
CODD_TRAINING_01980,2867.jpg,foam,,Construction and Demolition Waste,,,,,,,,,,,,,,,,,,,,,
CODD_TRAINING_01981,2867.jpg,foam,,Construction and Demolition Waste,,,,,,,,,,,,,,,,,,,,,
CODD_TRAINING_01982,2867.jpg,foam,,Construction and Demolition Waste,,,,,,,,,,,,,,,,,,,,,
CODD_TRAINING_01983,2867.jpg,foam,,Construction and Demolition Waste,,,,,,,,,,,,,,,,,,,,,
CODD_TRAINING_01984,2867.jpg,foam,,Construction and Demolition Waste,,,,,,,,,,,,,,,,,,,,,
CODD_TRAINING_01985,2867.jpg,foam,,Construction and Demolition Waste,,,,,,,,,,,,,,,,,,,,,
CODD_TRAINING_01986,2867.jpg,foam,,Construction and Demolition Waste,,,,,,,,,,,,,,,,,,,,,
CODD_TRAINING_01987,2867.jpg,foam,,Construction and Demolition Waste,,,,,,,,,,,,,,,,,,,,,
CODD_TRAINING_01988,2867.jpg,foam,,Construction and Demolition Waste,,,,,,,,,,,,,,,,,,,,,
CODD_TRAINING_01989,2867.jpg,foam,,Construction and Demolition Waste,,,,,,,,,,,,,,,,,,,,,
CODD_TRAINING_01990,287.jpg,brick,,Construction and Demolition Waste,,,,,,,,,,,,,,,,,,,,,
CODD_TRAINING_01991,287.jpg,concrete,,Construction and Demolition Waste,,,,,,,,,,,,,,,,,,,,,
CODD_TRAINING_01992,287.jpg,tile,,Construction and Demolition Waste,,,,,,,,,,,,,,,,,,,,,
CODD_TRAINING_01993,287.jpg,brick,,Construction and Demolition Waste,,,,,,,,,,,,,,,,,,,,,
CODD_TRAINING_01994,287.jpg,concrete,,Construction and Demolition Waste,,,,,,,,,,,,,,,,,,,,,
CODD_TRAINING_01995,287.jpg,tile,,Construction and Demolition Waste,,,,,,,,,,,,,,,,,,,,,
CODD_TRAINING_01996,287.jpg,brick,,Construction and Demolition Waste,,,,,,,,,,,,,,,,,,,,,
CODD_TRAINING_01997,287.jpg,concrete,,Construction and Demolition Waste,,,,,,,,,,,,,,,,,,,,,
CODD_TRAINING_01998,287.jpg,tile,,Construction and Demolition Waste,,,,,,,,,,,,,,,,,,,,,
CODD_TRAINING_01999,287.jpg,brick,,Construction and Demolition Waste,,,,,,,,,,,,,,,,,,,,,
CODD_TRAINING_02000,287.jpg,concrete,,Construction and Demolition Waste,,,,,,,,,,,,,,,,,,,,,
CODD_TRAINING_02001,287.jpg,tile,,Construction and Demolition Waste,,,,,,,,,,,,,,,,,,,,,
CODD_TRAINING_02002,2873.jpg,foam,,Construction and Demolition Waste,,,,,,,,,,,,,,,,,,,,,
CODD_TRAINING_02003,2873.jpg,foam,,Construction and Demolition Waste,,,,,,,,,,,,,,,,,,,,,
CODD_TRAINING_02004,2873.jpg,foam,,Construction and Demolition Waste,,,,,,,,,,,,,,,,,,,,,
CODD_TRAINING_02005,2873.jpg,foam,,Construction and Demolition Waste,,,,,,,,,,,,,,,,,,,,,
CODD_TRAINING_02006,2873.jpg,foam,,Construction and Demolition Waste,,,,,,,,,,,,,,,,,,,,,
CODD_TRAINING_02007,2873.jpg,foam,,Construction and Demolition Waste,,,,,,,,,,,,,,,,,,,,,
CODD_TRAINING_02008,2874.jpg,foam,,Construction and Demolition Waste,,,,,,,,,,,,,,,,,,,,,
CODD_TRAINING_02009,2874.jpg,foam,,Construction and Demolition Waste,,,,,,,,,,,,,,,,,,,,,
CODD_TRAINING_02010,2875.jpg,foam,,Construction and Demolition Waste,,,,,,,,,,,,,,,,,,,,,
CODD_TRAINING_02011,2875.jpg,foam,,Construction and Demolition Waste,,,,,,,,,,,,,,,,,,,,,
CODD_TRAINING_02012,2875.jpg,foam,,Construction and Demolition Waste,,,,,,,,,,,,,,,,,,,,,
CODD_TRAINING_02013,2875.jpg,foam,,Construction and Demolition Waste,,,,,,,,,,,,,,,,,,,,,
CODD_TRAINING_02014,2876.jpg,foam,,Construction and Demolition Waste,,,,,,,,,,,,,,,,,,,,,
CODD_TRAINING_02015,2876.jpg,foam,,Construction and Demolition Waste,,,,,,,,,,,,,,,,,,,,,
CODD_TRAINING_02016,2877.jpg,foam,,Construction and Demolition Waste,,,,,,,,,,,,,,,,,,,,,
CODD_TRAINING_02017,2877.jpg,foam,,Construction and Demolition Waste,,,,,,,,,,,,,,,,,,,,,
CODD_TRAINING_02018,2878.jpg,foam,,Construction and Demolition Waste,,,,,,,,,,,,,,,,,,,,,
CODD_TRAINING_02019,2878.jpg,foam,,Construction and Demolition Waste,,,,,,,,,,,,,,,,,,,,,
CODD_TRAINING_02020,2878.jpg,foam,,Construction and Demolition Waste,,,,,,,,,,,,,,,,,,,,,
CODD_TRAINING_02021,2878.jpg,foam,,Construction and Demolition Waste,,,,,,,,,,,,,,,,,,,,,
CODD_TRAINING_02022,2878.jpg,foam,,Construction and Demolition Waste,,,,,,,,,,,,,,,,,,,,,
CODD_TRAINING_02023,2878.jpg,foam,,Construction and Demolition Waste,,,,,,,,,,,,,,,,,,,,,
CODD_TRAINING_02024,2878.jpg,foam,,Construction and Demolition Waste,,,,,,,,,,,,,,,,,,,,,
CODD_TRAINING_02025,2878.jpg,foam,,Construction and Demolition Waste,,,,,,,,,,,,,,,,,,,,,
CODD_TRAINING_02026,2878.jpg,foam,,Construction and Demolition Waste,,,,,,,,,,,,,,,,,,,,,
CODD_TRAINING_02027,2879.jpg,foam,,Construction and Demolition Waste,,,,,,,,,,,,,,,,,,,,,
CODD_TRAINING_02028,2879.jpg,foam,,Construction and Demolition Waste,,,,,,,,,,,,,,,,,,,,,
CODD_TRAINING_02029,2880.jpg,foam,,Construction and Demolition Waste,,,,,,,,,,,,,,,,,,,,,
CODD_TRAINING_02030,2880.jpg,foam,,Construction and Demolition Waste,,,,,,,,,,,,,,,,,,,,,
CODD_TRAINING_02031,2881.jpg,foam,,Construction and Demolition Waste,,,,,,,,,,,,,,,,,,,,,
CODD_TRAINING_02032,2881.jpg,foam,,Construction and Demolition Waste,,,,,,,,,,,,,,,,,,,,,
CODD_TRAINING_02033,2882.jpg,foam,,Construction and Demolition Waste,,,,,,,,,,,,,,,,,,,,,
CODD_TRAINING_02034,2882.jpg,foam,,Construction and Demolition Waste,,,,,,,,,,,,,,,,,,,,,
CODD_TRAINING_02035,2882.jpg,foam,,Construction and Demolition Waste,,,,,,,,,,,,,,,,,,,,,
CODD_TRAINING_02036,2882.jpg,foam,,Construction and Demolition Waste,,,,,,,,,,,,,,,,,,,,,
CODD_TRAINING_02037,2883.jpg,foam,,Construction and Demolition Waste,,,,,,,,,,,,,,,,,,,,,
CODD_TRAINING_02038,2883.jpg,foam,,Construction and Demolition Waste,,,,,,,,,,,,,,,,,,,,,
CODD_TRAINING_02039,2883.jpg,foam,,Construction and Demolition Waste,,,,,,,,,,,,,,,,,,,,,
CODD_TRAINING_02040,2883.jpg,foam,,Construction and Demolition Waste,,,,,,,,,,,,,,,,,,,,,
CODD_TRAINING_02041,2883.jpg,foam,,Construction and Demolition Waste,,,,,,,,,,,,,,,,,,,,,
CODD_TRAINING_02042,2884.jpg,foam,,Construction and Demolition Waste,,,,,,,,,,,,,,,,,,,,,
CODD_TRAINING_02043,2884.jpg,foam,,Construction and Demolition Waste,,,,,,,,,,,,,,,,,,,,,
CODD_TRAINING_02044,2886.jpg,foam,,Construction and Demolition Waste,,,,,,,,,,,,,,,,,,,,,
CODD_TRAINING_02045,2886.jpg,foam,,Construction and Demolition Waste,,,,,,,,,,,,,,,,,,,,,
CODD_TRAINING_02046,2886.jpg,foam,,Construction and Demolition Waste,,,,,,,,,,,,,,,,,,,,,
CODD_TRAINING_02047,2886.jpg,foam,,Construction and Demolition Waste,,,,,,,,,,,,,,,,,,,,,
CODD_TRAINING_02048,2886.jpg,foam,,Construction and Demolition Waste,,,,,,,,,,,,,,,,,,,,,
CODD_TRAINING_02049,2888.jpg,foam,,Construction and Demolition Waste,,,,,,,,,,,,,,,,,,,,,
CODD_TRAINING_02050,2888.jpg,foam,,Construction and Demolition Waste,,,,,,,,,,,,,,,,,,,,,
CODD_TRAINING_02051,2889.jpg,foam,,Construction and Demolition Waste,,,,,,,,,,,,,,,,,,,,,
CODD_TRAINING_02052,2889.jpg,foam,,Construction and Demolition Waste,,,,,,,,,,,,,,,,,,,,,
CODD_TRAINING_02053,289.jpg,brick,,Construction and Demolition Waste,,,,,,,,,,,,,,,,,,,,,
CODD_TRAINING_02054,289.jpg,concrete,,Construction and Demolition Waste,,,,,,,,,,,,,,,,,,,,,
CODD_TRAINING_02055,289.jpg,tile,,Construction and Demolition Waste,,,,,,,,,,,,,,,,,,,,,
CODD_TRAINING_02056,289.jpg,brick,,Construction and Demolition Waste,,,,,,,,,,,,,,,,,,,,,
CODD_TRAINING_02057,289.jpg,concrete,,Construction and Demolition Waste,,,,,,,,,,,,,,,,,,,,,
CODD_TRAINING_02058,289.jpg,tile,,Construction and Demolition Waste,,,,,,,,,,,,,,,,,,,,,
CODD_TRAINING_02059,289.jpg,brick,,Construction and Demolition Waste,,,,,,,,,,,,,,,,,,,,,
CODD_TRAINING_02060,289.jpg,concrete,,Construction and Demolition Waste,,,,,,,,,,,,,,,,,,,,,
CODD_TRAINING_02061,289.jpg,tile,,Construction and Demolition Waste,,,,,,,,,,,,,,,,,,,,,
CODD_TRAINING_02062,289.jpg,concrete,,Construction and Demolition Waste,,,,,,,,,,,,,,,,,,,,,
CODD_TRAINING_02063,289.jpg,tile,,Construction and Demolition Waste,,,,,,,,,,,,,,,,,,,,,
CODD_TRAINING_02064,289.jpg,tile,,Construction and Demolition Waste,,,,,,,,,,,,,,,,,,,,,
CODD_TRAINING_02065,289.jpg,brick,,Construction and Demolition Waste,,,,,,,,,,,,,,,,,,,,,
CODD_TRAINING_02066,2890.jpg,foam,,Construction and Demolition Waste,,,,,,,,,,,,,,,,,,,,,
CODD_TRAINING_02067,2890.jpg,foam,,Construction and Demolition Waste,,,,,,,,,,,,,,,,,,,,,
CODD_TRAINING_02068,2890.jpg,foam,,Construction and Demolition Waste,,,,,,,,,,,,,,,,,,,,,
CODD_TRAINING_02069,2890.jpg,foam,,Construction and Demolition Waste,,,,,,,,,,,,,,,,,,,,,
CODD_TRAINING_02070,2890.jpg,foam,,Construction and Demolition Waste,,,,,,,,,,,,,,,,,,,,,
CODD_TRAINING_02071,2890.jpg,foam,,Construction and Demolition Waste,,,,,,,,,,,,,,,,,,,,,
CODD_TRAINING_02072,2890.jpg,foam,,Construction and Demolition Waste,,,,,,,,,,,,,,,,,,,,,
CODD_TRAINING_02073,2890.jpg,foam,,Construction and Demolition Waste,,,,,,,,,,,,,,,,,,,,,
CODD_TRAINING_02074,2890.jpg,foam,,Construction and Demolition Waste,,,,,,,,,,,,,,,,,,,,,
CODD_TRAINING_02075,2890.jpg,foam,,Construction and Demolition Waste,,,,,,,,,,,,,,,,,,,,,
CODD_TRAINING_02076,2891.jpg,foam,,Construction and Demolition Waste,,,,,,,,,,,,,,,,,,,,,
CODD_TRAINING_02077,2891.jpg,foam,,Construction and Demolition Waste,,,,,,,,,,,,,,,,,,,,,
CODD_TRAINING_02078,2891.jpg,foam,,Construction and Demolition Waste,,,,,,,,,,,,,,,,,,,,,
CODD_TRAINING_02079,2891.jpg,foam,,Construction and Demolition Waste,,,,,,,,,,,,,,,,,,,,,
CODD_TRAINING_02080,2891.jpg,foam,,Construction and Demolition Waste,,,,,,,,,,,,,,,,,,,,,
CODD_TRAINING_02081,2891.jpg,foam,,Construction and Demolition Waste,,,,,,,,,,,,,,,,,,,,,
CODD_TRAINING_02082,2892.jpg,foam,,Construction and Demolition Waste,,,,,,,,,,,,,,,,,,,,,
CODD_TRAINING_02083,2892.jpg,foam,,Construction and Demolition Waste,,,,,,,,,,,,,,,,,,,,,
CODD_TRAINING_02084,2892.jpg,foam,,Construction and Demolition Waste,,,,,,,,,,,,,,,,,,,,,
CODD_TRAINING_02085,2894.jpg,foam,,Construction and Demolition Waste,,,,,,,,,,,,,,,,,,,,,
CODD_TRAINING_02086,2894.jpg,foam,,Construction and Demolition Waste,,,,,,,,,,,,,,,,,,,,,
CODD_TRAINING_02087,2894.jpg,foam,,Construction and Demolition Waste,,,,,,,,,,,,,,,,,,,,,
CODD_TRAINING_02088,2894.jpg,foam,,Construction and Demolition Waste,,,,,,,,,,,,,,,,,,,,,
CODD_TRAINING_02089,2894.jpg,foam,,Construction and Demolition Waste,,,,,,,,,,,,,,,,,,,,,
CODD_TRAINING_02090,2894.jpg,foam,,Construction and Demolition Waste,,,,,,,,,,,,,,,,,,,,,
CODD_TRAINING_02091,2894.jpg,foam,,Construction and Demolition Waste,,,,,,,,,,,,,,,,,,,,,
CODD_TRAINING_02092,2894.jpg,foam,,Construction and Demolition Waste,,,,,,,,,,,,,,,,,,,,,
CODD_TRAINING_02093,2894.jpg,foam,,Construction and Demolition Waste,,,,,,,,,,,,,,,,,,,,,
CODD_TRAINING_02094,2894.jpg,foam,,Construction and Demolition Waste,,,,,,,,,,,,,,,,,,,,,
CODD_TRAINING_02095,2895.jpg,foam,,Construction and Demolition Waste,,,,,,,,,,,,,,,,,,,,,
CODD_TRAINING_02096,2895.jpg,foam,,Construction and Demolition Waste,,,,,,,,,,,,,,,,,,,,,
CODD_TRAINING_02097,2895.jpg,foam,,Construction and Demolition Waste,,,,,,,,,,,,,,,,,,,,,
CODD_TRAINING_02098,2896.jpg,foam,,Construction and Demolition Waste,,,,,,,,,,,,,,,,,,,,,
CODD_TRAINING_02099,2896.jpg,foam,,Construction and Demolition Waste,,,,,,,,,,,,,,,,,,,,,
CODD_TRAINING_02100,2896.jpg,foam,,Construction and Demolition Waste,,,,,,,,,,,,,,,,,,,,,
CODD_TRAINING_02101,2896.jpg,foam,,Construction and Demolition Waste,,,,,,,,,,,,,,,,,,,,,
CODD_TRAINING_02102,2896.jpg,foam,,Construction and Demolition Waste,,,,,,,,,,,,,,,,,,,,,
CODD_TRAINING_02103,2896.jpg,foam,,Construction and Demolition Waste,,,,,,,,,,,,,,,,,,,,,
CODD_TRAINING_02104,2896.jpg,foam,,Construction and Demolition Waste,,,,,,,,,,,,,,,,,,,,,
CODD_TRAINING_02105,2896.jpg,foam,,Construction and Demolition Waste,,,,,,,,,,,,,,,,,,,,,
CODD_TRAINING_02106,2896.jpg,foam,,Construction and Demolition Waste,,,,,,,,,,,,,,,,,,,,,
CODD_TRAINING_02107,2896.jpg,foam,,Construction and Demolition Waste,,,,,,,,,,,,,,,,,,,,,
CODD_TRAINING_02108,2896.jpg,foam,,Construction and Demolition Waste,,,,,,,,,,,,,,,,,,,,,
CODD_TRAINING_02109,2896.jpg,foam,,Construction and Demolition Waste,,,,,,,,,,,,,,,,,,,,,
CODD_TRAINING_02110,2896.jpg,foam,,Construction and Demolition Waste,,,,,,,,,,,,,,,,,,,,,
CODD_TRAINING_02111,2896.jpg,foam,,Construction and Demolition Waste,,,,,,,,,,,,,,,,,,,,,
CODD_TRAINING_02112,2896.jpg,foam,,Construction and Demolition Waste,,,,,,,,,,,,,,,,,,,,,
CODD_TRAINING_02113,2896.jpg,foam,,Construction and Demolition Waste,,,,,,,,,,,,,,,,,,,,,
CODD_TRAINING_02114,2896.jpg,foam,,Construction and Demolition Waste,,,,,,,,,,,,,,,,,,,,,
CODD_TRAINING_02115,2896.jpg,foam,,Construction and Demolition Waste,,,,,,,,,,,,,,,,,,,,,
CODD_TRAINING_02116,2896.jpg,foam,,Construction and Demolition Waste,,,,,,,,,,,,,,,,,,,,,
CODD_TRAINING_02117,2897.jpg,foam,,Construction and Demolition Waste,,,,,,,,,,,,,,,,,,,,,
CODD_TRAINING_02118,2897.jpg,foam,,Construction and Demolition Waste,,,,,,,,,,,,,,,,,,,,,
CODD_TRAINING_02119,2898.jpg,foam,,Construction and Demolition Waste,,,,,,,,,,,,,,,,,,,,,
CODD_TRAINING_02120,2898.jpg,foam,,Construction and Demolition Waste,,,,,,,,,,,,,,,,,,,,,
CODD_TRAINING_02121,2898.jpg,foam,,Construction and Demolition Waste,,,,,,,,,,,,,,,,,,,,,
CODD_TRAINING_02122,290.jpg,brick,,Construction and Demolition Waste,,,,,,,,,,,,,,,,,,,,,
CODD_TRAINING_02123,290.jpg,concrete,,Construction and Demolition Waste,,,,,,,,,,,,,,,,,,,,,
CODD_TRAINING_02124,290.jpg,tile,,Construction and Demolition Waste,,,,,,,,,,,,,,,,,,,,,
CODD_TRAINING_02125,290.jpg,brick,,Construction and Demolition Waste,,,,,,,,,,,,,,,,,,,,,
CODD_TRAINING_02126,290.jpg,concrete,,Construction and Demolition Waste,,,,,,,,,,,,,,,,,,,,,
CODD_TRAINING_02127,290.jpg,tile,,Construction and Demolition Waste,,,,,,,,,,,,,,,,,,,,,
CODD_TRAINING_02128,290.jpg,brick,,Construction and Demolition Waste,,,,,,,,,,,,,,,,,,,,,
CODD_TRAINING_02129,290.jpg,concrete,,Construction and Demolition Waste,,,,,,,,,,,,,,,,,,,,,
CODD_TRAINING_02130,290.jpg,tile,,Construction and Demolition Waste,,,,,,,,,,,,,,,,,,,,,
CODD_TRAINING_02131,290.jpg,brick,,Construction and Demolition Waste,,,,,,,,,,,,,,,,,,,,,
CODD_TRAINING_02132,290.jpg,concrete,,Construction and Demolition Waste,,,,,,,,,,,,,,,,,,,,,
CODD_TRAINING_02133,290.jpg,tile,,Construction and Demolition Waste,,,,,,,,,,,,,,,,,,,,,
CODD_TRAINING_02134,2900.jpg,foam,,Construction and Demolition Waste,,,,,,,,,,,,,,,,,,,,,
CODD_TRAINING_02135,2900.jpg,foam,,Construction and Demolition Waste,,,,,,,,,,,,,,,,,,,,,
CODD_TRAINING_02136,2900.jpg,foam,,Construction and Demolition Waste,,,,,,,,,,,,,,,,,,,,,
CODD_TRAINING_02137,2900.jpg,foam,,Construction and Demolition Waste,,,,,,,,,,,,,,,,,,,,,
CODD_TRAINING_02138,2900.jpg,foam,,Construction and Demolition Waste,,,,,,,,,,,,,,,,,,,,,
CODD_TRAINING_02139,2900.jpg,foam,,Construction and Demolition Waste,,,,,,,,,,,,,,,,,,,,,
CODD_TRAINING_02140,2900.jpg,foam,,Construction and Demolition Waste,,,,,,,,,,,,,,,,,,,,,
CODD_TRAINING_02141,2900.jpg,foam,,Construction and Demolition Waste,,,,,,,,,,,,,,,,,,,,,
CODD_TRAINING_02142,2900.jpg,foam,,Construction and Demolition Waste,,,,,,,,,,,,,,,,,,,,,
CODD_TRAINING_02143,2900.jpg,foam,,Construction and Demolition Waste,,,,,,,,,,,,,,,,,,,,,
CODD_TRAINING_02144,2902.jpg,foam,,Construction and Demolition Waste,,,,,,,,,,,,,,,,,,,,,
CODD_TRAINING_02145,2902.jpg,foam,,Construction and Demolition Waste,,,,,,,,,,,,,,,,,,,,,
CODD_TRAINING_02146,2904.jpg,foam,,Construction and Demolition Waste,,,,,,,,,,,,,,,,,,,,,
CODD_TRAINING_02147,2904.jpg,foam,,Construction and Demolition Waste,,,,,,,,,,,,,,,,,,,,,
CODD_TRAINING_02148,2904.jpg,foam,,Construction and Demolition Waste,,,,,,,,,,,,,,,,,,,,,
CODD_TRAINING_02149,2904.jpg,foam,,Construction and Demolition Waste,,,,,,,,,,,,,,,,,,,,,
CODD_TRAINING_02150,2904.jpg,foam,,Construction and Demolition Waste,,,,,,,,,,,,,,,,,,,,,
CODD_TRAINING_02151,2904.jpg,foam,,Construction and Demolition Waste,,,,,,,,,,,,,,,,,,,,,
CODD_TRAINING_02152,2904.jpg,foam,,Construction and Demolition Waste,,,,,,,,,,,,,,,,,,,,,
CODD_TRAINING_02153,2904.jpg,foam,,Construction and Demolition Waste,,,,,,,,,,,,,,,,,,,,,
CODD_TRAINING_02154,2904.jpg,foam,,Construction and Demolition Waste,,,,,,,,,,,,,,,,,,,,,
CODD_TRAINING_02155,2904.jpg,foam,,Construction and Demolition Waste,,,,,,,,,,,,,,,,,,,,,
CODD_TRAINING_02156,2904.jpg,foam,,Construction and Demolition Waste,,,,,,,,,,,,,,,,,,,,,
CODD_TRAINING_02157,2904.jpg,foam,,Construction and Demolition Waste,,,,,,,,,,,,,,,,,,,,,
CODD_TRAINING_02158,2904.jpg,foam,,Construction and Demolition Waste,,,,,,,,,,,,,,,,,,,,,
CODD_TRAINING_02159,2904.jpg,foam,,Construction and Demolition Waste,,,,,,,,,,,,,,,,,,,,,
CODD_TRAINING_02160,2904.jpg,foam,,Construction and Demolition Waste,,,,,,,,,,,,,,,,,,,,,
CODD_TRAINING_02161,2904.jpg,foam,,Construction and Demolition Waste,,,,,,,,,,,,,,,,,,,,,
CODD_TRAINING_02162,2904.jpg,foam,,Construction and Demolition Waste,,,,,,,,,,,,,,,,,,,,,
CODD_TRAINING_02163,2904.jpg,foam,,Construction and Demolition Waste,,,,,,,,,,,,,,,,,,,,,
CODD_TRAINING_02164,2906.jpg,foam,,Construction and Demolition Waste,,,,,,,,,,,,,,,,,,,,,
CODD_TRAINING_02165,2906.jpg,foam,,Construction and Demolition Waste,,,,,,,,,,,,,,,,,,,,,
CODD_TRAINING_02166,2906.jpg,foam,,Construction and Demolition Waste,,,,,,,,,,,,,,,,,,,,,
CODD_TRAINING_02167,2906.jpg,foam,,Construction and Demolition Waste,,,,,,,,,,,,,,,,,,,,,
CODD_TRAINING_02168,2906.jpg,foam,,Construction and Demolition Waste,,,,,,,,,,,,,,,,,,,,,
CODD_TRAINING_02169,2906.jpg,foam,,Construction and Demolition Waste,,,,,,,,,,,,,,,,,,,,,
CODD_TRAINING_02170,2906.jpg,foam,,Construction and Demolition Waste,,,,,,,,,,,,,,,,,,,,,
CODD_TRAINING_02171,2906.jpg,foam,,Construction and Demolition Waste,,,,,,,,,,,,,,,,,,,,,
CODD_TRAINING_02172,2906.jpg,foam,,Construction and Demolition Waste,,,,,,,,,,,,,,,,,,,,,
CODD_TRAINING_02173,2906.jpg,foam,,Construction and Demolition Waste,,,,,,,,,,,,,,,,,,,,,
CODD_TRAINING_02174,2906.jpg,foam,,Construction and Demolition Waste,,,,,,,,,,,,,,,,,,,,,
CODD_TRAINING_02175,2906.jpg,foam,,Construction and Demolition Waste,,,,,,,,,,,,,,,,,,,,,
CODD_TRAINING_02176,2906.jpg,foam,,Construction and Demolition Waste,,,,,,,,,,,,,,,,,,,,,
CODD_TRAINING_02177,2906.jpg,foam,,Construction and Demolition Waste,,,,,,,,,,,,,,,,,,,,,
CODD_TRAINING_02178,2906.jpg,foam,,Construction and Demolition Waste,,,,,,,,,,,,,,,,,,,,,
CODD_TRAINING_02179,2906.jpg,foam,,Construction and Demolition Waste,,,,,,,,,,,,,,,,,,,,,
CODD_TRAINING_02180,2906.jpg,foam,,Construction and Demolition Waste,,,,,,,,,,,,,,,,,,,,,
CODD_TRAINING_02181,2906.jpg,foam,,Construction and Demolition Waste,,,,,,,,,,,,,,,,,,,,,
CODD_TRAINING_02182,2907.jpg,foam,,Construction and Demolition Waste,,,,,,,,,,,,,,,,,,,,,
CODD_TRAINING_02183,2907.jpg,foam,,Construction and Demolition Waste,,,,,,,,,,,,,,,,,,,,,
CODD_TRAINING_02184,2908.jpg,foam,,Construction and Demolition Waste,,,,,,,,,,,,,,,,,,,,,
CODD_TRAINING_02185,2908.jpg,foam,,Construction and Demolition Waste,,,,,,,,,,,,,,,,,,,,,
CODD_TRAINING_02186,2909.jpg,foam,,Construction and Demolition Waste,,,,,,,,,,,,,,,,,,,,,
CODD_TRAINING_02187,2909.jpg,foam,,Construction and Demolition Waste,,,,,,,,,,,,,,,,,,,,,
CODD_TRAINING_02188,291.jpg,brick,,Construction and Demolition Waste,,,,,,,,,,,,,,,,,,,,,
CODD_TRAINING_02189,291.jpg,concrete,,Construction and Demolition Waste,,,,,,,,,,,,,,,,,,,,,
CODD_TRAINING_02190,291.jpg,tile,,Construction and Demolition Waste,,,,,,,,,,,,,,,,,,,,,
CODD_TRAINING_02191,291.jpg,brick,,Construction and Demolition Waste,,,,,,,,,,,,,,,,,,,,,
CODD_TRAINING_02192,291.jpg,concrete,,Construction and Demolition Waste,,,,,,,,,,,,,,,,,,,,,
CODD_TRAINING_02193,291.jpg,tile,,Construction and Demolition Waste,,,,,,,,,,,,,,,,,,,,,
CODD_TRAINING_02194,291.jpg,brick,,Construction and Demolition Waste,,,,,,,,,,,,,,,,,,,,,
CODD_TRAINING_02195,291.jpg,concrete,,Construction and Demolition Waste,,,,,,,,,,,,,,,,,,,,,
CODD_TRAINING_02196,291.jpg,tile,,Construction and Demolition Waste,,,,,,,,,,,,,,,,,,,,,
CODD_TRAINING_02197,291.jpg,brick,,Construction and Demolition Waste,,,,,,,,,,,,,,,,,,,,,
CODD_TRAINING_02198,291.jpg,concrete,,Construction and Demolition Waste,,,,,,,,,,,,,,,,,,,,,
CODD_TRAINING_02199,291.jpg,tile,,Construction and Demolition Waste,,,,,,,,,,,,,,,,,,,,,
CODD_TRAINING_02200,2910.jpg,foam,,Construction and Demolition Waste,,,,,,,,,,,,,,,,,,,,,
CODD_TRAINING_02201,2910.jpg,foam,,Construction and Demolition Waste,,,,,,,,,,,,,,,,,,,,,
CODD_TRAINING_02202,2910.jpg,foam,,Construction and Demolition Waste,,,,,,,,,,,,,,,,,,,,,
CODD_TRAINING_02203,2910.jpg,foam,,Construction and Demolition Waste,,,,,,,,,,,,,,,,,,,,,
CODD_TRAINING_02204,2910.jpg,foam,,Construction and Demolition Waste,,,,,,,,,,,,,,,,,,,,,
CODD_TRAINING_02205,2910.jpg,foam,,Construction and Demolition Waste,,,,,,,,,,,,,,,,,,,,,
CODD_TRAINING_02206,2913.jpg,foam,,Construction and Demolition Waste,,,,,,,,,,,,,,,,,,,,,
CODD_TRAINING_02207,2913.jpg,foam,,Construction and Demolition Waste,,,,,,,,,,,,,,,,,,,,,
CODD_TRAINING_02208,2913.jpg,foam,,Construction and Demolition Waste,,,,,,,,,,,,,,,,,,,,,
CODD_TRAINING_02209,2913.jpg,foam,,Construction and Demolition Waste,,,,,,,,,,,,,,,,,,,,,
CODD_TRAINING_02210,2913.jpg,foam,,Construction and Demolition Waste,,,,,,,,,,,,,,,,,,,,,
CODD_TRAINING_02211,2913.jpg,foam,,Construction and Demolition Waste,,,,,,,,,,,,,,,,,,,,,
CODD_TRAINING_02212,2913.jpg,foam,,Construction and Demolition Waste,,,,,,,,,,,,,,,,,,,,,
CODD_TRAINING_02213,2913.jpg,foam,,Construction and Demolition Waste,,,,,,,,,,,,,,,,,,,,,
CODD_TRAINING_02214,2913.jpg,foam,,Construction and Demolition Waste,,,,,,,,,,,,,,,,,,,,,
CODD_TRAINING_02215,2913.jpg,foam,,Construction and Demolition Waste,,,,,,,,,,,,,,,,,,,,,
CODD_TRAINING_02216,2913.jpg,foam,,Construction and Demolition Waste,,,,,,,,,,,,,,,,,,,,,
CODD_TRAINING_02217,2913.jpg,foam,,Construction and Demolition Waste,,,,,,,,,,,,,,,,,,,,,
CODD_TRAINING_02218,2913.jpg,foam,,Construction and Demolition Waste,,,,,,,,,,,,,,,,,,,,,
CODD_TRAINING_02219,2914.jpg,foam,,Construction and Demolition Waste,,,,,,,,,,,,,,,,,,,,,
CODD_TRAINING_02220,2914.jpg,foam,,Construction and Demolition Waste,,,,,,,,,,,,,,,,,,,,,
CODD_TRAINING_02221,2914.jpg,foam,,Construction and Demolition Waste,,,,,,,,,,,,,,,,,,,,,
CODD_TRAINING_02222,2915.jpg,foam,,Construction and Demolition Waste,,,,,,,,,,,,,,,,,,,,,
CODD_TRAINING_02223,2915.jpg,foam,,Construction and Demolition Waste,,,,,,,,,,,,,,,,,,,,,
CODD_TRAINING_02224,2915.jpg,foam,,Construction and Demolition Waste,,,,,,,,,,,,,,,,,,,,,
CODD_TRAINING_02225,2916.jpg,foam,,Construction and Demolition Waste,,,,,,,,,,,,,,,,,,,,,
CODD_TRAINING_02226,2918.jpg,foam,,Construction and Demolition Waste,,,,,,,,,,,,,,,,,,,,,
CODD_TRAINING_02227,2918.jpg,foam,,Construction and Demolition Waste,,,,,,,,,,,,,,,,,,,,,
CODD_TRAINING_02228,2918.jpg,foam,,Construction and Demolition Waste,,,,,,,,,,,,,,,,,,,,,
CODD_TRAINING_02229,2918.jpg,foam,,Construction and Demolition Waste,,,,,,,,,,,,,,,,,,,,,
CODD_TRAINING_02230,2918.jpg,foam,,Construction and Demolition Waste,,,,,,,,,,,,,,,,,,,,,
CODD_TRAINING_02231,2918.jpg,foam,,Construction and Demolition Waste,,,,,,,,,,,,,,,,,,,,,
CODD_TRAINING_02232,292.jpg,brick,,Construction and Demolition Waste,,,,,,,,,,,,,,,,,,,,,
CODD_TRAINING_02233,292.jpg,concrete,,Construction and Demolition Waste,,,,,,,,,,,,,,,,,,,,,
CODD_TRAINING_02234,292.jpg,tile,,Construction and Demolition Waste,,,,,,,,,,,,,,,,,,,,,
CODD_TRAINING_02235,292.jpg,brick,,Construction and Demolition Waste,,,,,,,,,,,,,,,,,,,,,
CODD_TRAINING_02236,292.jpg,concrete,,Construction and Demolition Waste,,,,,,,,,,,,,,,,,,,,,
CODD_TRAINING_02237,292.jpg,tile,,Construction and Demolition Waste,,,,,,,,,,,,,,,,,,,,,
CODD_TRAINING_02238,292.jpg,brick,,Construction and Demolition Waste,,,,,,,,,,,,,,,,,,,,,
CODD_TRAINING_02239,292.jpg,concrete,,Construction and Demolition Waste,,,,,,,,,,,,,,,,,,,,,
CODD_TRAINING_02240,292.jpg,tile,,Construction and Demolition Waste,,,,,,,,,,,,,,,,,,,,,
CODD_TRAINING_02241,292.jpg,brick,,Construction and Demolition Waste,,,,,,,,,,,,,,,,,,,,,
CODD_TRAINING_02242,292.jpg,concrete,,Construction and Demolition Waste,,,,,,,,,,,,,,,,,,,,,
CODD_TRAINING_02243,292.jpg,tile,,Construction and Demolition Waste,,,,,,,,,,,,,,,,,,,,,
CODD_TRAINING_02244,2920.jpg,foam,,Construction and Demolition Waste,,,,,,,,,,,,,,,,,,,,,
CODD_TRAINING_02245,2920.jpg,foam,,Construction and Demolition Waste,,,,,,,,,,,,,,,,,,,,,
CODD_TRAINING_02246,2920.jpg,foam,,Construction and Demolition Waste,,,,,,,,,,,,,,,,,,,,,
CODD_TRAINING_02247,2920.jpg,foam,,Construction and Demolition Waste,,,,,,,,,,,,,,,,,,,,,
CODD_TRAINING_02248,2920.jpg,foam,,Construction and Demolition Waste,,,,,,,,,,,,,,,,,,,,,
CODD_TRAINING_02249,2920.jpg,foam,,Construction and Demolition Waste,,,,,,,,,,,,,,,,,,,,,
CODD_TRAINING_02250,2920.jpg,foam,,Construction and Demolition Waste,,,,,,,,,,,,,,,,,,,,,
CODD_TRAINING_02251,2920.jpg,foam,,Construction and Demolition Waste,,,,,,,,,,,,,,,,,,,,,
CODD_TRAINING_02252,2920.jpg,foam,,Construction and Demolition Waste,,,,,,,,,,,,,,,,,,,,,
CODD_TRAINING_02253,2920.jpg,foam,,Construction and Demolition Waste,,,,,,,,,,,,,,,,,,,,,
CODD_TRAINING_02254,2920.jpg,foam,,Construction and Demolition Waste,,,,,,,,,,,,,,,,,,,,,
CODD_TRAINING_02255,2922.jpg,foam,,Construction and Demolition Waste,,,,,,,,,,,,,,,,,,,,,
CODD_TRAINING_02256,2922.jpg,foam,,Construction and Demolition Waste,,,,,,,,,,,,,,,,,,,,,
CODD_TRAINING_02257,2923.jpg,foam,,Construction and Demolition Waste,,,,,,,,,,,,,,,,,,,,,
CODD_TRAINING_02258,2923.jpg,foam,,Construction and Demolition Waste,,,,,,,,,,,,,,,,,,,,,
CODD_TRAINING_02259,2924.jpg,foam,,Construction and Demolition Waste,,,,,,,,,,,,,,,,,,,,,
CODD_TRAINING_02260,2924.jpg,foam,,Construction and Demolition Waste,,,,,,,,,,,,,,,,,,,,,
CODD_TRAINING_02261,2924.jpg,foam,,Construction and Demolition Waste,,,,,,,,,,,,,,,,,,,,,
CODD_TRAINING_02262,2924.jpg,foam,,Construction and Demolition Waste,,,,,,,,,,,,,,,,,,,,,
CODD_TRAINING_02263,2924.jpg,foam,,Construction and Demolition Waste,,,,,,,,,,,,,,,,,,,,,
CODD_TRAINING_02264,2924.jpg,foam,,Construction and Demolition Waste,,,,,,,,,,,,,,,,,,,,,
CODD_TRAINING_02265,2924.jpg,foam,,Construction and Demolition Waste,,,,,,,,,,,,,,,,,,,,,
CODD_TRAINING_02266,2924.jpg,foam,,Construction and Demolition Waste,,,,,,,,,,,,,,,,,,,,,
CODD_TRAINING_02267,2924.jpg,foam,,Construction and Demolition Waste,,,,,,,,,,,,,,,,,,,,,
CODD_TRAINING_02268,2925.jpg,foam,,Construction and Demolition Waste,,,,,,,,,,,,,,,,,,,,,
CODD_TRAINING_02269,2925.jpg,foam,,Construction and Demolition Waste,,,,,,,,,,,,,,,,,,,,,
CODD_TRAINING_02270,2925.jpg,foam,,Construction and Demolition Waste,,,,,,,,,,,,,,,,,,,,,
CODD_TRAINING_02271,2925.jpg,foam,,Construction and Demolition Waste,,,,,,,,,,,,,,,,,,,,,
CODD_TRAINING_02272,2925.jpg,foam,,Construction and Demolition Waste,,,,,,,,,,,,,,,,,,,,,
CODD_TRAINING_02273,2925.jpg,foam,,Construction and Demolition Waste,,,,,,,,,,,,,,,,,,,,,
CODD_TRAINING_02274,2925.jpg,foam,,Construction and Demolition Waste,,,,,,,,,,,,,,,,,,,,,
CODD_TRAINING_02275,2925.jpg,foam,,Construction and Demolition Waste,,,,,,,,,,,,,,,,,,,,,
CODD_TRAINING_02276,2925.jpg,foam,,Construction and Demolition Waste,,,,,,,,,,,,,,,,,,,,,
CODD_TRAINING_02277,2926.jpg,foam,,Construction and Demolition Waste,,,,,,,,,,,,,,,,,,,,,
CODD_TRAINING_02278,2926.jpg,foam,,Construction and Demolition Waste,,,,,,,,,,,,,,,,,,,,,
CODD_TRAINING_02279,2926.jpg,foam,,Construction and Demolition Waste,,,,,,,,,,,,,,,,,,,,,
CODD_TRAINING_02280,2926.jpg,foam,,Construction and Demolition Waste,,,,,,,,,,,,,,,,,,,,,
CODD_TRAINING_02281,2926.jpg,foam,,Construction and Demolition Waste,,,,,,,,,,,,,,,,,,,,,
CODD_TRAINING_02282,2926.jpg,foam,,Construction and Demolition Waste,,,,,,,,,,,,,,,,,,,,,
CODD_TRAINING_02283,2926.jpg,foam,,Construction and Demolition Waste,,,,,,,,,,,,,,,,,,,,,
CODD_TRAINING_02284,2926.jpg,foam,,Construction and Demolition Waste,,,,,,,,,,,,,,,,,,,,,
CODD_TRAINING_02285,2927.jpg,foam,,Construction and Demolition Waste,,,,,,,,,,,,,,,,,,,,,
CODD_TRAINING_02286,2927.jpg,foam,,Construction and Demolition Waste,,,,,,,,,,,,,,,,,,,,,
CODD_TRAINING_02287,2927.jpg,foam,,Construction and Demolition Waste,,,,,,,,,,,,,,,,,,,,,
CODD_TRAINING_02288,2927.jpg,foam,,Construction and Demolition Waste,,,,,,,,,,,,,,,,,,,,,
CODD_TRAINING_02289,2927.jpg,foam,,Construction and Demolition Waste,,,,,,,,,,,,,,,,,,,,,
CODD_TRAINING_02290,2927.jpg,foam,,Construction and Demolition Waste,,,,,,,,,,,,,,,,,,,,,
CODD_TRAINING_02291,2927.jpg,foam,,Construction and Demolition Waste,,,,,,,,,,,,,,,,,,,,,
CODD_TRAINING_02292,2927.jpg,foam,,Construction and Demolition Waste,,,,,,,,,,,,,,,,,,,,,
CODD_TRAINING_02293,2928.jpg,foam,,Construction and Demolition Waste,,,,,,,,,,,,,,,,,,,,,
CODD_TRAINING_02294,2928.jpg,foam,,Construction and Demolition Waste,,,,,,,,,,,,,,,,,,,,,
CODD_TRAINING_02295,2928.jpg,foam,,Construction and Demolition Waste,,,,,,,,,,,,,,,,,,,,,
CODD_TRAINING_02296,2928.jpg,foam,,Construction and Demolition Waste,,,,,,,,,,,,,,,,,,,,,
CODD_TRAINING_02297,2928.jpg,foam,,Construction and Demolition Waste,,,,,,,,,,,,,,,,,,,,,
CODD_TRAINING_02298,2928.jpg,foam,,Construction and Demolition Waste,,,,,,,,,,,,,,,,,,,,,
CODD_TRAINING_02299,2928.jpg,foam,,Construction and Demolition Waste,,,,,,,,,,,,,,,,,,,,,
CODD_TRAINING_02300,2928.jpg,foam,,Construction and Demolition Waste,,,,,,,,,,,,,,,,,,,,,
CODD_TRAINING_02301,2929.jpg,foam,,Construction and Demolition Waste,,,,,,,,,,,,,,,,,,,,,
CODD_TRAINING_02302,2929.jpg,foam,,Construction and Demolition Waste,,,,,,,,,,,,,,,,,,,,,
CODD_TRAINING_02303,2929.jpg,foam,,Construction and Demolition Waste,,,,,,,,,,,,,,,,,,,,,
CODD_TRAINING_02304,2929.jpg,foam,,Construction and Demolition Waste,,,,,,,,,,,,,,,,,,,,,
CODD_TRAINING_02305,2929.jpg,foam,,Construction and Demolition Waste,,,,,,,,,,,,,,,,,,,,,
CODD_TRAINING_02306,2929.jpg,foam,,Construction and Demolition Waste,,,,,,,,,,,,,,,,,,,,,
CODD_TRAINING_02307,2929.jpg,foam,,Construction and Demolition Waste,,,,,,,,,,,,,,,,,,,,,
CODD_TRAINING_02308,2929.jpg,foam,,Construction and Demolition Waste,,,,,,,,,,,,,,,,,,,,,
CODD_TRAINING_02309,2929.jpg,foam,,Construction and Demolition Waste,,,,,,,,,,,,,,,,,,,,,
CODD_TRAINING_02310,2930.jpg,foam,,Construction and Demolition Waste,,,,,,,,,,,,,,,,,,,,,
CODD_TRAINING_02311,2930.jpg,foam,,Construction and Demolition Waste,,,,,,,,,,,,,,,,,,,,,
CODD_TRAINING_02312,2933.jpg,foam,,Construction and Demolition Waste,,,,,,,,,,,,,,,,,,,,,
CODD_TRAINING_02313,2933.jpg,foam,,Construction and Demolition Waste,,,,,,,,,,,,,,,,,,,,,
CODD_TRAINING_02314,2933.jpg,foam,,Construction and Demolition Waste,,,,,,,,,,,,,,,,,,,,,
CODD_TRAINING_02315,2933.jpg,foam,,Construction and Demolition Waste,,,,,,,,,,,,,,,,,,,,,
CODD_TRAINING_02316,2933.jpg,foam,,Construction and Demolition Waste,,,,,,,,,,,,,,,,,,,,,
CODD_TRAINING_02317,2933.jpg,foam,,Construction and Demolition Waste,,,,,,,,,,,,,,,,,,,,,
CODD_TRAINING_02318,2934.jpg,foam,,Construction and Demolition Waste,,,,,,,,,,,,,,,,,,,,,
CODD_TRAINING_02319,2934.jpg,foam,,Construction and Demolition Waste,,,,,,,,,,,,,,,,,,,,,
CODD_TRAINING_02320,2934.jpg,foam,,Construction and Demolition Waste,,,,,,,,,,,,,,,,,,,,,
CODD_TRAINING_02321,2934.jpg,foam,,Construction and Demolition Waste,,,,,,,,,,,,,,,,,,,,,
CODD_TRAINING_02322,2934.jpg,foam,,Construction and Demolition Waste,,,,,,,,,,,,,,,,,,,,,
CODD_TRAINING_02323,2934.jpg,foam,,Construction and Demolition Waste,,,,,,,,,,,,,,,,,,,,,
CODD_TRAINING_02324,2935.jpg,foam,,Construction and Demolition Waste,,,,,,,,,,,,,,,,,,,,,
CODD_TRAINING_02325,2935.jpg,foam,,Construction and Demolition Waste,,,,,,,,,,,,,,,,,,,,,
CODD_TRAINING_02326,2935.jpg,foam,,Construction and Demolition Waste,,,,,,,,,,,,,,,,,,,,,
CODD_TRAINING_02327,2935.jpg,foam,,Construction and Demolition Waste,,,,,,,,,,,,,,,,,,,,,
CODD_TRAINING_02328,2935.jpg,foam,,Construction and Demolition Waste,,,,,,,,,,,,,,,,,,,,,
CODD_TRAINING_02329,2935.jpg,foam,,Construction and Demolition Waste,,,,,,,,,,,,,,,,,,,,,
CODD_TRAINING_02330,2935.jpg,foam,,Construction and Demolition Waste,,,,,,,,,,,,,,,,,,,,,
CODD_TRAINING_02331,2935.jpg,foam,,Construction and Demolition Waste,,,,,,,,,,,,,,,,,,,,,
CODD_TRAINING_02332,2935.jpg,foam,,Construction and Demolition Waste,,,,,,,,,,,,,,,,,,,,,
CODD_TRAINING_02333,2935.jpg,foam,,Construction and Demolition Waste,,,,,,,,,,,,,,,,,,,,,
CODD_TRAINING_02334,2935.jpg,foam,,Construction and Demolition Waste,,,,,,,,,,,,,,,,,,,,,
CODD_TRAINING_02335,294.jpg,brick,,Construction and Demolition Waste,,,,,,,,,,,,,,,,,,,,,
CODD_TRAINING_02336,294.jpg,concrete,,Construction and Demolition Waste,,,,,,,,,,,,,,,,,,,,,
CODD_TRAINING_02337,294.jpg,tile,,Construction and Demolition Waste,,,,,,,,,,,,,,,,,,,,,
CODD_TRAINING_02338,294.jpg,brick,,Construction and Demolition Waste,,,,,,,,,,,,,,,,,,,,,
CODD_TRAINING_02339,294.jpg,concrete,,Construction and Demolition Waste,,,,,,,,,,,,,,,,,,,,,
CODD_TRAINING_02340,294.jpg,tile,,Construction and Demolition Waste,,,,,,,,,,,,,,,,,,,,,
CODD_TRAINING_02341,294.jpg,brick,,Construction and Demolition Waste,,,,,,,,,,,,,,,,,,,,,
CODD_TRAINING_02342,294.jpg,concrete,,Construction and Demolition Waste,,,,,,,,,,,,,,,,,,,,,
CODD_TRAINING_02343,294.jpg,tile,,Construction and Demolition Waste,,,,,,,,,,,,,,,,,,,,,
CODD_TRAINING_02344,294.jpg,brick,,Construction and Demolition Waste,,,,,,,,,,,,,,,,,,,,,
CODD_TRAINING_02345,294.jpg,concrete,,Construction and Demolition Waste,,,,,,,,,,,,,,,,,,,,,
CODD_TRAINING_02346,294.jpg,tile,,Construction and Demolition Waste,,,,,,,,,,,,,,,,,,,,,
CODD_TRAINING_02347,295.jpg,brick,,Construction and Demolition Waste,,,,,,,,,,,,,,,,,,,,,
CODD_TRAINING_02348,295.jpg,concrete,,Construction and Demolition Waste,,,,,,,,,,,,,,,,,,,,,
CODD_TRAINING_02349,295.jpg,tile,,Construction and Demolition Waste,,,,,,,,,,,,,,,,,,,,,
CODD_TRAINING_02350,295.jpg,brick,,Construction and Demolition Waste,,,,,,,,,,,,,,,,,,,,,
CODD_TRAINING_02351,295.jpg,concrete,,Construction and Demolition Waste,,,,,,,,,,,,,,,,,,,,,
CODD_TRAINING_02352,295.jpg,tile,,Construction and Demolition Waste,,,,,,,,,,,,,,,,,,,,,
CODD_TRAINING_02353,295.jpg,brick,,Construction and Demolition Waste,,,,,,,,,,,,,,,,,,,,,
CODD_TRAINING_02354,295.jpg,concrete,,Construction and Demolition Waste,,,,,,,,,,,,,,,,,,,,,
CODD_TRAINING_02355,295.jpg,tile,,Construction and Demolition Waste,,,,,,,,,,,,,,,,,,,,,
CODD_TRAINING_02356,295.jpg,brick,,Construction and Demolition Waste,,,,,,,,,,,,,,,,,,,,,
CODD_TRAINING_02357,295.jpg,concrete,,Construction and Demolition Waste,,,,,,,,,,,,,,,,,,,,,
CODD_TRAINING_02358,295.jpg,tile,,Construction and Demolition Waste,,,,,,,,,,,,,,,,,,,,,
CODD_TRAINING_02359,296.jpg,brick,,Construction and Demolition Waste,,,,,,,,,,,,,,,,,,,,,
CODD_TRAINING_02360,296.jpg,concrete,,Construction and Demolition Waste,,,,,,,,,,,,,,,,,,,,,
CODD_TRAINING_02361,296.jpg,tile,,Construction and Demolition Waste,,,,,,,,,,,,,,,,,,,,,
CODD_TRAINING_02362,296.jpg,brick,,Construction and Demolition Waste,,,,,,,,,,,,,,,,,,,,,
CODD_TRAINING_02363,296.jpg,concrete,,Construction and Demolition Waste,,,,,,,,,,,,,,,,,,,,,
CODD_TRAINING_02364,296.jpg,tile,,Construction and Demolition Waste,,,,,,,,,,,,,,,,,,,,,
CODD_TRAINING_02365,296.jpg,brick,,Construction and Demolition Waste,,,,,,,,,,,,,,,,,,,,,
CODD_TRAINING_02366,296.jpg,concrete,,Construction and Demolition Waste,,,,,,,,,,,,,,,,,,,,,
CODD_TRAINING_02367,296.jpg,tile,,Construction and Demolition Waste,,,,,,,,,,,,,,,,,,,,,
CODD_TRAINING_02368,296.jpg,brick,,Construction and Demolition Waste,,,,,,,,,,,,,,,,,,,,,
CODD_TRAINING_02369,296.jpg,concrete,,Construction and Demolition Waste,,,,,,,,,,,,,,,,,,,,,
CODD_TRAINING_02370,296.jpg,tile,,Construction and Demolition Waste,,,,,,,,,,,,,,,,,,,,,
CODD_TRAINING_02371,296.jpg,brick,,Construction and Demolition Waste,,,,,,,,,,,,,,,,,,,,,
CODD_TRAINING_02372,2969.jpg,general_w,,Construction and Demolition Waste,,,,,,,,,,,,,,,,,,,,,
CODD_TRAINING_02373,2969.jpg,general_w,,Construction and Demolition Waste,,,,,,,,,,,,,,,,,,,,,
CODD_TRAINING_02374,2969.jpg,general_w,,Construction and Demolition Waste,,,,,,,,,,,,,,,,,,,,,
CODD_TRAINING_02375,2969.jpg,general_w,,Construction and Demolition Waste,,,,,,,,,,,,,,,,,,,,,
CODD_TRAINING_02376,2969.jpg,general_w,,Construction and Demolition Waste,,,,,,,,,,,,,,,,,,,,,
CODD_TRAINING_02377,2969.jpg,general_w,,Construction and Demolition Waste,,,,,,,,,,,,,,,,,,,,,
CODD_TRAINING_02378,2969.jpg,general_w,,Construction and Demolition Waste,,,,,,,,,,,,,,,,,,,,,
CODD_TRAINING_02379,2969.jpg,general_w,,Construction and Demolition Waste,,,,,,,,,,,,,,,,,,,,,
CODD_TRAINING_02380,2969.jpg,general_w,,Construction and Demolition Waste,,,,,,,,,,,,,,,,,,,,,
CODD_TRAINING_02381,2969.jpg,general_w,,Construction and Demolition Waste,,,,,,,,,,,,,,,,,,,,,
CODD_TRAINING_02382,2969.jpg,general_w,,Construction and Demolition Waste,,,,,,,,,,,,,,,,,,,,,
CODD_TRAINING_02383,2969.jpg,general_w,,Construction and Demolition Waste,,,,,,,,,,,,,,,,,,,,,
CODD_TRAINING_02384,2969.jpg,general_w,,Construction and Demolition Waste,,,,,,,,,,,,,,,,,,,,,
CODD_TRAINING_02385,2969.jpg,general_w,,Construction and Demolition Waste,,,,,,,,,,,,,,,,,,,,,
CODD_TRAINING_02386,2969.jpg,general_w,,Construction and Demolition Waste,,,,,,,,,,,,,,,,,,,,,
CODD_TRAINING_02387,2970.jpg,pipes,,Construction and Demolition Waste,,,,,,,,,,,,,,,,,,,,,
CODD_TRAINING_02388,2970.jpg,pipes,,Construction and Demolition Waste,,,,,,,,,,,,,,,,,,,,,
CODD_TRAINING_02389,2970.jpg,pipes,,Construction and Demolition Waste,,,,,,,,,,,,,,,,,,,,,
CODD_TRAINING_02390,2970.jpg,pipes,,Construction and Demolition Waste,,,,,,,,,,,,,,,,,,,,,
CODD_TRAINING_02391,2970.jpg,pipes,,Construction and Demolition Waste,,,,,,,,,,,,,,,,,,,,,
CODD_TRAINING_02392,2970.jpg,pipes,,Construction and Demolition Waste,,,,,,,,,,,,,,,,,,,,,
CODD_TRAINING_02393,2970.jpg,pipes,,Construction and Demolition Waste,,,,,,,,,,,,,,,,,,,,,
CODD_TRAINING_02394,2970.jpg,pipes,,Construction and Demolition Waste,,,,,,,,,,,,,,,,,,,,,
CODD_TRAINING_02395,2970.jpg,pipes,,Construction and Demolition Waste,,,,,,,,,,,,,,,,,,,,,
CODD_TRAINING_02396,2970.jpg,pipes,,Construction and Demolition Waste,,,,,,,,,,,,,,,,,,,,,
CODD_TRAINING_02397,2970.jpg,pipes,,Construction and Demolition Waste,,,,,,,,,,,,,,,,,,,,,
CODD_TRAINING_02398,2971.jpg,pipes,,Construction and Demolition Waste,,,,,,,,,,,,,,,,,,,,,
CODD_TRAINING_02399,2971.jpg,pipes,,Construction and Demolition Waste,,,,,,,,,,,,,,,,,,,,,
CODD_TRAINING_02400,2971.jpg,pipes,,Construction and Demolition Waste,,,,,,,,,,,,,,,,,,,,,
CODD_TRAINING_02401,2971.jpg,pipes,,Construction and Demolition Waste,,,,,,,,,,,,,,,,,,,,,
CODD_TRAINING_02402,2971.jpg,pipes,,Construction and Demolition Waste,,,,,,,,,,,,,,,,,,,,,
CODD_TRAINING_02403,2971.jpg,pipes,,Construction and Demolition Waste,,,,,,,,,,,,,,,,,,,,,
CODD_TRAINING_02404,2971.jpg,pipes,,Construction and Demolition Waste,,,,,,,,,,,,,,,,,,,,,
CODD_TRAINING_02405,2971.jpg,pipes,,Construction and Demolition Waste,,,,,,,,,,,,,,,,,,,,,
CODD_TRAINING_02406,2971.jpg,pipes,,Construction and Demolition Waste,,,,,,,,,,,,,,,,,,,,,
CODD_TRAINING_02407,2971.jpg,pipes,,Construction and Demolition Waste,,,,,,,,,,,,,,,,,,,,,
CODD_TRAINING_02408,2971.jpg,pipes,,Construction and Demolition Waste,,,,,,,,,,,,,,,,,,,,,
CODD_TRAINING_02409,2971.jpg,pipes,,Construction and Demolition Waste,,,,,,,,,,,,,,,,,,,,,
CODD_TRAINING_02410,2971.jpg,pipes,,Construction and Demolition Waste,,,,,,,,,,,,,,,,,,,,,
CODD_TRAINING_02411,2971.jpg,pipes,,Construction and Demolition Waste,,,,,,,,,,,,,,,,,,,,,
CODD_TRAINING_02412,2971.jpg,pipes,,Construction and Demolition Waste,,,,,,,,,,,,,,,,,,,,,
CODD_TRAINING_02413,2971.jpg,pipes,,Construction and Demolition Waste,,,,,,,,,,,,,,,,,,,,,
CODD_TRAINING_02414,2971.jpg,pipes,,Construction and Demolition Waste,,,,,,,,,,,,,,,,,,,,,
CODD_TRAINING_02415,2971.jpg,pipes,,Construction and Demolition Waste,,,,,,,,,,,,,,,,,,,,,
CODD_TRAINING_02416,2971.jpg,pipes,,Construction and Demolition Waste,,,,,,,,,,,,,,,,,,,,,
CODD_TRAINING_02417,2971.jpg,pipes,,Construction and Demolition Waste,,,,,,,,,,,,,,,,,,,,,
CODD_TRAINING_02418,2971.jpg,pipes,,Construction and Demolition Waste,,,,,,,,,,,,,,,,,,,,,
CODD_TRAINING_02419,2971.jpg,pipes,,Construction and Demolition Waste,,,,,,,,,,,,,,,,,,,,,
CODD_TRAINING_02420,2972.jpg,general_w,,Construction and Demolition Waste,,,,,,,,,,,,,,,,,,,,,
CODD_TRAINING_02421,2972.jpg,general_w,,Construction and Demolition Waste,,,,,,,,,,,,,,,,,,,,,
CODD_TRAINING_02422,2972.jpg,general_w,,Construction and Demolition Waste,,,,,,,,,,,,,,,,,,,,,
CODD_TRAINING_02423,2972.jpg,general_w,,Construction and Demolition Waste,,,,,,,,,,,,,,,,,,,,,
CODD_TRAINING_02424,2972.jpg,general_w,,Construction and Demolition Waste,,,,,,,,,,,,,,,,,,,,,
CODD_TRAINING_02425,2972.jpg,general_w,,Construction and Demolition Waste,,,,,,,,,,,,,,,,,,,,,
CODD_TRAINING_02426,2972.jpg,general_w,,Construction and Demolition Waste,,,,,,,,,,,,,,,,,,,,,
CODD_TRAINING_02427,2972.jpg,general_w,,Construction and Demolition Waste,,,,,,,,,,,,,,,,,,,,,
CODD_TRAINING_02428,2972.jpg,general_w,,Construction and Demolition Waste,,,,,,,,,,,,,,,,,,,,,
CODD_TRAINING_02429,2972.jpg,general_w,,Construction and Demolition Waste,,,,,,,,,,,,,,,,,,,,,
CODD_TRAINING_02430,2972.jpg,general_w,,Construction and Demolition Waste,,,,,,,,,,,,,,,,,,,,,
CODD_TRAINING_02431,2972.jpg,general_w,,Construction and Demolition Waste,,,,,,,,,,,,,,,,,,,,,
CODD_TRAINING_02432,2972.jpg,general_w,,Construction and Demolition Waste,,,,,,,,,,,,,,,,,,,,,
CODD_TRAINING_02433,2972.jpg,general_w,,Construction and Demolition Waste,,,,,,,,,,,,,,,,,,,,,
CODD_TRAINING_02434,2972.jpg,general_w,,Construction and Demolition Waste,,,,,,,,,,,,,,,,,,,,,
CODD_TRAINING_02435,2972.jpg,general_w,,Construction and Demolition Waste,,,,,,,,,,,,,,,,,,,,,
CODD_TRAINING_02436,2972.jpg,general_w,,Construction and Demolition Waste,,,,,,,,,,,,,,,,,,,,,
CODD_TRAINING_02437,2972.jpg,general_w,,Construction and Demolition Waste,,,,,,,,,,,,,,,,,,,,,
CODD_TRAINING_02438,2972.jpg,general_w,,Construction and Demolition Waste,,,,,,,,,,,,,,,,,,,,,
CODD_TRAINING_02439,2972.jpg,general_w,,Construction and Demolition Waste,,,,,,,,,,,,,,,,,,,,,
CODD_TRAINING_02440,2972.jpg,general_w,,Construction and Demolition Waste,,,,,,,,,,,,,,,,,,,,,
CODD_TRAINING_02441,2972.jpg,general_w,,Construction and Demolition Waste,,,,,,,,,,,,,,,,,,,,,
CODD_TRAINING_02442,2972.jpg,general_w,,Construction and Demolition Waste,,,,,,,,,,,,,,,,,,,,,
CODD_TRAINING_02443,2972.jpg,general_w,,Construction and Demolition Waste,,,,,,,,,,,,,,,,,,,,,
CODD_TRAINING_02444,2972.jpg,general_w,,Construction and Demolition Waste,,,,,,,,,,,,,,,,,,,,,
CODD_TRAINING_02445,2972.jpg,general_w,,Construction and Demolition Waste,,,,,,,,,,,,,,,,,,,,,
CODD_TRAINING_02446,2972.jpg,general_w,,Construction and Demolition Waste,,,,,,,,,,,,,,,,,,,,,
CODD_TRAINING_02447,2972.jpg,general_w,,Construction and Demolition Waste,,,,,,,,,,,,,,,,,,,,,
CODD_TRAINING_02448,2972.jpg,general_w,,Construction and Demolition Waste,,,,,,,,,,,,,,,,,,,,,
CODD_TRAINING_02449,2972.jpg,general_w,,Construction and Demolition Waste,,,,,,,,,,,,,,,,,,,,,
CODD_TRAINING_02450,2973.jpg,general_w,,Construction and Demolition Waste,,,,,,,,,,,,,,,,,,,,,
CODD_TRAINING_02451,2973.jpg,general_w,,Construction and Demolition Waste,,,,,,,,,,,,,,,,,,,,,
CODD_TRAINING_02452,2973.jpg,general_w,,Construction and Demolition Waste,,,,,,,,,,,,,,,,,,,,,
CODD_TRAINING_02453,2973.jpg,general_w,,Construction and Demolition Waste,,,,,,,,,,,,,,,,,,,,,
CODD_TRAINING_02454,2973.jpg,general_w,,Construction and Demolition Waste,,,,,,,,,,,,,,,,,,,,,
CODD_TRAINING_02455,2973.jpg,general_w,,Construction and Demolition Waste,,,,,,,,,,,,,,,,,,,,,
CODD_TRAINING_02456,2973.jpg,general_w,,Construction and Demolition Waste,,,,,,,,,,,,,,,,,,,,,
CODD_TRAINING_02457,2973.jpg,general_w,,Construction and Demolition Waste,,,,,,,,,,,,,,,,,,,,,
CODD_TRAINING_02458,2973.jpg,general_w,,Construction and Demolition Waste,,,,,,,,,,,,,,,,,,,,,
CODD_TRAINING_02459,2973.jpg,general_w,,Construction and Demolition Waste,,,,,,,,,,,,,,,,,,,,,
CODD_TRAINING_02460,2973.jpg,general_w,,Construction and Demolition Waste,,,,,,,,,,,,,,,,,,,,,
CODD_TRAINING_02461,2973.jpg,general_w,,Construction and Demolition Waste,,,,,,,,,,,,,,,,,,,,,
CODD_TRAINING_02462,2973.jpg,general_w,,Construction and Demolition Waste,,,,,,,,,,,,,,,,,,,,,
CODD_TRAINING_02463,2973.jpg,general_w,,Construction and Demolition Waste,,,,,,,,,,,,,,,,,,,,,
CODD_TRAINING_02464,2973.jpg,general_w,,Construction and Demolition Waste,,,,,,,,,,,,,,,,,,,,,
CODD_TRAINING_02465,2973.jpg,general_w,,Construction and Demolition Waste,,,,,,,,,,,,,,,,,,,,,
CODD_TRAINING_02466,2973.jpg,general_w,,Construction and Demolition Waste,,,,,,,,,,,,,,,,,,,,,
CODD_TRAINING_02467,2973.jpg,general_w,,Construction and Demolition Waste,,,,,,,,,,,,,,,,,,,,,
CODD_TRAINING_02468,2973.jpg,general_w,,Construction and Demolition Waste,,,,,,,,,,,,,,,,,,,,,
CODD_TRAINING_02469,2973.jpg,general_w,,Construction and Demolition Waste,,,,,,,,,,,,,,,,,,,,,
CODD_TRAINING_02470,2973.jpg,general_w,,Construction and Demolition Waste,,,,,,,,,,,,,,,,,,,,,
CODD_TRAINING_02471,2973.jpg,general_w,,Construction and Demolition Waste,,,,,,,,,,,,,,,,,,,,,
CODD_TRAINING_02472,2973.jpg,general_w,,Construction and Demolition Waste,,,,,,,,,,,,,,,,,,,,,
CODD_TRAINING_02473,2973.jpg,general_w,,Construction and Demolition Waste,,,,,,,,,,,,,,,,,,,,,
CODD_TRAINING_02474,2973.jpg,general_w,,Construction and Demolition Waste,,,,,,,,,,,,,,,,,,,,,
CODD_TRAINING_02475,2973.jpg,general_w,,Construction and Demolition Waste,,,,,,,,,,,,,,,,,,,,,
CODD_TRAINING_02476,2973.jpg,general_w,,Construction and Demolition Waste,,,,,,,,,,,,,,,,,,,,,
CODD_TRAINING_02477,2973.jpg,general_w,,Construction and Demolition Waste,,,,,,,,,,,,,,,,,,,,,
CODD_TRAINING_02478,2974.jpg,general_w,,Construction and Demolition Waste,,,,,,,,,,,,,,,,,,,,,
CODD_TRAINING_02479,2975.jpg,general_w,,Construction and Demolition Waste,,,,,,,,,,,,,,,,,,,,,
CODD_TRAINING_02480,2976.jpg,general_w,,Construction and Demolition Waste,,,,,,,,,,,,,,,,,,,,,
CODD_TRAINING_02481,2977.jpg,general_w,,Construction and Demolition Waste,,,,,,,,,,,,,,,,,,,,,
CODD_TRAINING_02482,2978.jpg,general_w,,Construction and Demolition Waste,,,,,,,,,,,,,,,,,,,,,
CODD_TRAINING_02483,2978.jpg,general_w,,Construction and Demolition Waste,,,,,,,,,,,,,,,,,,,,,
CODD_TRAINING_02484,2979.jpg,general_w,,Construction and Demolition Waste,,,,,,,,,,,,,,,,,,,,,
CODD_TRAINING_02485,2979.jpg,general_w,,Construction and Demolition Waste,,,,,,,,,,,,,,,,,,,,,
CODD_TRAINING_02486,298.jpg,brick,,Construction and Demolition Waste,,,,,,,,,,,,,,,,,,,,,
CODD_TRAINING_02487,298.jpg,concrete,,Construction and Demolition Waste,,,,,,,,,,,,,,,,,,,,,
CODD_TRAINING_02488,298.jpg,tile,,Construction and Demolition Waste,,,,,,,,,,,,,,,,,,,,,
CODD_TRAINING_02489,298.jpg,brick,,Construction and Demolition Waste,,,,,,,,,,,,,,,,,,,,,
CODD_TRAINING_02490,298.jpg,concrete,,Construction and Demolition Waste,,,,,,,,,,,,,,,,,,,,,
CODD_TRAINING_02491,298.jpg,tile,,Construction and Demolition Waste,,,,,,,,,,,,,,,,,,,,,
CODD_TRAINING_02492,298.jpg,brick,,Construction and Demolition Waste,,,,,,,,,,,,,,,,,,,,,
CODD_TRAINING_02493,298.jpg,concrete,,Construction and Demolition Waste,,,,,,,,,,,,,,,,,,,,,
CODD_TRAINING_02494,298.jpg,tile,,Construction and Demolition Waste,,,,,,,,,,,,,,,,,,,,,
CODD_TRAINING_02495,298.jpg,brick,,Construction and Demolition Waste,,,,,,,,,,,,,,,,,,,,,
CODD_TRAINING_02496,298.jpg,concrete,,Construction and Demolition Waste,,,,,,,,,,,,,,,,,,,,,
CODD_TRAINING_02497,2980.jpg,general_w,,Construction and Demolition Waste,,,,,,,,,,,,,,,,,,,,,
CODD_TRAINING_02498,2980.jpg,general_w,,Construction and Demolition Waste,,,,,,,,,,,,,,,,,,,,,
CODD_TRAINING_02499,2980.jpg,general_w,,Construction and Demolition Waste,,,,,,,,,,,,,,,,,,,,,
CODD_TRAINING_02500,2980.jpg,general_w,,Construction and Demolition Waste,,,,,,,,,,,,,,,,,,,,,
CODD_TRAINING_02501,2981.jpg,general_w,,Construction and Demolition Waste,,,,,,,,,,,,,,,,,,,,,
CODD_TRAINING_02502,2981.jpg,general_w,,Construction and Demolition Waste,,,,,,,,,,,,,,,,,,,,,
CODD_TRAINING_02503,2981.jpg,general_w,,Construction and Demolition Waste,,,,,,,,,,,,,,,,,,,,,
CODD_TRAINING_02504,2981.jpg,general_w,,Construction and Demolition Waste,,,,,,,,,,,,,,,,,,,,,
CODD_TRAINING_02505,2981.jpg,general_w,,Construction and Demolition Waste,,,,,,,,,,,,,,,,,,,,,
CODD_TRAINING_02506,2982.jpg,general_w,,Construction and Demolition Waste,,,,,,,,,,,,,,,,,,,,,
CODD_TRAINING_02507,2982.jpg,general_w,,Construction and Demolition Waste,,,,,,,,,,,,,,,,,,,,,
CODD_TRAINING_02508,2982.jpg,general_w,,Construction and Demolition Waste,,,,,,,,,,,,,,,,,,,,,
CODD_TRAINING_02509,2982.jpg,general_w,,Construction and Demolition Waste,,,,,,,,,,,,,,,,,,,,,
CODD_TRAINING_02510,2982.jpg,general_w,,Construction and Demolition Waste,,,,,,,,,,,,,,,,,,,,,
CODD_TRAINING_02511,2982.jpg,general_w,,Construction and Demolition Waste,,,,,,,,,,,,,,,,,,,,,
CODD_TRAINING_02512,2983.jpg,general_w,,Construction and Demolition Waste,,,,,,,,,,,,,,,,,,,,,
CODD_TRAINING_02513,2983.jpg,general_w,,Construction and Demolition Waste,,,,,,,,,,,,,,,,,,,,,
CODD_TRAINING_02514,2983.jpg,general_w,,Construction and Demolition Waste,,,,,,,,,,,,,,,,,,,,,
CODD_TRAINING_02515,2984.jpg,foam,,Construction and Demolition Waste,,,,,,,,,,,,,,,,,,,,,
CODD_TRAINING_02516,2984.jpg,foam,,Construction and Demolition Waste,,,,,,,,,,,,,,,,,,,,,
CODD_TRAINING_02517,2984.jpg,foam,,Construction and Demolition Waste,,,,,,,,,,,,,,,,,,,,,
CODD_TRAINING_02518,2984.jpg,foam,,Construction and Demolition Waste,,,,,,,,,,,,,,,,,,,,,
CODD_TRAINING_02519,2984.jpg,foam,,Construction and Demolition Waste,,,,,,,,,,,,,,,,,,,,,
CODD_TRAINING_02520,2984.jpg,foam,,Construction and Demolition Waste,,,,,,,,,,,,,,,,,,,,,
CODD_TRAINING_02521,2984.jpg,foam,,Construction and Demolition Waste,,,,,,,,,,,,,,,,,,,,,
CODD_TRAINING_02522,2984.jpg,foam,,Construction and Demolition Waste,,,,,,,,,,,,,,,,,,,,,
CODD_TRAINING_02523,2984.jpg,foam,,Construction and Demolition Waste,,,,,,,,,,,,,,,,,,,,,
CODD_TRAINING_02524,2984.jpg,foam,,Construction and Demolition Waste,,,,,,,,,,,,,,,,,,,,,
CODD_TRAINING_02525,2984.jpg,foam,,Construction and Demolition Waste,,,,,,,,,,,,,,,,,,,,,
CODD_TRAINING_02526,2984.jpg,foam,,Construction and Demolition Waste,,,,,,,,,,,,,,,,,,,,,
CODD_TRAINING_02527,2984.jpg,foam,,Construction and Demolition Waste,,,,,,,,,,,,,,,,,,,,,
CODD_TRAINING_02528,2984.jpg,foam,,Construction and Demolition Waste,,,,,,,,,,,,,,,,,,,,,
CODD_TRAINING_02529,2984.jpg,foam,,Construction and Demolition Waste,,,,,,,,,,,,,,,,,,,,,
CODD_TRAINING_02530,2984.jpg,foam,,Construction and Demolition Waste,,,,,,,,,,,,,,,,,,,,,
CODD_TRAINING_02531,2984.jpg,foam,,Construction and Demolition Waste,,,,,,,,,,,,,,,,,,,,,
CODD_TRAINING_02532,2984.jpg,foam,,Construction and Demolition Waste,,,,,,,,,,,,,,,,,,,,,
CODD_TRAINING_02533,2984.jpg,foam,,Construction and Demolition Waste,,,,,,,,,,,,,,,,,,,,,
CODD_TRAINING_02534,2984.jpg,foam,,Construction and Demolition Waste,,,,,,,,,,,,,,,,,,,,,
CODD_TRAINING_02535,2984.jpg,foam,,Construction and Demolition Waste,,,,,,,,,,,,,,,,,,,,,
CODD_TRAINING_02536,2984.jpg,foam,,Construction and Demolition Waste,,,,,,,,,,,,,,,,,,,,,
CODD_TRAINING_02537,2984.jpg,foam,,Construction and Demolition Waste,,,,,,,,,,,,,,,,,,,,,
CODD_TRAINING_02538,2984.jpg,foam,,Construction and Demolition Waste,,,,,,,,,,,,,,,,,,,,,
CODD_TRAINING_02539,2984.jpg,foam,,Construction and Demolition Waste,,,,,,,,,,,,,,,,,,,,,
CODD_TRAINING_02540,2984.jpg,foam,,Construction and Demolition Waste,,,,,,,,,,,,,,,,,,,,,
CODD_TRAINING_02541,2984.jpg,foam,,Construction and Demolition Waste,,,,,,,,,,,,,,,,,,,,,
CODD_TRAINING_02542,2984.jpg,foam,,Construction and Demolition Waste,,,,,,,,,,,,,,,,,,,,,
CODD_TRAINING_02543,2984.jpg,foam,,Construction and Demolition Waste,,,,,,,,,,,,,,,,,,,,,
CODD_TRAINING_02544,2984.jpg,foam,,Construction and Demolition Waste,,,,,,,,,,,,,,,,,,,,,
CODD_TRAINING_02545,2984.jpg,foam,,Construction and Demolition Waste,,,,,,,,,,,,,,,,,,,,,
CODD_TRAINING_02546,2984.jpg,foam,,Construction and Demolition Waste,,,,,,,,,,,,,,,,,,,,,
CODD_TRAINING_02547,2984.jpg,foam,,Construction and Demolition Waste,,,,,,,,,,,,,,,,,,,,,
CODD_TRAINING_02548,2984.jpg,foam,,Construction and Demolition Waste,,,,,,,,,,,,,,,,,,,,,
CODD_TRAINING_02549,2984.jpg,foam,,Construction and Demolition Waste,,,,,,,,,,,,,,,,,,,,,
CODD_TRAINING_02550,2984.jpg,foam,,Construction and Demolition Waste,,,,,,,,,,,,,,,,,,,,,
CODD_TRAINING_02551,2984.jpg,foam,,Construction and Demolition Waste,,,,,,,,,,,,,,,,,,,,,
CODD_TRAINING_02552,2984.jpg,foam,,Construction and Demolition Waste,,,,,,,,,,,,,,,,,,,,,
CODD_TRAINING_02553,2984.jpg,foam,,Construction and Demolition Waste,,,,,,,,,,,,,,,,,,,,,
CODD_TRAINING_02554,2984.jpg,foam,,Construction and Demolition Waste,,,,,,,,,,,,,,,,,,,,,
CODD_TRAINING_02555,2984.jpg,foam,,Construction and Demolition Waste,,,,,,,,,,,,,,,,,,,,,
CODD_TRAINING_02556,2984.jpg,foam,,Construction and Demolition Waste,,,,,,,,,,,,,,,,,,,,,
CODD_TRAINING_02557,2984.jpg,foam,,Construction and Demolition Waste,,,,,,,,,,,,,,,,,,,,,
CODD_TRAINING_02558,2984.jpg,foam,,Construction and Demolition Waste,,,,,,,,,,,,,,,,,,,,,
CODD_TRAINING_02559,2984.jpg,foam,,Construction and Demolition Waste,,,,,,,,,,,,,,,,,,,,,
CODD_TRAINING_02560,2985.jpg,foam,,Construction and Demolition Waste,,,,,,,,,,,,,,,,,,,,,
CODD_TRAINING_02561,2985.jpg,foam,,Construction and Demolition Waste,,,,,,,,,,,,,,,,,,,,,
CODD_TRAINING_02562,2985.jpg,foam,,Construction and Demolition Waste,,,,,,,,,,,,,,,,,,,,,
CODD_TRAINING_02563,2985.jpg,foam,,Construction and Demolition Waste,,,,,,,,,,,,,,,,,,,,,
CODD_TRAINING_02564,2985.jpg,foam,,Construction and Demolition Waste,,,,,,,,,,,,,,,,,,,,,
CODD_TRAINING_02565,2985.jpg,foam,,Construction and Demolition Waste,,,,,,,,,,,,,,,,,,,,,
CODD_TRAINING_02566,2985.jpg,foam,,Construction and Demolition Waste,,,,,,,,,,,,,,,,,,,,,
CODD_TRAINING_02567,2985.jpg,foam,,Construction and Demolition Waste,,,,,,,,,,,,,,,,,,,,,
CODD_TRAINING_02568,2985.jpg,foam,,Construction and Demolition Waste,,,,,,,,,,,,,,,,,,,,,
CODD_TRAINING_02569,2985.jpg,foam,,Construction and Demolition Waste,,,,,,,,,,,,,,,,,,,,,
CODD_TRAINING_02570,2985.jpg,foam,,Construction and Demolition Waste,,,,,,,,,,,,,,,,,,,,,
CODD_TRAINING_02571,2986.jpg,foam,,Construction and Demolition Waste,,,,,,,,,,,,,,,,,,,,,
CODD_TRAINING_02572,2986.jpg,foam,,Construction and Demolition Waste,,,,,,,,,,,,,,,,,,,,,
CODD_TRAINING_02573,2986.jpg,foam,,Construction and Demolition Waste,,,,,,,,,,,,,,,,,,,,,
CODD_TRAINING_02574,2986.jpg,foam,,Construction and Demolition Waste,,,,,,,,,,,,,,,,,,,,,
CODD_TRAINING_02575,2986.jpg,foam,,Construction and Demolition Waste,,,,,,,,,,,,,,,,,,,,,
CODD_TRAINING_02576,2986.jpg,foam,,Construction and Demolition Waste,,,,,,,,,,,,,,,,,,,,,
CODD_TRAINING_02577,2986.jpg,foam,,Construction and Demolition Waste,,,,,,,,,,,,,,,,,,,,,
CODD_TRAINING_02578,2986.jpg,foam,,Construction and Demolition Waste,,,,,,,,,,,,,,,,,,,,,
CODD_TRAINING_02579,2986.jpg,foam,,Construction and Demolition Waste,,,,,,,,,,,,,,,,,,,,,
CODD_TRAINING_02580,2986.jpg,foam,,Construction and Demolition Waste,,,,,,,,,,,,,,,,,,,,,
CODD_TRAINING_02581,2986.jpg,foam,,Construction and Demolition Waste,,,,,,,,,,,,,,,,,,,,,
CODD_TRAINING_02582,2986.jpg,foam,,Construction and Demolition Waste,,,,,,,,,,,,,,,,,,,,,
CODD_TRAINING_02583,2986.jpg,foam,,Construction and Demolition Waste,,,,,,,,,,,,,,,,,,,,,
CODD_TRAINING_02584,2986.jpg,foam,,Construction and Demolition Waste,,,,,,,,,,,,,,,,,,,,,
CODD_TRAINING_02585,2986.jpg,foam,,Construction and Demolition Waste,,,,,,,,,,,,,,,,,,,,,
CODD_TRAINING_02586,2986.jpg,foam,,Construction and Demolition Waste,,,,,,,,,,,,,,,,,,,,,
CODD_TRAINING_02587,2986.jpg,foam,,Construction and Demolition Waste,,,,,,,,,,,,,,,,,,,,,
CODD_TRAINING_02588,2986.jpg,foam,,Construction and Demolition Waste,,,,,,,,,,,,,,,,,,,,,
CODD_TRAINING_02589,2986.jpg,foam,,Construction and Demolition Waste,,,,,,,,,,,,,,,,,,,,,
CODD_TRAINING_02590,2986.jpg,foam,,Construction and Demolition Waste,,,,,,,,,,,,,,,,,,,,,
CODD_TRAINING_02591,2986.jpg,foam,,Construction and Demolition Waste,,,,,,,,,,,,,,,,,,,,,
CODD_TRAINING_02592,2986.jpg,foam,,Construction and Demolition Waste,,,,,,,,,,,,,,,,,,,,,
CODD_TRAINING_02593,2986.jpg,foam,,Construction and Demolition Waste,,,,,,,,,,,,,,,,,,,,,
CODD_TRAINING_02594,2986.jpg,foam,,Construction and Demolition Waste,,,,,,,,,,,,,,,,,,,,,
CODD_TRAINING_02595,2986.jpg,foam,,Construction and Demolition Waste,,,,,,,,,,,,,,,,,,,,,
CODD_TRAINING_02596,2986.jpg,foam,,Construction and Demolition Waste,,,,,,,,,,,,,,,,,,,,,
CODD_TRAINING_02597,299.jpg,brick,,Construction and Demolition Waste,,,,,,,,,,,,,,,,,,,,,
CODD_TRAINING_02598,299.jpg,concrete,,Construction and Demolition Waste,,,,,,,,,,,,,,,,,,,,,
CODD_TRAINING_02599,299.jpg,tile,,Construction and Demolition Waste,,,,,,,,,,,,,,,,,,,,,
CODD_TRAINING_02600,299.jpg,brick,,Construction and Demolition Waste,,,,,,,,,,,,,,,,,,,,,
CODD_TRAINING_02601,299.jpg,concrete,,Construction and Demolition Waste,,,,,,,,,,,,,,,,,,,,,
CODD_TRAINING_02602,299.jpg,tile,,Construction and Demolition Waste,,,,,,,,,,,,,,,,,,,,,
CODD_TRAINING_02603,299.jpg,brick,,Construction and Demolition Waste,,,,,,,,,,,,,,,,,,,,,
CODD_TRAINING_02604,299.jpg,concrete,,Construction and Demolition Waste,,,,,,,,,,,,,,,,,,,,,
CODD_TRAINING_02605,299.jpg,tile,,Construction and Demolition Waste,,,,,,,,,,,,,,,,,,,,,
CODD_TRAINING_02606,299.jpg,brick,,Construction and Demolition Waste,,,,,,,,,,,,,,,,,,,,,
CODD_TRAINING_02607,299.jpg,concrete,,Construction and Demolition Waste,,,,,,,,,,,,,,,,,,,,,
CODD_TRAINING_02608,299.jpg,tile,,Construction and Demolition Waste,,,,,,,,,,,,,,,,,,,,,
CODD_TRAINING_02609,2990.jpg,pipes,,Construction and Demolition Waste,,,,,,,,,,,,,,,,,,,,,
CODD_TRAINING_02610,2990.jpg,pipes,,Construction and Demolition Waste,,,,,,,,,,,,,,,,,,,,,
CODD_TRAINING_02611,2990.jpg,pipes,,Construction and Demolition Waste,,,,,,,,,,,,,,,,,,,,,
CODD_TRAINING_02612,2990.jpg,pipes,,Construction and Demolition Waste,,,,,,,,,,,,,,,,,,,,,
CODD_TRAINING_02613,2990.jpg,pipes,,Construction and Demolition Waste,,,,,,,,,,,,,,,,,,,,,
CODD_TRAINING_02614,2990.jpg,pipes,,Construction and Demolition Waste,,,,,,,,,,,,,,,,,,,,,
CODD_TRAINING_02615,2990.jpg,pipes,,Construction and Demolition Waste,,,,,,,,,,,,,,,,,,,,,
CODD_TRAINING_02616,2990.jpg,pipes,,Construction and Demolition Waste,,,,,,,,,,,,,,,,,,,,,
CODD_TRAINING_02617,2990.jpg,pipes,,Construction and Demolition Waste,,,,,,,,,,,,,,,,,,,,,
CODD_TRAINING_02618,2990.jpg,pipes,,Construction and Demolition Waste,,,,,,,,,,,,,,,,,,,,,
CODD_TRAINING_02619,2990.jpg,pipes,,Construction and Demolition Waste,,,,,,,,,,,,,,,,,,,,,
CODD_TRAINING_02620,2990.jpg,pipes,,Construction and Demolition Waste,,,,,,,,,,,,,,,,,,,,,
CODD_TRAINING_02621,2990.jpg,pipes,,Construction and Demolition Waste,,,,,,,,,,,,,,,,,,,,,
CODD_TRAINING_02622,2990.jpg,pipes,,Construction and Demolition Waste,,,,,,,,,,,,,,,,,,,,,
CODD_TRAINING_02623,2990.jpg,pipes,,Construction and Demolition Waste,,,,,,,,,,,,,,,,,,,,,
CODD_TRAINING_02624,2990.jpg,plastic,,Construction and Demolition Waste,,,,,,,,,,,,,,,,,,,,,
CODD_TRAINING_02625,2990.jpg,plastic,,Construction and Demolition Waste,,,,,,,,,,,,,,,,,,,,,
CODD_TRAINING_02626,2990.jpg,plastic,,Construction and Demolition Waste,,,,,,,,,,,,,,,,,,,,,
CODD_TRAINING_02627,2990.jpg,plastic,,Construction and Demolition Waste,,,,,,,,,,,,,,,,,,,,,
CODD_TRAINING_02628,2990.jpg,plastic,,Construction and Demolition Waste,,,,,,,,,,,,,,,,,,,,,
CODD_TRAINING_02629,2990.jpg,plastic,,Construction and Demolition Waste,,,,,,,,,,,,,,,,,,,,,
CODD_TRAINING_02630,2990.jpg,plastic,,Construction and Demolition Waste,,,,,,,,,,,,,,,,,,,,,
CODD_TRAINING_02631,2990.jpg,plastic,,Construction and Demolition Waste,,,,,,,,,,,,,,,,,,,,,
CODD_TRAINING_02632,2990.jpg,plastic,,Construction and Demolition Waste,,,,,,,,,,,,,,,,,,,,,
CODD_TRAINING_02633,2990.jpg,plastic,,Construction and Demolition Waste,,,,,,,,,,,,,,,,,,,,,
CODD_TRAINING_02634,2990.jpg,plastic,,Construction and Demolition Waste,,,,,,,,,,,,,,,,,,,,,
CODD_TRAINING_02635,2990.jpg,plastic,,Construction and Demolition Waste,,,,,,,,,,,,,,,,,,,,,
CODD_TRAINING_02636,2990.jpg,plastic,,Construction and Demolition Waste,,,,,,,,,,,,,,,,,,,,,
CODD_TRAINING_02637,2990.jpg,pipes,,Construction and Demolition Waste,,,,,,,,,,,,,,,,,,,,,
CODD_TRAINING_02638,2991.jpg,plastic,,Construction and Demolition Waste,,,,,,,,,,,,,,,,,,,,,
CODD_TRAINING_02639,2991.jpg,plastic,,Construction and Demolition Waste,,,,,,,,,,,,,,,,,,,,,
CODD_TRAINING_02640,2991.jpg,plastic,,Construction and Demolition Waste,,,,,,,,,,,,,,,,,,,,,
CODD_TRAINING_02641,2991.jpg,plastic,,Construction and Demolition Waste,,,,,,,,,,,,,,,,,,,,,
CODD_TRAINING_02642,2991.jpg,plastic,,Construction and Demolition Waste,,,,,,,,,,,,,,,,,,,,,
CODD_TRAINING_02643,2991.jpg,plastic,,Construction and Demolition Waste,,,,,,,,,,,,,,,,,,,,,
CODD_TRAINING_02644,2991.jpg,plastic,,Construction and Demolition Waste,,,,,,,,,,,,,,,,,,,,,
CODD_TRAINING_02645,2991.jpg,plastic,,Construction and Demolition Waste,,,,,,,,,,,,,,,,,,,,,
CODD_TRAINING_02646,2991.jpg,plastic,,Construction and Demolition Waste,,,,,,,,,,,,,,,,,,,,,
CODD_TRAINING_02647,2991.jpg,plastic,,Construction and Demolition Waste,,,,,,,,,,,,,,,,,,,,,
CODD_TRAINING_02648,2991.jpg,plastic,,Construction and Demolition Waste,,,,,,,,,,,,,,,,,,,,,
CODD_TRAINING_02649,2991.jpg,pipes,,Construction and Demolition Waste,,,,,,,,,,,,,,,,,,,,,
CODD_TRAINING_02650,2991.jpg,pipes,,Construction and Demolition Waste,,,,,,,,,,,,,,,,,,,,,
CODD_TRAINING_02651,2991.jpg,pipes,,Construction and Demolition Waste,,,,,,,,,,,,,,,,,,,,,
CODD_TRAINING_02652,2991.jpg,pipes,,Construction and Demolition Waste,,,,,,,,,,,,,,,,,,,,,
CODD_TRAINING_02653,2991.jpg,pipes,,Construction and Demolition Waste,,,,,,,,,,,,,,,,,,,,,
CODD_TRAINING_02654,2991.jpg,pipes,,Construction and Demolition Waste,,,,,,,,,,,,,,,,,,,,,
CODD_TRAINING_02655,2991.jpg,pipes,,Construction and Demolition Waste,,,,,,,,,,,,,,,,,,,,,
CODD_TRAINING_02656,2991.jpg,pipes,,Construction and Demolition Waste,,,,,,,,,,,,,,,,,,,,,
CODD_TRAINING_02657,2991.jpg,pipes,,Construction and Demolition Waste,,,,,,,,,,,,,,,,,,,,,
CODD_TRAINING_02658,2991.jpg,pipes,,Construction and Demolition Waste,,,,,,,,,,,,,,,,,,,,,
CODD_TRAINING_02659,2991.jpg,pipes,,Construction and Demolition Waste,,,,,,,,,,,,,,,,,,,,,
CODD_TRAINING_02660,2991.jpg,pipes,,Construction and Demolition Waste,,,,,,,,,,,,,,,,,,,,,
CODD_TRAINING_02661,2991.jpg,pipes,,Construction and Demolition Waste,,,,,,,,,,,,,,,,,,,,,
CODD_TRAINING_02662,2991.jpg,pipes,,Construction and Demolition Waste,,,,,,,,,,,,,,,,,,,,,
CODD_TRAINING_02663,2991.jpg,pipes,,Construction and Demolition Waste,,,,,,,,,,,,,,,,,,,,,
CODD_TRAINING_02664,2991.jpg,pipes,,Construction and Demolition Waste,,,,,,,,,,,,,,,,,,,,,
CODD_TRAINING_02665,2991.jpg,pipes,,Construction and Demolition Waste,,,,,,,,,,,,,,,,,,,,,
CODD_TRAINING_02666,2991.jpg,pipes,,Construction and Demolition Waste,,,,,,,,,,,,,,,,,,,,,
CODD_TRAINING_02667,2991.jpg,pipes,,Construction and Demolition Waste,,,,,,,,,,,,,,,,,,,,,
CODD_TRAINING_02668,2991.jpg,pipes,,Construction and Demolition Waste,,,,,,,,,,,,,,,,,,,,,
CODD_TRAINING_02669,2991.jpg,pipes,,Construction and Demolition Waste,,,,,,,,,,,,,,,,,,,,,
CODD_TRAINING_02670,2991.jpg,pipes,,Construction and Demolition Waste,,,,,,,,,,,,,,,,,,,,,
CODD_TRAINING_02671,2991.jpg,pipes,,Construction and Demolition Waste,,,,,,,,,,,,,,,,,,,,,
CODD_TRAINING_02672,2991.jpg,pipes,,Construction and Demolition Waste,,,,,,,,,,,,,,,,,,,,,
CODD_TRAINING_02673,2991.jpg,pipes,,Construction and Demolition Waste,,,,,,,,,,,,,,,,,,,,,
CODD_TRAINING_02674,2991.jpg,pipes,,Construction and Demolition Waste,,,,,,,,,,,,,,,,,,,,,
CODD_TRAINING_02675,2991.jpg,pipes,,Construction and Demolition Waste,,,,,,,,,,,,,,,,,,,,,
CODD_TRAINING_02676,2991.jpg,plastic,,Construction and Demolition Waste,,,,,,,,,,,,,,,,,,,,,
CODD_TRAINING_02677,2992.jpg,pipes,,Construction and Demolition Waste,,,,,,,,,,,,,,,,,,,,,
CODD_TRAINING_02678,2992.jpg,pipes,,Construction and Demolition Waste,,,,,,,,,,,,,,,,,,,,,
CODD_TRAINING_02679,2992.jpg,pipes,,Construction and Demolition Waste,,,,,,,,,,,,,,,,,,,,,
CODD_TRAINING_02680,2992.jpg,pipes,,Construction and Demolition Waste,,,,,,,,,,,,,,,,,,,,,
CODD_TRAINING_02681,2992.jpg,pipes,,Construction and Demolition Waste,,,,,,,,,,,,,,,,,,,,,
CODD_TRAINING_02682,2992.jpg,pipes,,Construction and Demolition Waste,,,,,,,,,,,,,,,,,,,,,
CODD_TRAINING_02683,2992.jpg,pipes,,Construction and Demolition Waste,,,,,,,,,,,,,,,,,,,,,
CODD_TRAINING_02684,2992.jpg,pipes,,Construction and Demolition Waste,,,,,,,,,,,,,,,,,,,,,
CODD_TRAINING_02685,2992.jpg,pipes,,Construction and Demolition Waste,,,,,,,,,,,,,,,,,,,,,
CODD_TRAINING_02686,2992.jpg,pipes,,Construction and Demolition Waste,,,,,,,,,,,,,,,,,,,,,
CODD_TRAINING_02687,2992.jpg,pipes,,Construction and Demolition Waste,,,,,,,,,,,,,,,,,,,,,
CODD_TRAINING_02688,2992.jpg,pipes,,Construction and Demolition Waste,,,,,,,,,,,,,,,,,,,,,
CODD_TRAINING_02689,2992.jpg,pipes,,Construction and Demolition Waste,,,,,,,,,,,,,,,,,,,,,
CODD_TRAINING_02690,2992.jpg,pipes,,Construction and Demolition Waste,,,,,,,,,,,,,,,,,,,,,
CODD_TRAINING_02691,2992.jpg,pipes,,Construction and Demolition Waste,,,,,,,,,,,,,,,,,,,,,
CODD_TRAINING_02692,2992.jpg,pipes,,Construction and Demolition Waste,,,,,,,,,,,,,,,,,,,,,
CODD_TRAINING_02693,2992.jpg,pipes,,Construction and Demolition Waste,,,,,,,,,,,,,,,,,,,,,
CODD_TRAINING_02694,2992.jpg,pipes,,Construction and Demolition Waste,,,,,,,,,,,,,,,,,,,,,
CODD_TRAINING_02695,2992.jpg,pipes,,Construction and Demolition Waste,,,,,,,,,,,,,,,,,,,,,
CODD_TRAINING_02696,2992.jpg,pipes,,Construction and Demolition Waste,,,,,,,,,,,,,,,,,,,,,
CODD_TRAINING_02697,2992.jpg,pipes,,Construction and Demolition Waste,,,,,,,,,,,,,,,,,,,,,
CODD_TRAINING_02698,2992.jpg,pipes,,Construction and Demolition Waste,,,,,,,,,,,,,,,,,,,,,
CODD_TRAINING_02699,2992.jpg,pipes,,Construction and Demolition Waste,,,,,,,,,,,,,,,,,,,,,
CODD_TRAINING_02700,2992.jpg,pipes,,Construction and Demolition Waste,,,,,,,,,,,,,,,,,,,,,
CODD_TRAINING_02701,2992.jpg,pipes,,Construction and Demolition Waste,,,,,,,,,,,,,,,,,,,,,
CODD_TRAINING_02702,2992.jpg,pipes,,Construction and Demolition Waste,,,,,,,,,,,,,,,,,,,,,
CODD_TRAINING_02703,2992.jpg,pipes,,Construction and Demolition Waste,,,,,,,,,,,,,,,,,,,,,
CODD_TRAINING_02704,2992.jpg,pipes,,Construction and Demolition Waste,,,,,,,,,,,,,,,,,,,,,
CODD_TRAINING_02705,2992.jpg,pipes,,Construction and Demolition Waste,,,,,,,,,,,,,,,,,,,,,
CODD_TRAINING_02706,2992.jpg,pipes,,Construction and Demolition Waste,,,,,,,,,,,,,,,,,,,,,
CODD_TRAINING_02707,2992.jpg,pipes,,Construction and Demolition Waste,,,,,,,,,,,,,,,,,,,,,
CODD_TRAINING_02708,2992.jpg,pipes,,Construction and Demolition Waste,,,,,,,,,,,,,,,,,,,,,
CODD_TRAINING_02709,2992.jpg,plastic,,Construction and Demolition Waste,,,,,,,,,,,,,,,,,,,,,
CODD_TRAINING_02710,2992.jpg,plastic,,Construction and Demolition Waste,,,,,,,,,,,,,,,,,,,,,
CODD_TRAINING_02711,2992.jpg,plastic,,Construction and Demolition Waste,,,,,,,,,,,,,,,,,,,,,
CODD_TRAINING_02712,2992.jpg,plastic,,Construction and Demolition Waste,,,,,,,,,,,,,,,,,,,,,
CODD_TRAINING_02713,2992.jpg,plastic,,Construction and Demolition Waste,,,,,,,,,,,,,,,,,,,,,
CODD_TRAINING_02714,2992.jpg,plastic,,Construction and Demolition Waste,,,,,,,,,,,,,,,,,,,,,
CODD_TRAINING_02715,2992.jpg,plastic,,Construction and Demolition Waste,,,,,,,,,,,,,,,,,,,,,
CODD_TRAINING_02716,2992.jpg,plastic,,Construction and Demolition Waste,,,,,,,,,,,,,,,,,,,,,
CODD_TRAINING_02717,2992.jpg,plastic,,Construction and Demolition Waste,,,,,,,,,,,,,,,,,,,,,
CODD_TRAINING_02718,2992.jpg,plastic,,Construction and Demolition Waste,,,,,,,,,,,,,,,,,,,,,
CODD_TRAINING_02719,2992.jpg,plastic,,Construction and Demolition Waste,,,,,,,,,,,,,,,,,,,,,
CODD_TRAINING_02720,2992.jpg,plastic,,Construction and Demolition Waste,,,,,,,,,,,,,,,,,,,,,
CODD_TRAINING_02721,2992.jpg,plastic,,Construction and Demolition Waste,,,,,,,,,,,,,,,,,,,,,
CODD_TRAINING_02722,2992.jpg,plastic,,Construction and Demolition Waste,,,,,,,,,,,,,,,,,,,,,
CODD_TRAINING_02723,2992.jpg,plastic,,Construction and Demolition Waste,,,,,,,,,,,,,,,,,,,,,
CODD_TRAINING_02724,2992.jpg,plastic,,Construction and Demolition Waste,,,,,,,,,,,,,,,,,,,,,
CODD_TRAINING_02725,2992.jpg,plastic,,Construction and Demolition Waste,,,,,,,,,,,,,,,,,,,,,
CODD_TRAINING_02726,2992.jpg,plastic,,Construction and Demolition Waste,,,,,,,,,,,,,,,,,,,,,
CODD_TRAINING_02727,2992.jpg,plastic,,Construction and Demolition Waste,,,,,,,,,,,,,,,,,,,,,
CODD_TRAINING_02728,2993.jpg,foam,,Construction and Demolition Waste,,,,,,,,,,,,,,,,,,,,,
CODD_TRAINING_02729,2993.jpg,foam,,Construction and Demolition Waste,,,,,,,,,,,,,,,,,,,,,
CODD_TRAINING_02730,2993.jpg,foam,,Construction and Demolition Waste,,,,,,,,,,,,,,,,,,,,,
CODD_TRAINING_02731,2993.jpg,foam,,Construction and Demolition Waste,,,,,,,,,,,,,,,,,,,,,
CODD_TRAINING_02732,2993.jpg,foam,,Construction and Demolition Waste,,,,,,,,,,,,,,,,,,,,,
CODD_TRAINING_02733,2993.jpg,foam,,Construction and Demolition Waste,,,,,,,,,,,,,,,,,,,,,
CODD_TRAINING_02734,2993.jpg,foam,,Construction and Demolition Waste,,,,,,,,,,,,,,,,,,,,,
CODD_TRAINING_02735,2993.jpg,foam,,Construction and Demolition Waste,,,,,,,,,,,,,,,,,,,,,
CODD_TRAINING_02736,2993.jpg,foam,,Construction and Demolition Waste,,,,,,,,,,,,,,,,,,,,,
CODD_TRAINING_02737,2993.jpg,foam,,Construction and Demolition Waste,,,,,,,,,,,,,,,,,,,,,
CODD_TRAINING_02738,2993.jpg,foam,,Construction and Demolition Waste,,,,,,,,,,,,,,,,,,,,,
CODD_TRAINING_02739,2993.jpg,foam,,Construction and Demolition Waste,,,,,,,,,,,,,,,,,,,,,
CODD_TRAINING_02740,2993.jpg,foam,,Construction and Demolition Waste,,,,,,,,,,,,,,,,,,,,,
CODD_TRAINING_02741,2993.jpg,foam,,Construction and Demolition Waste,,,,,,,,,,,,,,,,,,,,,
CODD_TRAINING_02742,2993.jpg,foam,,Construction and Demolition Waste,,,,,,,,,,,,,,,,,,,,,
CODD_TRAINING_02743,2993.jpg,foam,,Construction and Demolition Waste,,,,,,,,,,,,,,,,,,,,,
CODD_TRAINING_02744,2993.jpg,foam,,Construction and Demolition Waste,,,,,,,,,,,,,,,,,,,,,
CODD_TRAINING_02745,2993.jpg,foam,,Construction and Demolition Waste,,,,,,,,,,,,,,,,,,,,,
CODD_TRAINING_02746,2993.jpg,foam,,Construction and Demolition Waste,,,,,,,,,,,,,,,,,,,,,
CODD_TRAINING_02747,2993.jpg,foam,,Construction and Demolition Waste,,,,,,,,,,,,,,,,,,,,,
CODD_TRAINING_02748,2993.jpg,foam,,Construction and Demolition Waste,,,,,,,,,,,,,,,,,,,,,
CODD_TRAINING_02749,2993.jpg,foam,,Construction and Demolition Waste,,,,,,,,,,,,,,,,,,,,,
CODD_TRAINING_02750,2993.jpg,foam,,Construction and Demolition Waste,,,,,,,,,,,,,,,,,,,,,
CODD_TRAINING_02751,2993.jpg,foam,,Construction and Demolition Waste,,,,,,,,,,,,,,,,,,,,,
CODD_TRAINING_02752,2993.jpg,foam,,Construction and Demolition Waste,,,,,,,,,,,,,,,,,,,,,
CODD_TRAINING_02753,2994.jpg,general_w,,Construction and Demolition Waste,,,,,,,,,,,,,,,,,,,,,
CODD_TRAINING_02754,2994.jpg,general_w,,Construction and Demolition Waste,,,,,,,,,,,,,,,,,,,,,
CODD_TRAINING_02755,2994.jpg,general_w,,Construction and Demolition Waste,,,,,,,,,,,,,,,,,,,,,
CODD_TRAINING_02756,2994.jpg,general_w,,Construction and Demolition Waste,,,,,,,,,,,,,,,,,,,,,
CODD_TRAINING_02757,2994.jpg,general_w,,Construction and Demolition Waste,,,,,,,,,,,,,,,,,,,,,
CODD_TRAINING_02758,2994.jpg,general_w,,Construction and Demolition Waste,,,,,,,,,,,,,,,,,,,,,
CODD_TRAINING_02759,2994.jpg,general_w,,Construction and Demolition Waste,,,,,,,,,,,,,,,,,,,,,
CODD_TRAINING_02760,2994.jpg,general_w,,Construction and Demolition Waste,,,,,,,,,,,,,,,,,,,,,
CODD_TRAINING_02761,2994.jpg,general_w,,Construction and Demolition Waste,,,,,,,,,,,,,,,,,,,,,
CODD_TRAINING_02762,2994.jpg,general_w,,Construction and Demolition Waste,,,,,,,,,,,,,,,,,,,,,
CODD_TRAINING_02763,2994.jpg,general_w,,Construction and Demolition Waste,,,,,,,,,,,,,,,,,,,,,
CODD_TRAINING_02764,2994.jpg,general_w,,Construction and Demolition Waste,,,,,,,,,,,,,,,,,,,,,
CODD_TRAINING_02765,2994.jpg,general_w,,Construction and Demolition Waste,,,,,,,,,,,,,,,,,,,,,
CODD_TRAINING_02766,2994.jpg,general_w,,Construction and Demolition Waste,,,,,,,,,,,,,,,,,,,,,
CODD_TRAINING_02767,2994.jpg,general_w,,Construction and Demolition Waste,,,,,,,,,,,,,,,,,,,,,
CODD_TRAINING_02768,2994.jpg,general_w,,Construction and Demolition Waste,,,,,,,,,,,,,,,,,,,,,
CODD_TRAINING_02769,2994.jpg,general_w,,Construction and Demolition Waste,,,,,,,,,,,,,,,,,,,,,
CODD_TRAINING_02770,2996.jpg,plastic,,Construction and Demolition Waste,,,,,,,,,,,,,,,,,,,,,
CODD_TRAINING_02771,2996.jpg,plastic,,Construction and Demolition Waste,,,,,,,,,,,,,,,,,,,,,
CODD_TRAINING_02772,2996.jpg,plastic,,Construction and Demolition Waste,,,,,,,,,,,,,,,,,,,,,
CODD_TRAINING_02773,2996.jpg,plastic,,Construction and Demolition Waste,,,,,,,,,,,,,,,,,,,,,
CODD_TRAINING_02774,2996.jpg,plastic,,Construction and Demolition Waste,,,,,,,,,,,,,,,,,,,,,
CODD_TRAINING_02775,2996.jpg,plastic,,Construction and Demolition Waste,,,,,,,,,,,,,,,,,,,,,
CODD_TRAINING_02776,2996.jpg,plastic,,Construction and Demolition Waste,,,,,,,,,,,,,,,,,,,,,
CODD_TRAINING_02777,2996.jpg,plastic,,Construction and Demolition Waste,,,,,,,,,,,,,,,,,,,,,
CODD_TRAINING_02778,2996.jpg,plastic,,Construction and Demolition Waste,,,,,,,,,,,,,,,,,,,,,
CODD_TRAINING_02779,2997.jpg,plastic,,Construction and Demolition Waste,,,,,,,,,,,,,,,,,,,,,
CODD_TRAINING_02780,2997.jpg,plastic,,Construction and Demolition Waste,,,,,,,,,,,,,,,,,,,,,
CODD_TRAINING_02781,2997.jpg,plastic,,Construction and Demolition Waste,,,,,,,,,,,,,,,,,,,,,
CODD_TRAINING_02782,2997.jpg,plastic,,Construction and Demolition Waste,,,,,,,,,,,,,,,,,,,,,
CODD_TRAINING_02783,2997.jpg,plastic,,Construction and Demolition Waste,,,,,,,,,,,,,,,,,,,,,
CODD_TRAINING_02784,2997.jpg,plastic,,Construction and Demolition Waste,,,,,,,,,,,,,,,,,,,,,
CODD_TRAINING_02785,2997.jpg,plastic,,Construction and Demolition Waste,,,,,,,,,,,,,,,,,,,,,
CODD_TRAINING_02786,2997.jpg,plastic,,Construction and Demolition Waste,,,,,,,,,,,,,,,,,,,,,
CODD_TRAINING_02787,2997.jpg,plastic,,Construction and Demolition Waste,,,,,,,,,,,,,,,,,,,,,
CODD_TRAINING_02788,2997.jpg,plastic,,Construction and Demolition Waste,,,,,,,,,,,,,,,,,,,,,
CODD_TRAINING_02789,2997.jpg,plastic,,Construction and Demolition Waste,,,,,,,,,,,,,,,,,,,,,
CODD_TRAINING_02790,2997.jpg,plastic,,Construction and Demolition Waste,,,,,,,,,,,,,,,,,,,,,
CODD_TRAINING_02791,2997.jpg,plastic,,Construction and Demolition Waste,,,,,,,,,,,,,,,,,,,,,
CODD_TRAINING_02792,2997.jpg,plastic,,Construction and Demolition Waste,,,,,,,,,,,,,,,,,,,,,
CODD_TRAINING_02793,2997.jpg,plastic,,Construction and Demolition Waste,,,,,,,,,,,,,,,,,,,,,
CODD_TRAINING_02794,2998.jpg,plastic,,Construction and Demolition Waste,,,,,,,,,,,,,,,,,,,,,
CODD_TRAINING_02795,2998.jpg,plastic,,Construction and Demolition Waste,,,,,,,,,,,,,,,,,,,,,
CODD_TRAINING_02796,2998.jpg,plastic,,Construction and Demolition Waste,,,,,,,,,,,,,,,,,,,,,
CODD_TRAINING_02797,2998.jpg,plastic,,Construction and Demolition Waste,,,,,,,,,,,,,,,,,,,,,
CODD_TRAINING_02798,2998.jpg,plastic,,Construction and Demolition Waste,,,,,,,,,,,,,,,,,,,,,
CODD_TRAINING_02799,2998.jpg,plastic,,Construction and Demolition Waste,,,,,,,,,,,,,,,,,,,,,
CODD_TRAINING_02800,2998.jpg,plastic,,Construction and Demolition Waste,,,,,,,,,,,,,,,,,,,,,
CODD_TRAINING_02801,2998.jpg,plastic,,Construction and Demolition Waste,,,,,,,,,,,,,,,,,,,,,
CODD_TRAINING_02802,2998.jpg,plastic,,Construction and Demolition Waste,,,,,,,,,,,,,,,,,,,,,
CODD_TRAINING_02803,2998.jpg,plastic,,Construction and Demolition Waste,,,,,,,,,,,,,,,,,,,,,
CODD_TRAINING_02804,2998.jpg,plastic,,Construction and Demolition Waste,,,,,,,,,,,,,,,,,,,,,
CODD_TRAINING_02805,2998.jpg,plastic,,Construction and Demolition Waste,,,,,,,,,,,,,,,,,,,,,
CODD_TRAINING_02806,2998.jpg,plastic,,Construction and Demolition Waste,,,,,,,,,,,,,,,,,,,,,
CODD_TRAINING_02807,2999.jpg,plastic,,Construction and Demolition Waste,,,,,,,,,,,,,,,,,,,,,
CODD_TRAINING_02808,2999.jpg,plastic,,Construction and Demolition Waste,,,,,,,,,,,,,,,,,,,,,
CODD_TRAINING_02809,2999.jpg,plastic,,Construction and Demolition Waste,,,,,,,,,,,,,,,,,,,,,
CODD_TRAINING_02810,2999.jpg,plastic,,Construction and Demolition Waste,,,,,,,,,,,,,,,,,,,,,
CODD_TRAINING_02811,2999.jpg,plastic,,Construction and Demolition Waste,,,,,,,,,,,,,,,,,,,,,
CODD_TRAINING_02812,2999.jpg,plastic,,Construction and Demolition Waste,,,,,,,,,,,,,,,,,,,,,
CODD_TRAINING_02813,2999.jpg,plastic,,Construction and Demolition Waste,,,,,,,,,,,,,,,,,,,,,
CODD_TRAINING_02814,2999.jpg,plastic,,Construction and Demolition Waste,,,,,,,,,,,,,,,,,,,,,
CODD_TRAINING_02815,3.jpg,brick,,Construction and Demolition Waste,,,,,,,,,,,,,,,,,,,,,
CODD_TRAINING_02816,3.jpg,concrete,,Construction and Demolition Waste,,,,,,,,,,,,,,,,,,,,,
CODD_TRAINING_02817,3.jpg,tile,,Construction and Demolition Waste,,,,,,,,,,,,,,,,,,,,,
CODD_TRAINING_02818,3.jpg,brick,,Construction and Demolition Waste,,,,,,,,,,,,,,,,,,,,,
CODD_TRAINING_02819,3.jpg,concrete,,Construction and Demolition Waste,,,,,,,,,,,,,,,,,,,,,
CODD_TRAINING_02820,3.jpg,tile,,Construction and Demolition Waste,,,,,,,,,,,,,,,,,,,,,
CODD_TRAINING_02821,3.jpg,brick,,Construction and Demolition Waste,,,,,,,,,,,,,,,,,,,,,
CODD_TRAINING_02822,3.jpg,concrete,,Construction and Demolition Waste,,,,,,,,,,,,,,,,,,,,,
CODD_TRAINING_02823,3.jpg,tile,,Construction and Demolition Waste,,,,,,,,,,,,,,,,,,,,,
CODD_TRAINING_02824,3.jpg,brick,,Construction and Demolition Waste,,,,,,,,,,,,,,,,,,,,,
CODD_TRAINING_02825,3.jpg,concrete,,Construction and Demolition Waste,,,,,,,,,,,,,,,,,,,,,
CODD_TRAINING_02826,3.jpg,tile,,Construction and Demolition Waste,,,,,,,,,,,,,,,,,,,,,
CODD_TRAINING_02827,30.jpg,brick,,Construction and Demolition Waste,,,,,,,,,,,,,,,,,,,,,
CODD_TRAINING_02828,30.jpg,concrete,,Construction and Demolition Waste,,,,,,,,,,,,,,,,,,,,,
CODD_TRAINING_02829,30.jpg,tile,,Construction and Demolition Waste,,,,,,,,,,,,,,,,,,,,,
CODD_TRAINING_02830,30.jpg,brick,,Construction and Demolition Waste,,,,,,,,,,,,,,,,,,,,,
CODD_TRAINING_02831,30.jpg,concrete,,Construction and Demolition Waste,,,,,,,,,,,,,,,,,,,,,
CODD_TRAINING_02832,30.jpg,tile,,Construction and Demolition Waste,,,,,,,,,,,,,,,,,,,,,
CODD_TRAINING_02833,30.jpg,brick,,Construction and Demolition Waste,,,,,,,,,,,,,,,,,,,,,
CODD_TRAINING_02834,30.jpg,concrete,,Construction and Demolition Waste,,,,,,,,,,,,,,,,,,,,,
CODD_TRAINING_02835,30.jpg,tile,,Construction and Demolition Waste,,,,,,,,,,,,,,,,,,,,,
CODD_TRAINING_02836,30.jpg,brick,,Construction and Demolition Waste,,,,,,,,,,,,,,,,,,,,,
CODD_TRAINING_02837,30.jpg,concrete,,Construction and Demolition Waste,,,,,,,,,,,,,,,,,,,,,
CODD_TRAINING_02838,30.jpg,tile,,Construction and Demolition Waste,,,,,,,,,,,,,,,,,,,,,
CODD_TRAINING_02839,300.jpg,brick,,Construction and Demolition Waste,,,,,,,,,,,,,,,,,,,,,
CODD_TRAINING_02840,300.jpg,concrete,,Construction and Demolition Waste,,,,,,,,,,,,,,,,,,,,,
CODD_TRAINING_02841,300.jpg,tile,,Construction and Demolition Waste,,,,,,,,,,,,,,,,,,,,,
CODD_TRAINING_02842,300.jpg,brick,,Construction and Demolition Waste,,,,,,,,,,,,,,,,,,,,,
CODD_TRAINING_02843,300.jpg,concrete,,Construction and Demolition Waste,,,,,,,,,,,,,,,,,,,,,
CODD_TRAINING_02844,300.jpg,tile,,Construction and Demolition Waste,,,,,,,,,,,,,,,,,,,,,
CODD_TRAINING_02845,300.jpg,brick,,Construction and Demolition Waste,,,,,,,,,,,,,,,,,,,,,
CODD_TRAINING_02846,300.jpg,concrete,,Construction and Demolition Waste,,,,,,,,,,,,,,,,,,,,,
CODD_TRAINING_02847,300.jpg,tile,,Construction and Demolition Waste,,,,,,,,,,,,,,,,,,,,,
CODD_TRAINING_02848,300.jpg,brick,,Construction and Demolition Waste,,,,,,,,,,,,,,,,,,,,,
CODD_TRAINING_02849,300.jpg,concrete,,Construction and Demolition Waste,,,,,,,,,,,,,,,,,,,,,
CODD_TRAINING_02850,300.jpg,tile,,Construction and Demolition Waste,,,,,,,,,,,,,,,,,,,,,
CODD_TRAINING_02851,3000.jpg,plastic,,Construction and Demolition Waste,,,,,,,,,,,,,,,,,,,,,
CODD_TRAINING_02852,3000.jpg,plastic,,Construction and Demolition Waste,,,,,,,,,,,,,,,,,,,,,
CODD_TRAINING_02853,3000.jpg,plastic,,Construction and Demolition Waste,,,,,,,,,,,,,,,,,,,,,
CODD_TRAINING_02854,3000.jpg,plastic,,Construction and Demolition Waste,,,,,,,,,,,,,,,,,,,,,
CODD_TRAINING_02855,3001.jpg,plastic,,Construction and Demolition Waste,,,,,,,,,,,,,,,,,,,,,
CODD_TRAINING_02856,3001.jpg,plastic,,Construction and Demolition Waste,,,,,,,,,,,,,,,,,,,,,
CODD_TRAINING_02857,3001.jpg,plastic,,Construction and Demolition Waste,,,,,,,,,,,,,,,,,,,,,
CODD_TRAINING_02858,3002.jpg,plastic,,Construction and Demolition Waste,,,,,,,,,,,,,,,,,,,,,
CODD_TRAINING_02859,3002.jpg,plastic,,Construction and Demolition Waste,,,,,,,,,,,,,,,,,,,,,
CODD_TRAINING_02860,3002.jpg,plastic,,Construction and Demolition Waste,,,,,,,,,,,,,,,,,,,,,
CODD_TRAINING_02861,3002.jpg,plastic,,Construction and Demolition Waste,,,,,,,,,,,,,,,,,,,,,
CODD_TRAINING_02862,3002.jpg,plastic,,Construction and Demolition Waste,,,,,,,,,,,,,,,,,,,,,
CODD_TRAINING_02863,3002.jpg,plastic,,Construction and Demolition Waste,,,,,,,,,,,,,,,,,,,,,
CODD_TRAINING_02864,3002.jpg,plastic,,Construction and Demolition Waste,,,,,,,,,,,,,,,,,,,,,
CODD_TRAINING_02865,3002.jpg,plastic,,Construction and Demolition Waste,,,,,,,,,,,,,,,,,,,,,
CODD_TRAINING_02866,3002.jpg,plastic,,Construction and Demolition Waste,,,,,,,,,,,,,,,,,,,,,
CODD_TRAINING_02867,3002.jpg,plastic,,Construction and Demolition Waste,,,,,,,,,,,,,,,,,,,,,
CODD_TRAINING_02868,3003.jpg,plastic,,Construction and Demolition Waste,,,,,,,,,,,,,,,,,,,,,
CODD_TRAINING_02869,3003.jpg,plastic,,Construction and Demolition Waste,,,,,,,,,,,,,,,,,,,,,
CODD_TRAINING_02870,3003.jpg,plastic,,Construction and Demolition Waste,,,,,,,,,,,,,,,,,,,,,
CODD_TRAINING_02871,3003.jpg,plastic,,Construction and Demolition Waste,,,,,,,,,,,,,,,,,,,,,
CODD_TRAINING_02872,3003.jpg,plastic,,Construction and Demolition Waste,,,,,,,,,,,,,,,,,,,,,
CODD_TRAINING_02873,3003.jpg,plastic,,Construction and Demolition Waste,,,,,,,,,,,,,,,,,,,,,
CODD_TRAINING_02874,3003.jpg,plastic,,Construction and Demolition Waste,,,,,,,,,,,,,,,,,,,,,
CODD_TRAINING_02875,3003.jpg,plastic,,Construction and Demolition Waste,,,,,,,,,,,,,,,,,,,,,
CODD_TRAINING_02876,3003.jpg,plastic,,Construction and Demolition Waste,,,,,,,,,,,,,,,,,,,,,
CODD_TRAINING_02877,3003.jpg,plastic,,Construction and Demolition Waste,,,,,,,,,,,,,,,,,,,,,
CODD_TRAINING_02878,3004.jpg,plastic,,Construction and Demolition Waste,,,,,,,,,,,,,,,,,,,,,
CODD_TRAINING_02879,3004.jpg,plastic,,Construction and Demolition Waste,,,,,,,,,,,,,,,,,,,,,
CODD_TRAINING_02880,3004.jpg,plastic,,Construction and Demolition Waste,,,,,,,,,,,,,,,,,,,,,
CODD_TRAINING_02881,3004.jpg,plastic,,Construction and Demolition Waste,,,,,,,,,,,,,,,,,,,,,
CODD_TRAINING_02882,3004.jpg,plastic,,Construction and Demolition Waste,,,,,,,,,,,,,,,,,,,,,
CODD_TRAINING_02883,3004.jpg,plastic,,Construction and Demolition Waste,,,,,,,,,,,,,,,,,,,,,
CODD_TRAINING_02884,3004.jpg,plastic,,Construction and Demolition Waste,,,,,,,,,,,,,,,,,,,,,
CODD_TRAINING_02885,3004.jpg,plastic,,Construction and Demolition Waste,,,,,,,,,,,,,,,,,,,,,
CODD_TRAINING_02886,3004.jpg,plastic,,Construction and Demolition Waste,,,,,,,,,,,,,,,,,,,,,
CODD_TRAINING_02887,3004.jpg,plastic,,Construction and Demolition Waste,,,,,,,,,,,,,,,,,,,,,
CODD_TRAINING_02888,3005.jpg,plastic,,Construction and Demolition Waste,,,,,,,,,,,,,,,,,,,,,
CODD_TRAINING_02889,3005.jpg,plastic,,Construction and Demolition Waste,,,,,,,,,,,,,,,,,,,,,
CODD_TRAINING_02890,3005.jpg,plastic,,Construction and Demolition Waste,,,,,,,,,,,,,,,,,,,,,
CODD_TRAINING_02891,3005.jpg,plastic,,Construction and Demolition Waste,,,,,,,,,,,,,,,,,,,,,
CODD_TRAINING_02892,3005.jpg,plastic,,Construction and Demolition Waste,,,,,,,,,,,,,,,,,,,,,
CODD_TRAINING_02893,3005.jpg,plastic,,Construction and Demolition Waste,,,,,,,,,,,,,,,,,,,,,
CODD_TRAINING_02894,3005.jpg,plastic,,Construction and Demolition Waste,,,,,,,,,,,,,,,,,,,,,
CODD_TRAINING_02895,3005.jpg,plastic,,Construction and Demolition Waste,,,,,,,,,,,,,,,,,,,,,
CODD_TRAINING_02896,3005.jpg,plastic,,Construction and Demolition Waste,,,,,,,,,,,,,,,,,,,,,
CODD_TRAINING_02897,3005.jpg,plastic,,Construction and Demolition Waste,,,,,,,,,,,,,,,,,,,,,
CODD_TRAINING_02898,3006.jpg,plastic,,Construction and Demolition Waste,,,,,,,,,,,,,,,,,,,,,
CODD_TRAINING_02899,3006.jpg,plastic,,Construction and Demolition Waste,,,,,,,,,,,,,,,,,,,,,
CODD_TRAINING_02900,3006.jpg,plastic,,Construction and Demolition Waste,,,,,,,,,,,,,,,,,,,,,
CODD_TRAINING_02901,3006.jpg,plastic,,Construction and Demolition Waste,,,,,,,,,,,,,,,,,,,,,
CODD_TRAINING_02902,3006.jpg,plastic,,Construction and Demolition Waste,,,,,,,,,,,,,,,,,,,,,
CODD_TRAINING_02903,3006.jpg,plastic,,Construction and Demolition Waste,,,,,,,,,,,,,,,,,,,,,
CODD_TRAINING_02904,3006.jpg,plastic,,Construction and Demolition Waste,,,,,,,,,,,,,,,,,,,,,
CODD_TRAINING_02905,3006.jpg,plastic,,Construction and Demolition Waste,,,,,,,,,,,,,,,,,,,,,
CODD_TRAINING_02906,3006.jpg,plastic,,Construction and Demolition Waste,,,,,,,,,,,,,,,,,,,,,
CODD_TRAINING_02907,3006.jpg,plastic,,Construction and Demolition Waste,,,,,,,,,,,,,,,,,,,,,
CODD_TRAINING_02908,3006.jpg,plastic,,Construction and Demolition Waste,,,,,,,,,,,,,,,,,,,,,
CODD_TRAINING_02909,3007.jpg,plastic,,Construction and Demolition Waste,,,,,,,,,,,,,,,,,,,,,
CODD_TRAINING_02910,3007.jpg,plastic,,Construction and Demolition Waste,,,,,,,,,,,,,,,,,,,,,
CODD_TRAINING_02911,3007.jpg,plastic,,Construction and Demolition Waste,,,,,,,,,,,,,,,,,,,,,
CODD_TRAINING_02912,3007.jpg,plastic,,Construction and Demolition Waste,,,,,,,,,,,,,,,,,,,,,
CODD_TRAINING_02913,3007.jpg,plastic,,Construction and Demolition Waste,,,,,,,,,,,,,,,,,,,,,
CODD_TRAINING_02914,3007.jpg,plastic,,Construction and Demolition Waste,,,,,,,,,,,,,,,,,,,,,
CODD_TRAINING_02915,3007.jpg,plastic,,Construction and Demolition Waste,,,,,,,,,,,,,,,,,,,,,
CODD_TRAINING_02916,3007.jpg,plastic,,Construction and Demolition Waste,,,,,,,,,,,,,,,,,,,,,
CODD_TRAINING_02917,3007.jpg,plastic,,Construction and Demolition Waste,,,,,,,,,,,,,,,,,,,,,
CODD_TRAINING_02918,3008.jpg,plastic,,Construction and Demolition Waste,,,,,,,,,,,,,,,,,,,,,
CODD_TRAINING_02919,3008.jpg,plastic,,Construction and Demolition Waste,,,,,,,,,,,,,,,,,,,,,
CODD_TRAINING_02920,3008.jpg,plastic,,Construction and Demolition Waste,,,,,,,,,,,,,,,,,,,,,
CODD_TRAINING_02921,3008.jpg,plastic,,Construction and Demolition Waste,,,,,,,,,,,,,,,,,,,,,
CODD_TRAINING_02922,3008.jpg,plastic,,Construction and Demolition Waste,,,,,,,,,,,,,,,,,,,,,
CODD_TRAINING_02923,3008.jpg,plastic,,Construction and Demolition Waste,,,,,,,,,,,,,,,,,,,,,
CODD_TRAINING_02924,3008.jpg,plastic,,Construction and Demolition Waste,,,,,,,,,,,,,,,,,,,,,
CODD_TRAINING_02925,3009.jpg,plastic,,Construction and Demolition Waste,,,,,,,,,,,,,,,,,,,,,
CODD_TRAINING_02926,3009.jpg,plastic,,Construction and Demolition Waste,,,,,,,,,,,,,,,,,,,,,
CODD_TRAINING_02927,3009.jpg,plastic,,Construction and Demolition Waste,,,,,,,,,,,,,,,,,,,,,
CODD_TRAINING_02928,3009.jpg,plastic,,Construction and Demolition Waste,,,,,,,,,,,,,,,,,,,,,
CODD_TRAINING_02929,3009.jpg,plastic,,Construction and Demolition Waste,,,,,,,,,,,,,,,,,,,,,
CODD_TRAINING_02930,3009.jpg,plastic,,Construction and Demolition Waste,,,,,,,,,,,,,,,,,,,,,
CODD_TRAINING_02931,3009.jpg,plastic,,Construction and Demolition Waste,,,,,,,,,,,,,,,,,,,,,
CODD_TRAINING_02932,3009.jpg,plastic,,Construction and Demolition Waste,,,,,,,,,,,,,,,,,,,,,
CODD_TRAINING_02933,3009.jpg,plastic,,Construction and Demolition Waste,,,,,,,,,,,,,,,,,,,,,
CODD_TRAINING_02934,3009.jpg,plastic,,Construction and Demolition Waste,,,,,,,,,,,,,,,,,,,,,
CODD_TRAINING_02935,3009.jpg,plastic,,Construction and Demolition Waste,,,,,,,,,,,,,,,,,,,,,
CODD_TRAINING_02936,3009.jpg,plastic,,Construction and Demolition Waste,,,,,,,,,,,,,,,,,,,,,
CODD_TRAINING_02937,3009.jpg,plastic,,Construction and Demolition Waste,,,,,,,,,,,,,,,,,,,,,
CODD_TRAINING_02938,3009.jpg,plastic,,Construction and Demolition Waste,,,,,,,,,,,,,,,,,,,,,
CODD_TRAINING_02939,3009.jpg,plastic,,Construction and Demolition Waste,,,,,,,,,,,,,,,,,,,,,
CODD_TRAINING_02940,3009.jpg,plastic,,Construction and Demolition Waste,,,,,,,,,,,,,,,,,,,,,
CODD_TRAINING_02941,3009.jpg,plastic,,Construction and Demolition Waste,,,,,,,,,,,,,,,,,,,,,
CODD_TRAINING_02942,3009.jpg,plastic,,Construction and Demolition Waste,,,,,,,,,,,,,,,,,,,,,
CODD_TRAINING_02943,3009.jpg,plastic,,Construction and Demolition Waste,,,,,,,,,,,,,,,,,,,,,
CODD_TRAINING_02944,3009.jpg,plastic,,Construction and Demolition Waste,,,,,,,,,,,,,,,,,,,,,
CODD_TRAINING_02945,3009.jpg,plastic,,Construction and Demolition Waste,,,,,,,,,,,,,,,,,,,,,
CODD_TRAINING_02946,3009.jpg,plastic,,Construction and Demolition Waste,,,,,,,,,,,,,,,,,,,,,
CODD_TRAINING_02947,3009.jpg,plastic,,Construction and Demolition Waste,,,,,,,,,,,,,,,,,,,,,
CODD_TRAINING_02948,3009.jpg,plastic,,Construction and Demolition Waste,,,,,,,,,,,,,,,,,,,,,
CODD_TRAINING_02949,3009.jpg,plastic,,Construction and Demolition Waste,,,,,,,,,,,,,,,,,,,,,
CODD_TRAINING_02950,3009.jpg,plastic,,Construction and Demolition Waste,,,,,,,,,,,,,,,,,,,,,
CODD_TRAINING_02951,3009.jpg,plastic,,Construction and Demolition Waste,,,,,,,,,,,,,,,,,,,,,
CODD_TRAINING_02952,3009.jpg,plastic,,Construction and Demolition Waste,,,,,,,,,,,,,,,,,,,,,
CODD_TRAINING_02953,3009.jpg,plastic,,Construction and Demolition Waste,,,,,,,,,,,,,,,,,,,,,
CODD_TRAINING_02954,3009.jpg,plastic,,Construction and Demolition Waste,,,,,,,,,,,,,,,,,,,,,
CODD_TRAINING_02955,3009.jpg,plastic,,Construction and Demolition Waste,,,,,,,,,,,,,,,,,,,,,
CODD_TRAINING_02956,3009.jpg,plastic,,Construction and Demolition Waste,,,,,,,,,,,,,,,,,,,,,
CODD_TRAINING_02957,3009.jpg,plastic,,Construction and Demolition Waste,,,,,,,,,,,,,,,,,,,,,
CODD_TRAINING_02958,3009.jpg,plastic,,Construction and Demolition Waste,,,,,,,,,,,,,,,,,,,,,
CODD_TRAINING_02959,3009.jpg,plastic,,Construction and Demolition Waste,,,,,,,,,,,,,,,,,,,,,
CODD_TRAINING_02960,3009.jpg,plastic,,Construction and Demolition Waste,,,,,,,,,,,,,,,,,,,,,
CODD_TRAINING_02961,3009.jpg,plastic,,Construction and Demolition Waste,,,,,,,,,,,,,,,,,,,,,
CODD_TRAINING_02962,3009.jpg,plastic,,Construction and Demolition Waste,,,,,,,,,,,,,,,,,,,,,
CODD_TRAINING_02963,3010.jpg,plastic,,Construction and Demolition Waste,,,,,,,,,,,,,,,,,,,,,
CODD_TRAINING_02964,3010.jpg,plastic,,Construction and Demolition Waste,,,,,,,,,,,,,,,,,,,,,
CODD_TRAINING_02965,3010.jpg,plastic,,Construction and Demolition Waste,,,,,,,,,,,,,,,,,,,,,
CODD_TRAINING_02966,3010.jpg,plastic,,Construction and Demolition Waste,,,,,,,,,,,,,,,,,,,,,
CODD_TRAINING_02967,3010.jpg,plastic,,Construction and Demolition Waste,,,,,,,,,,,,,,,,,,,,,
CODD_TRAINING_02968,3010.jpg,plastic,,Construction and Demolition Waste,,,,,,,,,,,,,,,,,,,,,
CODD_TRAINING_02969,3010.jpg,plastic,,Construction and Demolition Waste,,,,,,,,,,,,,,,,,,,,,
CODD_TRAINING_02970,3010.jpg,plastic,,Construction and Demolition Waste,,,,,,,,,,,,,,,,,,,,,
CODD_TRAINING_02971,3010.jpg,plastic,,Construction and Demolition Waste,,,,,,,,,,,,,,,,,,,,,
CODD_TRAINING_02972,3010.jpg,plastic,,Construction and Demolition Waste,,,,,,,,,,,,,,,,,,,,,
CODD_TRAINING_02973,3010.jpg,plastic,,Construction and Demolition Waste,,,,,,,,,,,,,,,,,,,,,
CODD_TRAINING_02974,3011.jpg,plastic,,Construction and Demolition Waste,,,,,,,,,,,,,,,,,,,,,
CODD_TRAINING_02975,3011.jpg,plastic,,Construction and Demolition Waste,,,,,,,,,,,,,,,,,,,,,
CODD_TRAINING_02976,3011.jpg,plastic,,Construction and Demolition Waste,,,,,,,,,,,,,,,,,,,,,
CODD_TRAINING_02977,3011.jpg,plastic,,Construction and Demolition Waste,,,,,,,,,,,,,,,,,,,,,
CODD_TRAINING_02978,3011.jpg,plastic,,Construction and Demolition Waste,,,,,,,,,,,,,,,,,,,,,
CODD_TRAINING_02979,3011.jpg,plastic,,Construction and Demolition Waste,,,,,,,,,,,,,,,,,,,,,
CODD_TRAINING_02980,3011.jpg,plastic,,Construction and Demolition Waste,,,,,,,,,,,,,,,,,,,,,
CODD_TRAINING_02981,3011.jpg,plastic,,Construction and Demolition Waste,,,,,,,,,,,,,,,,,,,,,
CODD_TRAINING_02982,3011.jpg,plastic,,Construction and Demolition Waste,,,,,,,,,,,,,,,,,,,,,
CODD_TRAINING_02983,3011.jpg,plastic,,Construction and Demolition Waste,,,,,,,,,,,,,,,,,,,,,
CODD_TRAINING_02984,3012.jpg,plastic,,Construction and Demolition Waste,,,,,,,,,,,,,,,,,,,,,
CODD_TRAINING_02985,3012.jpg,plastic,,Construction and Demolition Waste,,,,,,,,,,,,,,,,,,,,,
CODD_TRAINING_02986,3012.jpg,plastic,,Construction and Demolition Waste,,,,,,,,,,,,,,,,,,,,,
CODD_TRAINING_02987,3012.jpg,plastic,,Construction and Demolition Waste,,,,,,,,,,,,,,,,,,,,,
CODD_TRAINING_02988,3012.jpg,plastic,,Construction and Demolition Waste,,,,,,,,,,,,,,,,,,,,,
CODD_TRAINING_02989,3012.jpg,plastic,,Construction and Demolition Waste,,,,,,,,,,,,,,,,,,,,,
CODD_TRAINING_02990,3012.jpg,plastic,,Construction and Demolition Waste,,,,,,,,,,,,,,,,,,,,,
CODD_TRAINING_02991,3013.jpg,plastic,,Construction and Demolition Waste,,,,,,,,,,,,,,,,,,,,,
CODD_TRAINING_02992,3013.jpg,plastic,,Construction and Demolition Waste,,,,,,,,,,,,,,,,,,,,,
CODD_TRAINING_02993,3013.jpg,plastic,,Construction and Demolition Waste,,,,,,,,,,,,,,,,,,,,,
CODD_TRAINING_02994,3013.jpg,plastic,,Construction and Demolition Waste,,,,,,,,,,,,,,,,,,,,,
CODD_TRAINING_02995,3013.jpg,plastic,,Construction and Demolition Waste,,,,,,,,,,,,,,,,,,,,,
CODD_TRAINING_02996,3013.jpg,plastic,,Construction and Demolition Waste,,,,,,,,,,,,,,,,,,,,,
CODD_TRAINING_02997,3013.jpg,plastic,,Construction and Demolition Waste,,,,,,,,,,,,,,,,,,,,,
CODD_TRAINING_02998,3013.jpg,plastic,,Construction and Demolition Waste,,,,,,,,,,,,,,,,,,,,,
CODD_TRAINING_02999,3014.jpg,plastic,,Construction and Demolition Waste,,,,,,,,,,,,,,,,,,,,,
CODD_TRAINING_03000,3014.jpg,plastic,,Construction and Demolition Waste,,,,,,,,,,,,,,,,,,,,,
CODD_TRAINING_03001,3014.jpg,plastic,,Construction and Demolition Waste,,,,,,,,,,,,,,,,,,,,,
CODD_TRAINING_03002,3014.jpg,plastic,,Construction and Demolition Waste,,,,,,,,,,,,,,,,,,,,,
CODD_TRAINING_03003,3014.jpg,plastic,,Construction and Demolition Waste,,,,,,,,,,,,,,,,,,,,,
CODD_TRAINING_03004,3014.jpg,plastic,,Construction and Demolition Waste,,,,,,,,,,,,,,,,,,,,,
CODD_TRAINING_03005,3014.jpg,plastic,,Construction and Demolition Waste,,,,,,,,,,,,,,,,,,,,,
CODD_TRAINING_03006,3014.jpg,plastic,,Construction and Demolition Waste,,,,,,,,,,,,,,,,,,,,,
CODD_TRAINING_03007,3014.jpg,plastic,,Construction and Demolition Waste,,,,,,,,,,,,,,,,,,,,,
CODD_TRAINING_03008,3014.jpg,plastic,,Construction and Demolition Waste,,,,,,,,,,,,,,,,,,,,,
CODD_TRAINING_03009,3014.jpg,plastic,,Construction and Demolition Waste,,,,,,,,,,,,,,,,,,,,,
CODD_TRAINING_03010,3014.jpg,plastic,,Construction and Demolition Waste,,,,,,,,,,,,,,,,,,,,,
CODD_TRAINING_03011,3014.jpg,plastic,,Construction and Demolition Waste,,,,,,,,,,,,,,,,,,,,,
CODD_TRAINING_03012,3014.jpg,plastic,,Construction and Demolition Waste,,,,,,,,,,,,,,,,,,,,,
CODD_TRAINING_03013,3015.jpg,pipes,,Construction and Demolition Waste,,,,,,,,,,,,,,,,,,,,,
CODD_TRAINING_03014,3015.jpg,pipes,,Construction and Demolition Waste,,,,,,,,,,,,,,,,,,,,,
CODD_TRAINING_03015,3015.jpg,pipes,,Construction and Demolition Waste,,,,,,,,,,,,,,,,,,,,,
CODD_TRAINING_03016,3015.jpg,pipes,,Construction and Demolition Waste,,,,,,,,,,,,,,,,,,,,,
CODD_TRAINING_03017,3015.jpg,pipes,,Construction and Demolition Waste,,,,,,,,,,,,,,,,,,,,,
CODD_TRAINING_03018,3015.jpg,pipes,,Construction and Demolition Waste,,,,,,,,,,,,,,,,,,,,,
CODD_TRAINING_03019,3015.jpg,pipes,,Construction and Demolition Waste,,,,,,,,,,,,,,,,,,,,,
CODD_TRAINING_03020,3015.jpg,pipes,,Construction and Demolition Waste,,,,,,,,,,,,,,,,,,,,,
CODD_TRAINING_03021,3015.jpg,pipes,,Construction and Demolition Waste,,,,,,,,,,,,,,,,,,,,,
CODD_TRAINING_03022,3015.jpg,pipes,,Construction and Demolition Waste,,,,,,,,,,,,,,,,,,,,,
CODD_TRAINING_03023,3015.jpg,pipes,,Construction and Demolition Waste,,,,,,,,,,,,,,,,,,,,,
CODD_TRAINING_03024,3015.jpg,pipes,,Construction and Demolition Waste,,,,,,,,,,,,,,,,,,,,,
CODD_TRAINING_03025,3015.jpg,pipes,,Construction and Demolition Waste,,,,,,,,,,,,,,,,,,,,,
CODD_TRAINING_03026,3015.jpg,pipes,,Construction and Demolition Waste,,,,,,,,,,,,,,,,,,,,,
CODD_TRAINING_03027,3015.jpg,pipes,,Construction and Demolition Waste,,,,,,,,,,,,,,,,,,,,,
CODD_TRAINING_03028,3015.jpg,pipes,,Construction and Demolition Waste,,,,,,,,,,,,,,,,,,,,,
CODD_TRAINING_03029,3015.jpg,pipes,,Construction and Demolition Waste,,,,,,,,,,,,,,,,,,,,,
CODD_TRAINING_03030,3015.jpg,pipes,,Construction and Demolition Waste,,,,,,,,,,,,,,,,,,,,,
CODD_TRAINING_03031,3015.jpg,pipes,,Construction and Demolition Waste,,,,,,,,,,,,,,,,,,,,,
CODD_TRAINING_03032,3015.jpg,pipes,,Construction and Demolition Waste,,,,,,,,,,,,,,,,,,,,,
CODD_TRAINING_03033,3015.jpg,pipes,,Construction and Demolition Waste,,,,,,,,,,,,,,,,,,,,,
CODD_TRAINING_03034,3015.jpg,pipes,,Construction and Demolition Waste,,,,,,,,,,,,,,,,,,,,,
CODD_TRAINING_03035,3015.jpg,pipes,,Construction and Demolition Waste,,,,,,,,,,,,,,,,,,,,,
CODD_TRAINING_03036,3015.jpg,pipes,,Construction and Demolition Waste,,,,,,,,,,,,,,,,,,,,,
CODD_TRAINING_03037,3015.jpg,pipes,,Construction and Demolition Waste,,,,,,,,,,,,,,,,,,,,,
CODD_TRAINING_03038,3015.jpg,pipes,,Construction and Demolition Waste,,,,,,,,,,,,,,,,,,,,,
CODD_TRAINING_03039,3015.jpg,pipes,,Construction and Demolition Waste,,,,,,,,,,,,,,,,,,,,,
CODD_TRAINING_03040,3015.jpg,plastic,,Construction and Demolition Waste,,,,,,,,,,,,,,,,,,,,,
CODD_TRAINING_03041,3015.jpg,plastic,,Construction and Demolition Waste,,,,,,,,,,,,,,,,,,,,,
CODD_TRAINING_03042,3015.jpg,plastic,,Construction and Demolition Waste,,,,,,,,,,,,,,,,,,,,,
CODD_TRAINING_03043,3015.jpg,plastic,,Construction and Demolition Waste,,,,,,,,,,,,,,,,,,,,,
CODD_TRAINING_03044,3015.jpg,plastic,,Construction and Demolition Waste,,,,,,,,,,,,,,,,,,,,,
CODD_TRAINING_03045,3015.jpg,plastic,,Construction and Demolition Waste,,,,,,,,,,,,,,,,,,,,,
CODD_TRAINING_03046,3015.jpg,plastic,,Construction and Demolition Waste,,,,,,,,,,,,,,,,,,,,,
CODD_TRAINING_03047,3015.jpg,plastic,,Construction and Demolition Waste,,,,,,,,,,,,,,,,,,,,,
CODD_TRAINING_03048,3015.jpg,plastic,,Construction and Demolition Waste,,,,,,,,,,,,,,,,,,,,,
CODD_TRAINING_03049,3015.jpg,plastic,,Construction and Demolition Waste,,,,,,,,,,,,,,,,,,,,,
CODD_TRAINING_03050,3015.jpg,plastic,,Construction and Demolition Waste,,,,,,,,,,,,,,,,,,,,,
CODD_TRAINING_03051,3016.jpg,plastic,,Construction and Demolition Waste,,,,,,,,,,,,,,,,,,,,,
CODD_TRAINING_03052,3016.jpg,plastic,,Construction and Demolition Waste,,,,,,,,,,,,,,,,,,,,,
CODD_TRAINING_03053,3016.jpg,plastic,,Construction and Demolition Waste,,,,,,,,,,,,,,,,,,,,,
CODD_TRAINING_03054,3016.jpg,plastic,,Construction and Demolition Waste,,,,,,,,,,,,,,,,,,,,,
CODD_TRAINING_03055,3016.jpg,plastic,,Construction and Demolition Waste,,,,,,,,,,,,,,,,,,,,,
CODD_TRAINING_03056,3016.jpg,plastic,,Construction and Demolition Waste,,,,,,,,,,,,,,,,,,,,,
CODD_TRAINING_03057,3016.jpg,plastic,,Construction and Demolition Waste,,,,,,,,,,,,,,,,,,,,,
CODD_TRAINING_03058,3016.jpg,plastic,,Construction and Demolition Waste,,,,,,,,,,,,,,,,,,,,,
CODD_TRAINING_03059,3016.jpg,plastic,,Construction and Demolition Waste,,,,,,,,,,,,,,,,,,,,,
CODD_TRAINING_03060,3016.jpg,plastic,,Construction and Demolition Waste,,,,,,,,,,,,,,,,,,,,,
CODD_TRAINING_03061,3016.jpg,plastic,,Construction and Demolition Waste,,,,,,,,,,,,,,,,,,,,,
CODD_TRAINING_03062,3016.jpg,plastic,,Construction and Demolition Waste,,,,,,,,,,,,,,,,,,,,,
CODD_TRAINING_03063,3016.jpg,plastic,,Construction and Demolition Waste,,,,,,,,,,,,,,,,,,,,,
CODD_TRAINING_03064,3016.jpg,plastic,,Construction and Demolition Waste,,,,,,,,,,,,,,,,,,,,,
CODD_TRAINING_03065,3016.jpg,pipes,,Construction and Demolition Waste,,,,,,,,,,,,,,,,,,,,,
CODD_TRAINING_03066,3016.jpg,pipes,,Construction and Demolition Waste,,,,,,,,,,,,,,,,,,,,,
CODD_TRAINING_03067,3016.jpg,pipes,,Construction and Demolition Waste,,,,,,,,,,,,,,,,,,,,,
CODD_TRAINING_03068,3016.jpg,pipes,,Construction and Demolition Waste,,,,,,,,,,,,,,,,,,,,,
CODD_TRAINING_03069,3016.jpg,pipes,,Construction and Demolition Waste,,,,,,,,,,,,,,,,,,,,,
CODD_TRAINING_03070,3016.jpg,pipes,,Construction and Demolition Waste,,,,,,,,,,,,,,,,,,,,,
CODD_TRAINING_03071,3016.jpg,pipes,,Construction and Demolition Waste,,,,,,,,,,,,,,,,,,,,,
CODD_TRAINING_03072,3016.jpg,pipes,,Construction and Demolition Waste,,,,,,,,,,,,,,,,,,,,,
CODD_TRAINING_03073,3016.jpg,pipes,,Construction and Demolition Waste,,,,,,,,,,,,,,,,,,,,,
CODD_TRAINING_03074,3016.jpg,pipes,,Construction and Demolition Waste,,,,,,,,,,,,,,,,,,,,,
CODD_TRAINING_03075,3016.jpg,pipes,,Construction and Demolition Waste,,,,,,,,,,,,,,,,,,,,,
CODD_TRAINING_03076,3016.jpg,pipes,,Construction and Demolition Waste,,,,,,,,,,,,,,,,,,,,,
CODD_TRAINING_03077,3016.jpg,pipes,,Construction and Demolition Waste,,,,,,,,,,,,,,,,,,,,,
CODD_TRAINING_03078,3016.jpg,pipes,,Construction and Demolition Waste,,,,,,,,,,,,,,,,,,,,,
CODD_TRAINING_03079,3016.jpg,pipes,,Construction and Demolition Waste,,,,,,,,,,,,,,,,,,,,,
CODD_TRAINING_03080,3016.jpg,pipes,,Construction and Demolition Waste,,,,,,,,,,,,,,,,,,,,,
CODD_TRAINING_03081,3016.jpg,pipes,,Construction and Demolition Waste,,,,,,,,,,,,,,,,,,,,,
CODD_TRAINING_03082,3016.jpg,pipes,,Construction and Demolition Waste,,,,,,,,,,,,,,,,,,,,,
CODD_TRAINING_03083,3016.jpg,pipes,,Construction and Demolition Waste,,,,,,,,,,,,,,,,,,,,,
CODD_TRAINING_03084,3016.jpg,pipes,,Construction and Demolition Waste,,,,,,,,,,,,,,,,,,,,,
CODD_TRAINING_03085,3016.jpg,pipes,,Construction and Demolition Waste,,,,,,,,,,,,,,,,,,,,,
CODD_TRAINING_03086,3016.jpg,pipes,,Construction and Demolition Waste,,,,,,,,,,,,,,,,,,,,,
CODD_TRAINING_03087,3016.jpg,pipes,,Construction and Demolition Waste,,,,,,,,,,,,,,,,,,,,,
CODD_TRAINING_03088,3016.jpg,pipes,,Construction and Demolition Waste,,,,,,,,,,,,,,,,,,,,,
CODD_TRAINING_03089,3016.jpg,pipes,,Construction and Demolition Waste,,,,,,,,,,,,,,,,,,,,,
CODD_TRAINING_03090,3017.jpg,pipes,,Construction and Demolition Waste,,,,,,,,,,,,,,,,,,,,,
CODD_TRAINING_03091,3017.jpg,pipes,,Construction and Demolition Waste,,,,,,,,,,,,,,,,,,,,,
CODD_TRAINING_03092,3017.jpg,pipes,,Construction and Demolition Waste,,,,,,,,,,,,,,,,,,,,,
CODD_TRAINING_03093,3017.jpg,pipes,,Construction and Demolition Waste,,,,,,,,,,,,,,,,,,,,,
CODD_TRAINING_03094,3017.jpg,pipes,,Construction and Demolition Waste,,,,,,,,,,,,,,,,,,,,,
CODD_TRAINING_03095,3017.jpg,pipes,,Construction and Demolition Waste,,,,,,,,,,,,,,,,,,,,,
CODD_TRAINING_03096,3017.jpg,pipes,,Construction and Demolition Waste,,,,,,,,,,,,,,,,,,,,,
CODD_TRAINING_03097,3017.jpg,pipes,,Construction and Demolition Waste,,,,,,,,,,,,,,,,,,,,,
CODD_TRAINING_03098,3017.jpg,pipes,,Construction and Demolition Waste,,,,,,,,,,,,,,,,,,,,,
CODD_TRAINING_03099,3017.jpg,pipes,,Construction and Demolition Waste,,,,,,,,,,,,,,,,,,,,,
CODD_TRAINING_03100,3017.jpg,pipes,,Construction and Demolition Waste,,,,,,,,,,,,,,,,,,,,,
CODD_TRAINING_03101,3017.jpg,pipes,,Construction and Demolition Waste,,,,,,,,,,,,,,,,,,,,,
CODD_TRAINING_03102,3017.jpg,pipes,,Construction and Demolition Waste,,,,,,,,,,,,,,,,,,,,,
CODD_TRAINING_03103,3017.jpg,pipes,,Construction and Demolition Waste,,,,,,,,,,,,,,,,,,,,,
CODD_TRAINING_03104,3017.jpg,pipes,,Construction and Demolition Waste,,,,,,,,,,,,,,,,,,,,,
CODD_TRAINING_03105,3017.jpg,pipes,,Construction and Demolition Waste,,,,,,,,,,,,,,,,,,,,,
CODD_TRAINING_03106,3017.jpg,pipes,,Construction and Demolition Waste,,,,,,,,,,,,,,,,,,,,,
CODD_TRAINING_03107,3017.jpg,pipes,,Construction and Demolition Waste,,,,,,,,,,,,,,,,,,,,,
CODD_TRAINING_03108,3017.jpg,pipes,,Construction and Demolition Waste,,,,,,,,,,,,,,,,,,,,,
CODD_TRAINING_03109,3017.jpg,pipes,,Construction and Demolition Waste,,,,,,,,,,,,,,,,,,,,,
CODD_TRAINING_03110,3017.jpg,pipes,,Construction and Demolition Waste,,,,,,,,,,,,,,,,,,,,,
CODD_TRAINING_03111,3017.jpg,pipes,,Construction and Demolition Waste,,,,,,,,,,,,,,,,,,,,,
CODD_TRAINING_03112,3017.jpg,pipes,,Construction and Demolition Waste,,,,,,,,,,,,,,,,,,,,,
CODD_TRAINING_03113,3017.jpg,pipes,,Construction and Demolition Waste,,,,,,,,,,,,,,,,,,,,,
CODD_TRAINING_03114,3017.jpg,pipes,,Construction and Demolition Waste,,,,,,,,,,,,,,,,,,,,,
CODD_TRAINING_03115,3017.jpg,pipes,,Construction and Demolition Waste,,,,,,,,,,,,,,,,,,,,,
CODD_TRAINING_03116,3017.jpg,pipes,,Construction and Demolition Waste,,,,,,,,,,,,,,,,,,,,,
CODD_TRAINING_03117,3017.jpg,pipes,,Construction and Demolition Waste,,,,,,,,,,,,,,,,,,,,,
CODD_TRAINING_03118,3017.jpg,pipes,,Construction and Demolition Waste,,,,,,,,,,,,,,,,,,,,,
CODD_TRAINING_03119,3017.jpg,pipes,,Construction and Demolition Waste,,,,,,,,,,,,,,,,,,,,,
CODD_TRAINING_03120,3017.jpg,pipes,,Construction and Demolition Waste,,,,,,,,,,,,,,,,,,,,,
CODD_TRAINING_03121,3017.jpg,pipes,,Construction and Demolition Waste,,,,,,,,,,,,,,,,,,,,,
CODD_TRAINING_03122,3017.jpg,pipes,,Construction and Demolition Waste,,,,,,,,,,,,,,,,,,,,,
CODD_TRAINING_03123,3017.jpg,pipes,,Construction and Demolition Waste,,,,,,,,,,,,,,,,,,,,,
CODD_TRAINING_03124,3017.jpg,pipes,,Construction and Demolition Waste,,,,,,,,,,,,,,,,,,,,,
CODD_TRAINING_03125,3018.jpg,pipes,,Construction and Demolition Waste,,,,,,,,,,,,,,,,,,,,,
CODD_TRAINING_03126,3018.jpg,pipes,,Construction and Demolition Waste,,,,,,,,,,,,,,,,,,,,,
CODD_TRAINING_03127,3018.jpg,pipes,,Construction and Demolition Waste,,,,,,,,,,,,,,,,,,,,,
CODD_TRAINING_03128,3018.jpg,pipes,,Construction and Demolition Waste,,,,,,,,,,,,,,,,,,,,,
CODD_TRAINING_03129,3018.jpg,pipes,,Construction and Demolition Waste,,,,,,,,,,,,,,,,,,,,,
CODD_TRAINING_03130,3018.jpg,pipes,,Construction and Demolition Waste,,,,,,,,,,,,,,,,,,,,,
CODD_TRAINING_03131,3018.jpg,pipes,,Construction and Demolition Waste,,,,,,,,,,,,,,,,,,,,,
CODD_TRAINING_03132,3018.jpg,pipes,,Construction and Demolition Waste,,,,,,,,,,,,,,,,,,,,,
CODD_TRAINING_03133,3018.jpg,pipes,,Construction and Demolition Waste,,,,,,,,,,,,,,,,,,,,,
CODD_TRAINING_03134,302.jpg,brick,,Construction and Demolition Waste,,,,,,,,,,,,,,,,,,,,,
CODD_TRAINING_03135,302.jpg,concrete,,Construction and Demolition Waste,,,,,,,,,,,,,,,,,,,,,
CODD_TRAINING_03136,302.jpg,tile,,Construction and Demolition Waste,,,,,,,,,,,,,,,,,,,,,
CODD_TRAINING_03137,302.jpg,brick,,Construction and Demolition Waste,,,,,,,,,,,,,,,,,,,,,
CODD_TRAINING_03138,302.jpg,concrete,,Construction and Demolition Waste,,,,,,,,,,,,,,,,,,,,,
CODD_TRAINING_03139,302.jpg,tile,,Construction and Demolition Waste,,,,,,,,,,,,,,,,,,,,,
CODD_TRAINING_03140,302.jpg,brick,,Construction and Demolition Waste,,,,,,,,,,,,,,,,,,,,,
CODD_TRAINING_03141,302.jpg,concrete,,Construction and Demolition Waste,,,,,,,,,,,,,,,,,,,,,
CODD_TRAINING_03142,302.jpg,tile,,Construction and Demolition Waste,,,,,,,,,,,,,,,,,,,,,
CODD_TRAINING_03143,302.jpg,brick,,Construction and Demolition Waste,,,,,,,,,,,,,,,,,,,,,
CODD_TRAINING_03144,302.jpg,concrete,,Construction and Demolition Waste,,,,,,,,,,,,,,,,,,,,,
CODD_TRAINING_03145,302.jpg,tile,,Construction and Demolition Waste,,,,,,,,,,,,,,,,,,,,,
CODD_TRAINING_03146,3020.jpg,pipes,,Construction and Demolition Waste,,,,,,,,,,,,,,,,,,,,,
CODD_TRAINING_03147,3020.jpg,pipes,,Construction and Demolition Waste,,,,,,,,,,,,,,,,,,,,,
CODD_TRAINING_03148,3020.jpg,pipes,,Construction and Demolition Waste,,,,,,,,,,,,,,,,,,,,,
CODD_TRAINING_03149,3020.jpg,pipes,,Construction and Demolition Waste,,,,,,,,,,,,,,,,,,,,,
CODD_TRAINING_03150,3020.jpg,pipes,,Construction and Demolition Waste,,,,,,,,,,,,,,,,,,,,,
CODD_TRAINING_03151,3020.jpg,pipes,,Construction and Demolition Waste,,,,,,,,,,,,,,,,,,,,,
CODD_TRAINING_03152,3020.jpg,pipes,,Construction and Demolition Waste,,,,,,,,,,,,,,,,,,,,,
CODD_TRAINING_03153,3020.jpg,pipes,,Construction and Demolition Waste,,,,,,,,,,,,,,,,,,,,,
CODD_TRAINING_03154,3020.jpg,pipes,,Construction and Demolition Waste,,,,,,,,,,,,,,,,,,,,,
CODD_TRAINING_03155,3020.jpg,pipes,,Construction and Demolition Waste,,,,,,,,,,,,,,,,,,,,,
CODD_TRAINING_03156,3020.jpg,pipes,,Construction and Demolition Waste,,,,,,,,,,,,,,,,,,,,,
CODD_TRAINING_03157,3020.jpg,pipes,,Construction and Demolition Waste,,,,,,,,,,,,,,,,,,,,,
CODD_TRAINING_03158,3020.jpg,pipes,,Construction and Demolition Waste,,,,,,,,,,,,,,,,,,,,,
CODD_TRAINING_03159,3020.jpg,pipes,,Construction and Demolition Waste,,,,,,,,,,,,,,,,,,,,,
CODD_TRAINING_03160,3021.jpg,pipes,,Construction and Demolition Waste,,,,,,,,,,,,,,,,,,,,,
CODD_TRAINING_03161,3021.jpg,pipes,,Construction and Demolition Waste,,,,,,,,,,,,,,,,,,,,,
CODD_TRAINING_03162,3021.jpg,pipes,,Construction and Demolition Waste,,,,,,,,,,,,,,,,,,,,,
CODD_TRAINING_03163,3021.jpg,pipes,,Construction and Demolition Waste,,,,,,,,,,,,,,,,,,,,,
CODD_TRAINING_03164,3021.jpg,pipes,,Construction and Demolition Waste,,,,,,,,,,,,,,,,,,,,,
CODD_TRAINING_03165,3021.jpg,pipes,,Construction and Demolition Waste,,,,,,,,,,,,,,,,,,,,,
CODD_TRAINING_03166,3021.jpg,pipes,,Construction and Demolition Waste,,,,,,,,,,,,,,,,,,,,,
CODD_TRAINING_03167,3021.jpg,pipes,,Construction and Demolition Waste,,,,,,,,,,,,,,,,,,,,,
CODD_TRAINING_03168,3021.jpg,pipes,,Construction and Demolition Waste,,,,,,,,,,,,,,,,,,,,,
CODD_TRAINING_03169,3021.jpg,pipes,,Construction and Demolition Waste,,,,,,,,,,,,,,,,,,,,,
CODD_TRAINING_03170,3021.jpg,pipes,,Construction and Demolition Waste,,,,,,,,,,,,,,,,,,,,,
CODD_TRAINING_03171,3021.jpg,pipes,,Construction and Demolition Waste,,,,,,,,,,,,,,,,,,,,,
CODD_TRAINING_03172,3021.jpg,pipes,,Construction and Demolition Waste,,,,,,,,,,,,,,,,,,,,,
CODD_TRAINING_03173,3021.jpg,pipes,,Construction and Demolition Waste,,,,,,,,,,,,,,,,,,,,,
CODD_TRAINING_03174,3021.jpg,pipes,,Construction and Demolition Waste,,,,,,,,,,,,,,,,,,,,,
CODD_TRAINING_03175,3021.jpg,pipes,,Construction and Demolition Waste,,,,,,,,,,,,,,,,,,,,,
CODD_TRAINING_03176,3021.jpg,pipes,,Construction and Demolition Waste,,,,,,,,,,,,,,,,,,,,,
CODD_TRAINING_03177,3021.jpg,pipes,,Construction and Demolition Waste,,,,,,,,,,,,,,,,,,,,,
CODD_TRAINING_03178,3021.jpg,pipes,,Construction and Demolition Waste,,,,,,,,,,,,,,,,,,,,,
CODD_TRAINING_03179,3021.jpg,pipes,,Construction and Demolition Waste,,,,,,,,,,,,,,,,,,,,,
CODD_TRAINING_03180,3021.jpg,pipes,,Construction and Demolition Waste,,,,,,,,,,,,,,,,,,,,,
CODD_TRAINING_03181,3021.jpg,pipes,,Construction and Demolition Waste,,,,,,,,,,,,,,,,,,,,,
CODD_TRAINING_03182,303.jpg,brick,,Construction and Demolition Waste,,,,,,,,,,,,,,,,,,,,,
CODD_TRAINING_03183,303.jpg,concrete,,Construction and Demolition Waste,,,,,,,,,,,,,,,,,,,,,
CODD_TRAINING_03184,303.jpg,tile,,Construction and Demolition Waste,,,,,,,,,,,,,,,,,,,,,
CODD_TRAINING_03185,303.jpg,brick,,Construction and Demolition Waste,,,,,,,,,,,,,,,,,,,,,
CODD_TRAINING_03186,303.jpg,concrete,,Construction and Demolition Waste,,,,,,,,,,,,,,,,,,,,,
CODD_TRAINING_03187,303.jpg,tile,,Construction and Demolition Waste,,,,,,,,,,,,,,,,,,,,,
CODD_TRAINING_03188,303.jpg,brick,,Construction and Demolition Waste,,,,,,,,,,,,,,,,,,,,,
CODD_TRAINING_03189,303.jpg,concrete,,Construction and Demolition Waste,,,,,,,,,,,,,,,,,,,,,
CODD_TRAINING_03190,303.jpg,tile,,Construction and Demolition Waste,,,,,,,,,,,,,,,,,,,,,
CODD_TRAINING_03191,303.jpg,brick,,Construction and Demolition Waste,,,,,,,,,,,,,,,,,,,,,
CODD_TRAINING_03192,303.jpg,concrete,,Construction and Demolition Waste,,,,,,,,,,,,,,,,,,,,,
CODD_TRAINING_03193,303.jpg,tile,,Construction and Demolition Waste,,,,,,,,,,,,,,,,,,,,,
CODD_TRAINING_03194,306.jpg,brick,,Construction and Demolition Waste,,,,,,,,,,,,,,,,,,,,,
CODD_TRAINING_03195,306.jpg,concrete,,Construction and Demolition Waste,,,,,,,,,,,,,,,,,,,,,
CODD_TRAINING_03196,306.jpg,tile,,Construction and Demolition Waste,,,,,,,,,,,,,,,,,,,,,
CODD_TRAINING_03197,306.jpg,brick,,Construction and Demolition Waste,,,,,,,,,,,,,,,,,,,,,
CODD_TRAINING_03198,306.jpg,concrete,,Construction and Demolition Waste,,,,,,,,,,,,,,,,,,,,,
CODD_TRAINING_03199,306.jpg,tile,,Construction and Demolition Waste,,,,,,,,,,,,,,,,,,,,,
CODD_TRAINING_03200,306.jpg,brick,,Construction and Demolition Waste,,,,,,,,,,,,,,,,,,,,,
CODD_TRAINING_03201,306.jpg,concrete,,Construction and Demolition Waste,,,,,,,,,,,,,,,,,,,,,
CODD_TRAINING_03202,306.jpg,tile,,Construction and Demolition Waste,,,,,,,,,,,,,,,,,,,,,
CODD_TRAINING_03203,306.jpg,brick,,Construction and Demolition Waste,,,,,,,,,,,,,,,,,,,,,
CODD_TRAINING_03204,306.jpg,concrete,,Construction and Demolition Waste,,,,,,,,,,,,,,,,,,,,,
CODD_TRAINING_03205,306.jpg,tile,,Construction and Demolition Waste,,,,,,,,,,,,,,,,,,,,,
CODD_TRAINING_03206,309.jpg,brick,,Construction and Demolition Waste,,,,,,,,,,,,,,,,,,,,,
CODD_TRAINING_03207,309.jpg,concrete,,Construction and Demolition Waste,,,,,,,,,,,,,,,,,,,,,
CODD_TRAINING_03208,309.jpg,tile,,Construction and Demolition Waste,,,,,,,,,,,,,,,,,,,,,
CODD_TRAINING_03209,309.jpg,brick,,Construction and Demolition Waste,,,,,,,,,,,,,,,,,,,,,
CODD_TRAINING_03210,309.jpg,concrete,,Construction and Demolition Waste,,,,,,,,,,,,,,,,,,,,,
CODD_TRAINING_03211,309.jpg,tile,,Construction and Demolition Waste,,,,,,,,,,,,,,,,,,,,,
CODD_TRAINING_03212,309.jpg,brick,,Construction and Demolition Waste,,,,,,,,,,,,,,,,,,,,,
CODD_TRAINING_03213,309.jpg,concrete,,Construction and Demolition Waste,,,,,,,,,,,,,,,,,,,,,
CODD_TRAINING_03214,309.jpg,tile,,Construction and Demolition Waste,,,,,,,,,,,,,,,,,,,,,
CODD_TRAINING_03215,309.jpg,brick,,Construction and Demolition Waste,,,,,,,,,,,,,,,,,,,,,
CODD_TRAINING_03216,309.jpg,concrete,,Construction and Demolition Waste,,,,,,,,,,,,,,,,,,,,,
CODD_TRAINING_03217,309.jpg,tile,,Construction and Demolition Waste,,,,,,,,,,,,,,,,,,,,,
CODD_TRAINING_03218,31.jpg,brick,,Construction and Demolition Waste,,,,,,,,,,,,,,,,,,,,,
CODD_TRAINING_03219,31.jpg,concrete,,Construction and Demolition Waste,,,,,,,,,,,,,,,,,,,,,
CODD_TRAINING_03220,31.jpg,tile,,Construction and Demolition Waste,,,,,,,,,,,,,,,,,,,,,
CODD_TRAINING_03221,31.jpg,brick,,Construction and Demolition Waste,,,,,,,,,,,,,,,,,,,,,
CODD_TRAINING_03222,31.jpg,concrete,,Construction and Demolition Waste,,,,,,,,,,,,,,,,,,,,,
CODD_TRAINING_03223,31.jpg,tile,,Construction and Demolition Waste,,,,,,,,,,,,,,,,,,,,,
CODD_TRAINING_03224,31.jpg,brick,,Construction and Demolition Waste,,,,,,,,,,,,,,,,,,,,,
CODD_TRAINING_03225,31.jpg,concrete,,Construction and Demolition Waste,,,,,,,,,,,,,,,,,,,,,
CODD_TRAINING_03226,31.jpg,tile,,Construction and Demolition Waste,,,,,,,,,,,,,,,,,,,,,
CODD_TRAINING_03227,31.jpg,concrete,,Construction and Demolition Waste,,,,,,,,,,,,,,,,,,,,,
CODD_TRAINING_03228,31.jpg,tile,,Construction and Demolition Waste,,,,,,,,,,,,,,,,,,,,,
CODD_TRAINING_03229,31.jpg,tile,,Construction and Demolition Waste,,,,,,,,,,,,,,,,,,,,,
CODD_TRAINING_03230,31.jpg,brick,,Construction and Demolition Waste,,,,,,,,,,,,,,,,,,,,,
CODD_TRAINING_03231,310.jpg,brick,,Construction and Demolition Waste,,,,,,,,,,,,,,,,,,,,,
CODD_TRAINING_03232,310.jpg,concrete,,Construction and Demolition Waste,,,,,,,,,,,,,,,,,,,,,
CODD_TRAINING_03233,310.jpg,tile,,Construction and Demolition Waste,,,,,,,,,,,,,,,,,,,,,
CODD_TRAINING_03234,310.jpg,brick,,Construction and Demolition Waste,,,,,,,,,,,,,,,,,,,,,
CODD_TRAINING_03235,310.jpg,concrete,,Construction and Demolition Waste,,,,,,,,,,,,,,,,,,,,,
CODD_TRAINING_03236,310.jpg,tile,,Construction and Demolition Waste,,,,,,,,,,,,,,,,,,,,,
CODD_TRAINING_03237,310.jpg,brick,,Construction and Demolition Waste,,,,,,,,,,,,,,,,,,,,,
CODD_TRAINING_03238,310.jpg,concrete,,Construction and Demolition Waste,,,,,,,,,,,,,,,,,,,,,
CODD_TRAINING_03239,310.jpg,tile,,Construction and Demolition Waste,,,,,,,,,,,,,,,,,,,,,
CODD_TRAINING_03240,310.jpg,brick,,Construction and Demolition Waste,,,,,,,,,,,,,,,,,,,,,
CODD_TRAINING_03241,310.jpg,concrete,,Construction and Demolition Waste,,,,,,,,,,,,,,,,,,,,,
CODD_TRAINING_03242,310.jpg,tile,,Construction and Demolition Waste,,,,,,,,,,,,,,,,,,,,,
CODD_TRAINING_03243,313.jpg,brick,,Construction and Demolition Waste,,,,,,,,,,,,,,,,,,,,,
CODD_TRAINING_03244,313.jpg,concrete,,Construction and Demolition Waste,,,,,,,,,,,,,,,,,,,,,
CODD_TRAINING_03245,313.jpg,tile,,Construction and Demolition Waste,,,,,,,,,,,,,,,,,,,,,
CODD_TRAINING_03246,313.jpg,brick,,Construction and Demolition Waste,,,,,,,,,,,,,,,,,,,,,
CODD_TRAINING_03247,313.jpg,concrete,,Construction and Demolition Waste,,,,,,,,,,,,,,,,,,,,,
CODD_TRAINING_03248,313.jpg,tile,,Construction and Demolition Waste,,,,,,,,,,,,,,,,,,,,,
CODD_TRAINING_03249,313.jpg,brick,,Construction and Demolition Waste,,,,,,,,,,,,,,,,,,,,,
CODD_TRAINING_03250,313.jpg,concrete,,Construction and Demolition Waste,,,,,,,,,,,,,,,,,,,,,
CODD_TRAINING_03251,313.jpg,tile,,Construction and Demolition Waste,,,,,,,,,,,,,,,,,,,,,
CODD_TRAINING_03252,313.jpg,brick,,Construction and Demolition Waste,,,,,,,,,,,,,,,,,,,,,
CODD_TRAINING_03253,313.jpg,concrete,,Construction and Demolition Waste,,,,,,,,,,,,,,,,,,,,,
CODD_TRAINING_03254,313.jpg,tile,,Construction and Demolition Waste,,,,,,,,,,,,,,,,,,,,,
CODD_TRAINING_03255,314.jpg,brick,,Construction and Demolition Waste,,,,,,,,,,,,,,,,,,,,,
CODD_TRAINING_03256,314.jpg,concrete,,Construction and Demolition Waste,,,,,,,,,,,,,,,,,,,,,
CODD_TRAINING_03257,314.jpg,tile,,Construction and Demolition Waste,,,,,,,,,,,,,,,,,,,,,
CODD_TRAINING_03258,314.jpg,brick,,Construction and Demolition Waste,,,,,,,,,,,,,,,,,,,,,
CODD_TRAINING_03259,314.jpg,concrete,,Construction and Demolition Waste,,,,,,,,,,,,,,,,,,,,,
CODD_TRAINING_03260,314.jpg,tile,,Construction and Demolition Waste,,,,,,,,,,,,,,,,,,,,,
CODD_TRAINING_03261,314.jpg,brick,,Construction and Demolition Waste,,,,,,,,,,,,,,,,,,,,,
CODD_TRAINING_03262,314.jpg,concrete,,Construction and Demolition Waste,,,,,,,,,,,,,,,,,,,,,
CODD_TRAINING_03263,314.jpg,tile,,Construction and Demolition Waste,,,,,,,,,,,,,,,,,,,,,
CODD_TRAINING_03264,314.jpg,brick,,Construction and Demolition Waste,,,,,,,,,,,,,,,,,,,,,
CODD_TRAINING_03265,314.jpg,concrete,,Construction and Demolition Waste,,,,,,,,,,,,,,,,,,,,,
CODD_TRAINING_03266,314.jpg,tile,,Construction and Demolition Waste,,,,,,,,,,,,,,,,,,,,,
CODD_TRAINING_03267,315.jpg,brick,,Construction and Demolition Waste,,,,,,,,,,,,,,,,,,,,,
CODD_TRAINING_03268,315.jpg,concrete,,Construction and Demolition Waste,,,,,,,,,,,,,,,,,,,,,
CODD_TRAINING_03269,315.jpg,tile,,Construction and Demolition Waste,,,,,,,,,,,,,,,,,,,,,
CODD_TRAINING_03270,315.jpg,brick,,Construction and Demolition Waste,,,,,,,,,,,,,,,,,,,,,
CODD_TRAINING_03271,315.jpg,concrete,,Construction and Demolition Waste,,,,,,,,,,,,,,,,,,,,,
CODD_TRAINING_03272,315.jpg,tile,,Construction and Demolition Waste,,,,,,,,,,,,,,,,,,,,,
CODD_TRAINING_03273,315.jpg,brick,,Construction and Demolition Waste,,,,,,,,,,,,,,,,,,,,,
CODD_TRAINING_03274,315.jpg,concrete,,Construction and Demolition Waste,,,,,,,,,,,,,,,,,,,,,
CODD_TRAINING_03275,315.jpg,tile,,Construction and Demolition Waste,,,,,,,,,,,,,,,,,,,,,
CODD_TRAINING_03276,315.jpg,brick,,Construction and Demolition Waste,,,,,,,,,,,,,,,,,,,,,
CODD_TRAINING_03277,315.jpg,concrete,,Construction and Demolition Waste,,,,,,,,,,,,,,,,,,,,,
CODD_TRAINING_03278,315.jpg,tile,,Construction and Demolition Waste,,,,,,,,,,,,,,,,,,,,,
CODD_TRAINING_03279,317.jpg,brick,,Construction and Demolition Waste,,,,,,,,,,,,,,,,,,,,,
CODD_TRAINING_03280,317.jpg,concrete,,Construction and Demolition Waste,,,,,,,,,,,,,,,,,,,,,
CODD_TRAINING_03281,317.jpg,tile,,Construction and Demolition Waste,,,,,,,,,,,,,,,,,,,,,
CODD_TRAINING_03282,317.jpg,brick,,Construction and Demolition Waste,,,,,,,,,,,,,,,,,,,,,
CODD_TRAINING_03283,317.jpg,concrete,,Construction and Demolition Waste,,,,,,,,,,,,,,,,,,,,,
CODD_TRAINING_03284,317.jpg,tile,,Construction and Demolition Waste,,,,,,,,,,,,,,,,,,,,,
CODD_TRAINING_03285,317.jpg,brick,,Construction and Demolition Waste,,,,,,,,,,,,,,,,,,,,,
CODD_TRAINING_03286,317.jpg,concrete,,Construction and Demolition Waste,,,,,,,,,,,,,,,,,,,,,
CODD_TRAINING_03287,317.jpg,tile,,Construction and Demolition Waste,,,,,,,,,,,,,,,,,,,,,
CODD_TRAINING_03288,317.jpg,brick,,Construction and Demolition Waste,,,,,,,,,,,,,,,,,,,,,
CODD_TRAINING_03289,317.jpg,concrete,,Construction and Demolition Waste,,,,,,,,,,,,,,,,,,,,,
CODD_TRAINING_03290,317.jpg,tile,,Construction and Demolition Waste,,,,,,,,,,,,,,,,,,,,,
CODD_TRAINING_03291,317.jpg,brick,,Construction and Demolition Waste,,,,,,,,,,,,,,,,,,,,,
CODD_TRAINING_03292,32.jpg,brick,,Construction and Demolition Waste,,,,,,,,,,,,,,,,,,,,,
CODD_TRAINING_03293,32.jpg,concrete,,Construction and Demolition Waste,,,,,,,,,,,,,,,,,,,,,
CODD_TRAINING_03294,32.jpg,tile,,Construction and Demolition Waste,,,,,,,,,,,,,,,,,,,,,
CODD_TRAINING_03295,32.jpg,brick,,Construction and Demolition Waste,,,,,,,,,,,,,,,,,,,,,
CODD_TRAINING_03296,32.jpg,concrete,,Construction and Demolition Waste,,,,,,,,,,,,,,,,,,,,,
CODD_TRAINING_03297,32.jpg,tile,,Construction and Demolition Waste,,,,,,,,,,,,,,,,,,,,,
CODD_TRAINING_03298,32.jpg,brick,,Construction and Demolition Waste,,,,,,,,,,,,,,,,,,,,,
CODD_TRAINING_03299,32.jpg,concrete,,Construction and Demolition Waste,,,,,,,,,,,,,,,,,,,,,
CODD_TRAINING_03300,32.jpg,tile,,Construction and Demolition Waste,,,,,,,,,,,,,,,,,,,,,
CODD_TRAINING_03301,32.jpg,brick,,Construction and Demolition Waste,,,,,,,,,,,,,,,,,,,,,
CODD_TRAINING_03302,32.jpg,concrete,,Construction and Demolition Waste,,,,,,,,,,,,,,,,,,,,,
CODD_TRAINING_03303,32.jpg,tile,,Construction and Demolition Waste,,,,,,,,,,,,,,,,,,,,,
CODD_TRAINING_03304,321.jpg,brick,,Construction and Demolition Waste,,,,,,,,,,,,,,,,,,,,,
CODD_TRAINING_03305,321.jpg,concrete,,Construction and Demolition Waste,,,,,,,,,,,,,,,,,,,,,
CODD_TRAINING_03306,321.jpg,tile,,Construction and Demolition Waste,,,,,,,,,,,,,,,,,,,,,
CODD_TRAINING_03307,321.jpg,brick,,Construction and Demolition Waste,,,,,,,,,,,,,,,,,,,,,
CODD_TRAINING_03308,321.jpg,concrete,,Construction and Demolition Waste,,,,,,,,,,,,,,,,,,,,,
CODD_TRAINING_03309,321.jpg,tile,,Construction and Demolition Waste,,,,,,,,,,,,,,,,,,,,,
CODD_TRAINING_03310,321.jpg,brick,,Construction and Demolition Waste,,,,,,,,,,,,,,,,,,,,,
CODD_TRAINING_03311,321.jpg,concrete,,Construction and Demolition Waste,,,,,,,,,,,,,,,,,,,,,
CODD_TRAINING_03312,321.jpg,tile,,Construction and Demolition Waste,,,,,,,,,,,,,,,,,,,,,
CODD_TRAINING_03313,321.jpg,brick,,Construction and Demolition Waste,,,,,,,,,,,,,,,,,,,,,
CODD_TRAINING_03314,321.jpg,concrete,,Construction and Demolition Waste,,,,,,,,,,,,,,,,,,,,,
CODD_TRAINING_03315,321.jpg,tile,,Construction and Demolition Waste,,,,,,,,,,,,,,,,,,,,,
CODD_TRAINING_03316,323.jpg,brick,,Construction and Demolition Waste,,,,,,,,,,,,,,,,,,,,,
CODD_TRAINING_03317,323.jpg,concrete,,Construction and Demolition Waste,,,,,,,,,,,,,,,,,,,,,
CODD_TRAINING_03318,323.jpg,tile,,Construction and Demolition Waste,,,,,,,,,,,,,,,,,,,,,
CODD_TRAINING_03319,323.jpg,brick,,Construction and Demolition Waste,,,,,,,,,,,,,,,,,,,,,
CODD_TRAINING_03320,323.jpg,concrete,,Construction and Demolition Waste,,,,,,,,,,,,,,,,,,,,,
CODD_TRAINING_03321,323.jpg,tile,,Construction and Demolition Waste,,,,,,,,,,,,,,,,,,,,,
CODD_TRAINING_03322,323.jpg,brick,,Construction and Demolition Waste,,,,,,,,,,,,,,,,,,,,,
CODD_TRAINING_03323,323.jpg,concrete,,Construction and Demolition Waste,,,,,,,,,,,,,,,,,,,,,
CODD_TRAINING_03324,323.jpg,tile,,Construction and Demolition Waste,,,,,,,,,,,,,,,,,,,,,
CODD_TRAINING_03325,323.jpg,brick,,Construction and Demolition Waste,,,,,,,,,,,,,,,,,,,,,
CODD_TRAINING_03326,323.jpg,concrete,,Construction and Demolition Waste,,,,,,,,,,,,,,,,,,,,,
CODD_TRAINING_03327,323.jpg,tile,,Construction and Demolition Waste,,,,,,,,,,,,,,,,,,,,,
CODD_TRAINING_03328,324.jpg,brick,,Construction and Demolition Waste,,,,,,,,,,,,,,,,,,,,,
CODD_TRAINING_03329,324.jpg,concrete,,Construction and Demolition Waste,,,,,,,,,,,,,,,,,,,,,
CODD_TRAINING_03330,324.jpg,tile,,Construction and Demolition Waste,,,,,,,,,,,,,,,,,,,,,
CODD_TRAINING_03331,324.jpg,brick,,Construction and Demolition Waste,,,,,,,,,,,,,,,,,,,,,
CODD_TRAINING_03332,324.jpg,concrete,,Construction and Demolition Waste,,,,,,,,,,,,,,,,,,,,,
CODD_TRAINING_03333,324.jpg,tile,,Construction and Demolition Waste,,,,,,,,,,,,,,,,,,,,,
CODD_TRAINING_03334,324.jpg,brick,,Construction and Demolition Waste,,,,,,,,,,,,,,,,,,,,,
CODD_TRAINING_03335,324.jpg,concrete,,Construction and Demolition Waste,,,,,,,,,,,,,,,,,,,,,
CODD_TRAINING_03336,324.jpg,tile,,Construction and Demolition Waste,,,,,,,,,,,,,,,,,,,,,
CODD_TRAINING_03337,324.jpg,brick,,Construction and Demolition Waste,,,,,,,,,,,,,,,,,,,,,
CODD_TRAINING_03338,324.jpg,concrete,,Construction and Demolition Waste,,,,,,,,,,,,,,,,,,,,,
CODD_TRAINING_03339,324.jpg,tile,,Construction and Demolition Waste,,,,,,,,,,,,,,,,,,,,,
CODD_TRAINING_03340,325.jpg,brick,,Construction and Demolition Waste,,,,,,,,,,,,,,,,,,,,,
CODD_TRAINING_03341,325.jpg,concrete,,Construction and Demolition Waste,,,,,,,,,,,,,,,,,,,,,
CODD_TRAINING_03342,325.jpg,tile,,Construction and Demolition Waste,,,,,,,,,,,,,,,,,,,,,
CODD_TRAINING_03343,325.jpg,brick,,Construction and Demolition Waste,,,,,,,,,,,,,,,,,,,,,
CODD_TRAINING_03344,325.jpg,concrete,,Construction and Demolition Waste,,,,,,,,,,,,,,,,,,,,,
CODD_TRAINING_03345,325.jpg,tile,,Construction and Demolition Waste,,,,,,,,,,,,,,,,,,,,,
CODD_TRAINING_03346,325.jpg,brick,,Construction and Demolition Waste,,,,,,,,,,,,,,,,,,,,,
CODD_TRAINING_03347,325.jpg,concrete,,Construction and Demolition Waste,,,,,,,,,,,,,,,,,,,,,
CODD_TRAINING_03348,325.jpg,tile,,Construction and Demolition Waste,,,,,,,,,,,,,,,,,,,,,
CODD_TRAINING_03349,325.jpg,brick,,Construction and Demolition Waste,,,,,,,,,,,,,,,,,,,,,
CODD_TRAINING_03350,325.jpg,concrete,,Construction and Demolition Waste,,,,,,,,,,,,,,,,,,,,,
CODD_TRAINING_03351,325.jpg,tile,,Construction and Demolition Waste,,,,,,,,,,,,,,,,,,,,,
CODD_TRAINING_03352,327.jpg,brick,,Construction and Demolition Waste,,,,,,,,,,,,,,,,,,,,,
CODD_TRAINING_03353,327.jpg,concrete,,Construction and Demolition Waste,,,,,,,,,,,,,,,,,,,,,
CODD_TRAINING_03354,327.jpg,tile,,Construction and Demolition Waste,,,,,,,,,,,,,,,,,,,,,
CODD_TRAINING_03355,327.jpg,brick,,Construction and Demolition Waste,,,,,,,,,,,,,,,,,,,,,
CODD_TRAINING_03356,327.jpg,concrete,,Construction and Demolition Waste,,,,,,,,,,,,,,,,,,,,,
CODD_TRAINING_03357,327.jpg,tile,,Construction and Demolition Waste,,,,,,,,,,,,,,,,,,,,,
CODD_TRAINING_03358,327.jpg,brick,,Construction and Demolition Waste,,,,,,,,,,,,,,,,,,,,,
CODD_TRAINING_03359,327.jpg,concrete,,Construction and Demolition Waste,,,,,,,,,,,,,,,,,,,,,
CODD_TRAINING_03360,327.jpg,tile,,Construction and Demolition Waste,,,,,,,,,,,,,,,,,,,,,
CODD_TRAINING_03361,327.jpg,brick,,Construction and Demolition Waste,,,,,,,,,,,,,,,,,,,,,
CODD_TRAINING_03362,327.jpg,concrete,,Construction and Demolition Waste,,,,,,,,,,,,,,,,,,,,,
CODD_TRAINING_03363,327.jpg,tile,,Construction and Demolition Waste,,,,,,,,,,,,,,,,,,,,,
CODD_TRAINING_03364,329.jpg,brick,,Construction and Demolition Waste,,,,,,,,,,,,,,,,,,,,,
CODD_TRAINING_03365,329.jpg,concrete,,Construction and Demolition Waste,,,,,,,,,,,,,,,,,,,,,
CODD_TRAINING_03366,329.jpg,tile,,Construction and Demolition Waste,,,,,,,,,,,,,,,,,,,,,
CODD_TRAINING_03367,329.jpg,brick,,Construction and Demolition Waste,,,,,,,,,,,,,,,,,,,,,
CODD_TRAINING_03368,329.jpg,concrete,,Construction and Demolition Waste,,,,,,,,,,,,,,,,,,,,,
CODD_TRAINING_03369,329.jpg,tile,,Construction and Demolition Waste,,,,,,,,,,,,,,,,,,,,,
CODD_TRAINING_03370,329.jpg,brick,,Construction and Demolition Waste,,,,,,,,,,,,,,,,,,,,,
CODD_TRAINING_03371,329.jpg,concrete,,Construction and Demolition Waste,,,,,,,,,,,,,,,,,,,,,
CODD_TRAINING_03372,329.jpg,tile,,Construction and Demolition Waste,,,,,,,,,,,,,,,,,,,,,
CODD_TRAINING_03373,329.jpg,brick,,Construction and Demolition Waste,,,,,,,,,,,,,,,,,,,,,
CODD_TRAINING_03374,329.jpg,concrete,,Construction and Demolition Waste,,,,,,,,,,,,,,,,,,,,,
CODD_TRAINING_03375,329.jpg,tile,,Construction and Demolition Waste,,,,,,,,,,,,,,,,,,,,,
CODD_TRAINING_03376,332.jpg,brick,,Construction and Demolition Waste,,,,,,,,,,,,,,,,,,,,,
CODD_TRAINING_03377,332.jpg,concrete,,Construction and Demolition Waste,,,,,,,,,,,,,,,,,,,,,
CODD_TRAINING_03378,332.jpg,tile,,Construction and Demolition Waste,,,,,,,,,,,,,,,,,,,,,
CODD_TRAINING_03379,332.jpg,brick,,Construction and Demolition Waste,,,,,,,,,,,,,,,,,,,,,
CODD_TRAINING_03380,332.jpg,concrete,,Construction and Demolition Waste,,,,,,,,,,,,,,,,,,,,,
CODD_TRAINING_03381,332.jpg,tile,,Construction and Demolition Waste,,,,,,,,,,,,,,,,,,,,,
CODD_TRAINING_03382,332.jpg,brick,,Construction and Demolition Waste,,,,,,,,,,,,,,,,,,,,,
CODD_TRAINING_03383,332.jpg,concrete,,Construction and Demolition Waste,,,,,,,,,,,,,,,,,,,,,
CODD_TRAINING_03384,332.jpg,tile,,Construction and Demolition Waste,,,,,,,,,,,,,,,,,,,,,
CODD_TRAINING_03385,332.jpg,brick,,Construction and Demolition Waste,,,,,,,,,,,,,,,,,,,,,
CODD_TRAINING_03386,332.jpg,concrete,,Construction and Demolition Waste,,,,,,,,,,,,,,,,,,,,,
CODD_TRAINING_03387,332.jpg,tile,,Construction and Demolition Waste,,,,,,,,,,,,,,,,,,,,,
CODD_TRAINING_03388,334.jpg,brick,,Construction and Demolition Waste,,,,,,,,,,,,,,,,,,,,,
CODD_TRAINING_03389,334.jpg,concrete,,Construction and Demolition Waste,,,,,,,,,,,,,,,,,,,,,
CODD_TRAINING_03390,334.jpg,tile,,Construction and Demolition Waste,,,,,,,,,,,,,,,,,,,,,
CODD_TRAINING_03391,334.jpg,brick,,Construction and Demolition Waste,,,,,,,,,,,,,,,,,,,,,
CODD_TRAINING_03392,334.jpg,concrete,,Construction and Demolition Waste,,,,,,,,,,,,,,,,,,,,,
CODD_TRAINING_03393,334.jpg,tile,,Construction and Demolition Waste,,,,,,,,,,,,,,,,,,,,,
CODD_TRAINING_03394,334.jpg,brick,,Construction and Demolition Waste,,,,,,,,,,,,,,,,,,,,,
CODD_TRAINING_03395,334.jpg,concrete,,Construction and Demolition Waste,,,,,,,,,,,,,,,,,,,,,
CODD_TRAINING_03396,334.jpg,tile,,Construction and Demolition Waste,,,,,,,,,,,,,,,,,,,,,
CODD_TRAINING_03397,334.jpg,brick,,Construction and Demolition Waste,,,,,,,,,,,,,,,,,,,,,
CODD_TRAINING_03398,334.jpg,concrete,,Construction and Demolition Waste,,,,,,,,,,,,,,,,,,,,,
CODD_TRAINING_03399,334.jpg,tile,,Construction and Demolition Waste,,,,,,,,,,,,,,,,,,,,,
CODD_TRAINING_03400,337.jpg,brick,,Construction and Demolition Waste,,,,,,,,,,,,,,,,,,,,,
CODD_TRAINING_03401,337.jpg,concrete,,Construction and Demolition Waste,,,,,,,,,,,,,,,,,,,,,
CODD_TRAINING_03402,337.jpg,tile,,Construction and Demolition Waste,,,,,,,,,,,,,,,,,,,,,
CODD_TRAINING_03403,337.jpg,brick,,Construction and Demolition Waste,,,,,,,,,,,,,,,,,,,,,
CODD_TRAINING_03404,337.jpg,concrete,,Construction and Demolition Waste,,,,,,,,,,,,,,,,,,,,,
CODD_TRAINING_03405,337.jpg,tile,,Construction and Demolition Waste,,,,,,,,,,,,,,,,,,,,,
CODD_TRAINING_03406,337.jpg,brick,,Construction and Demolition Waste,,,,,,,,,,,,,,,,,,,,,
CODD_TRAINING_03407,337.jpg,concrete,,Construction and Demolition Waste,,,,,,,,,,,,,,,,,,,,,
CODD_TRAINING_03408,337.jpg,tile,,Construction and Demolition Waste,,,,,,,,,,,,,,,,,,,,,
CODD_TRAINING_03409,337.jpg,brick,,Construction and Demolition Waste,,,,,,,,,,,,,,,,,,,,,
CODD_TRAINING_03410,337.jpg,concrete,,Construction and Demolition Waste,,,,,,,,,,,,,,,,,,,,,
CODD_TRAINING_03411,337.jpg,tile,,Construction and Demolition Waste,,,,,,,,,,,,,,,,,,,,,
CODD_TRAINING_03412,339.jpg,brick,,Construction and Demolition Waste,,,,,,,,,,,,,,,,,,,,,
CODD_TRAINING_03413,339.jpg,concrete,,Construction and Demolition Waste,,,,,,,,,,,,,,,,,,,,,
CODD_TRAINING_03414,339.jpg,tile,,Construction and Demolition Waste,,,,,,,,,,,,,,,,,,,,,
CODD_TRAINING_03415,339.jpg,brick,,Construction and Demolition Waste,,,,,,,,,,,,,,,,,,,,,
CODD_TRAINING_03416,339.jpg,concrete,,Construction and Demolition Waste,,,,,,,,,,,,,,,,,,,,,
CODD_TRAINING_03417,339.jpg,tile,,Construction and Demolition Waste,,,,,,,,,,,,,,,,,,,,,
CODD_TRAINING_03418,339.jpg,brick,,Construction and Demolition Waste,,,,,,,,,,,,,,,,,,,,,
CODD_TRAINING_03419,339.jpg,concrete,,Construction and Demolition Waste,,,,,,,,,,,,,,,,,,,,,
CODD_TRAINING_03420,339.jpg,tile,,Construction and Demolition Waste,,,,,,,,,,,,,,,,,,,,,
CODD_TRAINING_03421,339.jpg,brick,,Construction and Demolition Waste,,,,,,,,,,,,,,,,,,,,,
CODD_TRAINING_03422,339.jpg,concrete,,Construction and Demolition Waste,,,,,,,,,,,,,,,,,,,,,
CODD_TRAINING_03423,339.jpg,tile,,Construction and Demolition Waste,,,,,,,,,,,,,,,,,,,,,
CODD_TRAINING_03424,34.jpg,brick,,Construction and Demolition Waste,,,,,,,,,,,,,,,,,,,,,
CODD_TRAINING_03425,34.jpg,concrete,,Construction and Demolition Waste,,,,,,,,,,,,,,,,,,,,,
CODD_TRAINING_03426,34.jpg,tile,,Construction and Demolition Waste,,,,,,,,,,,,,,,,,,,,,
CODD_TRAINING_03427,34.jpg,brick,,Construction and Demolition Waste,,,,,,,,,,,,,,,,,,,,,
CODD_TRAINING_03428,34.jpg,concrete,,Construction and Demolition Waste,,,,,,,,,,,,,,,,,,,,,
CODD_TRAINING_03429,34.jpg,tile,,Construction and Demolition Waste,,,,,,,,,,,,,,,,,,,,,
CODD_TRAINING_03430,34.jpg,brick,,Construction and Demolition Waste,,,,,,,,,,,,,,,,,,,,,
CODD_TRAINING_03431,34.jpg,concrete,,Construction and Demolition Waste,,,,,,,,,,,,,,,,,,,,,
CODD_TRAINING_03432,34.jpg,tile,,Construction and Demolition Waste,,,,,,,,,,,,,,,,,,,,,
CODD_TRAINING_03433,34.jpg,brick,,Construction and Demolition Waste,,,,,,,,,,,,,,,,,,,,,
CODD_TRAINING_03434,34.jpg,concrete,,Construction and Demolition Waste,,,,,,,,,,,,,,,,,,,,,
CODD_TRAINING_03435,34.jpg,tile,,Construction and Demolition Waste,,,,,,,,,,,,,,,,,,,,,
CODD_TRAINING_03436,340.jpg,brick,,Construction and Demolition Waste,,,,,,,,,,,,,,,,,,,,,
CODD_TRAINING_03437,340.jpg,concrete,,Construction and Demolition Waste,,,,,,,,,,,,,,,,,,,,,
CODD_TRAINING_03438,340.jpg,tile,,Construction and Demolition Waste,,,,,,,,,,,,,,,,,,,,,
CODD_TRAINING_03439,340.jpg,brick,,Construction and Demolition Waste,,,,,,,,,,,,,,,,,,,,,
CODD_TRAINING_03440,340.jpg,concrete,,Construction and Demolition Waste,,,,,,,,,,,,,,,,,,,,,
CODD_TRAINING_03441,340.jpg,tile,,Construction and Demolition Waste,,,,,,,,,,,,,,,,,,,,,
CODD_TRAINING_03442,340.jpg,brick,,Construction and Demolition Waste,,,,,,,,,,,,,,,,,,,,,
CODD_TRAINING_03443,340.jpg,concrete,,Construction and Demolition Waste,,,,,,,,,,,,,,,,,,,,,
CODD_TRAINING_03444,340.jpg,tile,,Construction and Demolition Waste,,,,,,,,,,,,,,,,,,,,,
CODD_TRAINING_03445,340.jpg,brick,,Construction and Demolition Waste,,,,,,,,,,,,,,,,,,,,,
CODD_TRAINING_03446,340.jpg,concrete,,Construction and Demolition Waste,,,,,,,,,,,,,,,,,,,,,
CODD_TRAINING_03447,340.jpg,tile,,Construction and Demolition Waste,,,,,,,,,,,,,,,,,,,,,
CODD_TRAINING_03448,341.jpg,brick,,Construction and Demolition Waste,,,,,,,,,,,,,,,,,,,,,
CODD_TRAINING_03449,341.jpg,concrete,,Construction and Demolition Waste,,,,,,,,,,,,,,,,,,,,,
CODD_TRAINING_03450,341.jpg,tile,,Construction and Demolition Waste,,,,,,,,,,,,,,,,,,,,,
CODD_TRAINING_03451,341.jpg,brick,,Construction and Demolition Waste,,,,,,,,,,,,,,,,,,,,,
CODD_TRAINING_03452,341.jpg,concrete,,Construction and Demolition Waste,,,,,,,,,,,,,,,,,,,,,
CODD_TRAINING_03453,341.jpg,tile,,Construction and Demolition Waste,,,,,,,,,,,,,,,,,,,,,
CODD_TRAINING_03454,341.jpg,brick,,Construction and Demolition Waste,,,,,,,,,,,,,,,,,,,,,
CODD_TRAINING_03455,341.jpg,concrete,,Construction and Demolition Waste,,,,,,,,,,,,,,,,,,,,,
CODD_TRAINING_03456,341.jpg,tile,,Construction and Demolition Waste,,,,,,,,,,,,,,,,,,,,,
CODD_TRAINING_03457,341.jpg,brick,,Construction and Demolition Waste,,,,,,,,,,,,,,,,,,,,,
CODD_TRAINING_03458,341.jpg,concrete,,Construction and Demolition Waste,,,,,,,,,,,,,,,,,,,,,
CODD_TRAINING_03459,341.jpg,tile,,Construction and Demolition Waste,,,,,,,,,,,,,,,,,,,,,
CODD_TRAINING_03460,343.jpg,brick,,Construction and Demolition Waste,,,,,,,,,,,,,,,,,,,,,
CODD_TRAINING_03461,343.jpg,concrete,,Construction and Demolition Waste,,,,,,,,,,,,,,,,,,,,,
CODD_TRAINING_03462,343.jpg,tile,,Construction and Demolition Waste,,,,,,,,,,,,,,,,,,,,,
CODD_TRAINING_03463,343.jpg,brick,,Construction and Demolition Waste,,,,,,,,,,,,,,,,,,,,,
CODD_TRAINING_03464,343.jpg,concrete,,Construction and Demolition Waste,,,,,,,,,,,,,,,,,,,,,
CODD_TRAINING_03465,343.jpg,tile,,Construction and Demolition Waste,,,,,,,,,,,,,,,,,,,,,
CODD_TRAINING_03466,343.jpg,brick,,Construction and Demolition Waste,,,,,,,,,,,,,,,,,,,,,
CODD_TRAINING_03467,343.jpg,concrete,,Construction and Demolition Waste,,,,,,,,,,,,,,,,,,,,,
CODD_TRAINING_03468,343.jpg,tile,,Construction and Demolition Waste,,,,,,,,,,,,,,,,,,,,,
CODD_TRAINING_03469,343.jpg,brick,,Construction and Demolition Waste,,,,,,,,,,,,,,,,,,,,,
CODD_TRAINING_03470,343.jpg,concrete,,Construction and Demolition Waste,,,,,,,,,,,,,,,,,,,,,
CODD_TRAINING_03471,343.jpg,tile,,Construction and Demolition Waste,,,,,,,,,,,,,,,,,,,,,
CODD_TRAINING_03472,347.jpg,brick,,Construction and Demolition Waste,,,,,,,,,,,,,,,,,,,,,
CODD_TRAINING_03473,347.jpg,concrete,,Construction and Demolition Waste,,,,,,,,,,,,,,,,,,,,,
CODD_TRAINING_03474,347.jpg,tile,,Construction and Demolition Waste,,,,,,,,,,,,,,,,,,,,,
CODD_TRAINING_03475,347.jpg,brick,,Construction and Demolition Waste,,,,,,,,,,,,,,,,,,,,,
CODD_TRAINING_03476,347.jpg,concrete,,Construction and Demolition Waste,,,,,,,,,,,,,,,,,,,,,
CODD_TRAINING_03477,347.jpg,tile,,Construction and Demolition Waste,,,,,,,,,,,,,,,,,,,,,
CODD_TRAINING_03478,347.jpg,brick,,Construction and Demolition Waste,,,,,,,,,,,,,,,,,,,,,
CODD_TRAINING_03479,347.jpg,concrete,,Construction and Demolition Waste,,,,,,,,,,,,,,,,,,,,,
CODD_TRAINING_03480,347.jpg,tile,,Construction and Demolition Waste,,,,,,,,,,,,,,,,,,,,,
CODD_TRAINING_03481,347.jpg,brick,,Construction and Demolition Waste,,,,,,,,,,,,,,,,,,,,,
CODD_TRAINING_03482,347.jpg,concrete,,Construction and Demolition Waste,,,,,,,,,,,,,,,,,,,,,
CODD_TRAINING_03483,347.jpg,tile,,Construction and Demolition Waste,,,,,,,,,,,,,,,,,,,,,
CODD_TRAINING_03484,348.jpg,brick,,Construction and Demolition Waste,,,,,,,,,,,,,,,,,,,,,
CODD_TRAINING_03485,348.jpg,concrete,,Construction and Demolition Waste,,,,,,,,,,,,,,,,,,,,,
CODD_TRAINING_03486,348.jpg,tile,,Construction and Demolition Waste,,,,,,,,,,,,,,,,,,,,,
CODD_TRAINING_03487,348.jpg,brick,,Construction and Demolition Waste,,,,,,,,,,,,,,,,,,,,,
CODD_TRAINING_03488,348.jpg,concrete,,Construction and Demolition Waste,,,,,,,,,,,,,,,,,,,,,
CODD_TRAINING_03489,348.jpg,tile,,Construction and Demolition Waste,,,,,,,,,,,,,,,,,,,,,
CODD_TRAINING_03490,348.jpg,brick,,Construction and Demolition Waste,,,,,,,,,,,,,,,,,,,,,
CODD_TRAINING_03491,348.jpg,concrete,,Construction and Demolition Waste,,,,,,,,,,,,,,,,,,,,,
CODD_TRAINING_03492,348.jpg,tile,,Construction and Demolition Waste,,,,,,,,,,,,,,,,,,,,,
CODD_TRAINING_03493,348.jpg,brick,,Construction and Demolition Waste,,,,,,,,,,,,,,,,,,,,,
CODD_TRAINING_03494,348.jpg,concrete,,Construction and Demolition Waste,,,,,,,,,,,,,,,,,,,,,
CODD_TRAINING_03495,348.jpg,tile,,Construction and Demolition Waste,,,,,,,,,,,,,,,,,,,,,
CODD_TRAINING_03496,349.jpg,brick,,Construction and Demolition Waste,,,,,,,,,,,,,,,,,,,,,
CODD_TRAINING_03497,349.jpg,concrete,,Construction and Demolition Waste,,,,,,,,,,,,,,,,,,,,,
CODD_TRAINING_03498,349.jpg,tile,,Construction and Demolition Waste,,,,,,,,,,,,,,,,,,,,,
CODD_TRAINING_03499,349.jpg,brick,,Construction and Demolition Waste,,,,,,,,,,,,,,,,,,,,,
CODD_TRAINING_03500,349.jpg,concrete,,Construction and Demolition Waste,,,,,,,,,,,,,,,,,,,,,
CODD_TRAINING_03501,349.jpg,tile,,Construction and Demolition Waste,,,,,,,,,,,,,,,,,,,,,
CODD_TRAINING_03502,349.jpg,brick,,Construction and Demolition Waste,,,,,,,,,,,,,,,,,,,,,
CODD_TRAINING_03503,349.jpg,concrete,,Construction and Demolition Waste,,,,,,,,,,,,,,,,,,,,,
CODD_TRAINING_03504,349.jpg,tile,,Construction and Demolition Waste,,,,,,,,,,,,,,,,,,,,,
CODD_TRAINING_03505,349.jpg,brick,,Construction and Demolition Waste,,,,,,,,,,,,,,,,,,,,,
CODD_TRAINING_03506,349.jpg,concrete,,Construction and Demolition Waste,,,,,,,,,,,,,,,,,,,,,
CODD_TRAINING_03507,349.jpg,tile,,Construction and Demolition Waste,,,,,,,,,,,,,,,,,,,,,
CODD_TRAINING_03508,35.jpg,tile,,Construction and Demolition Waste,,,,,,,,,,,,,,,,,,,,,
CODD_TRAINING_03509,35.jpg,brick,,Construction and Demolition Waste,,,,,,,,,,,,,,,,,,,,,
CODD_TRAINING_03510,35.jpg,concrete,,Construction and Demolition Waste,,,,,,,,,,,,,,,,,,,,,
CODD_TRAINING_03511,35.jpg,tile,,Construction and Demolition Waste,,,,,,,,,,,,,,,,,,,,,
CODD_TRAINING_03512,35.jpg,brick,,Construction and Demolition Waste,,,,,,,,,,,,,,,,,,,,,
CODD_TRAINING_03513,35.jpg,brick,,Construction and Demolition Waste,,,,,,,,,,,,,,,,,,,,,
CODD_TRAINING_03514,35.jpg,brick,,Construction and Demolition Waste,,,,,,,,,,,,,,,,,,,,,
CODD_TRAINING_03515,35.jpg,tile,,Construction and Demolition Waste,,,,,,,,,,,,,,,,,,,,,
CODD_TRAINING_03516,35.jpg,concrete,,Construction and Demolition Waste,,,,,,,,,,,,,,,,,,,,,
CODD_TRAINING_03517,35.jpg,concrete,,Construction and Demolition Waste,,,,,,,,,,,,,,,,,,,,,
CODD_TRAINING_03518,35.jpg,tile,,Construction and Demolition Waste,,,,,,,,,,,,,,,,,,,,,
CODD_TRAINING_03519,35.jpg,concrete,,Construction and Demolition Waste,,,,,,,,,,,,,,,,,,,,,
CODD_TRAINING_03520,351.jpg,brick,,Construction and Demolition Waste,,,,,,,,,,,,,,,,,,,,,
CODD_TRAINING_03521,351.jpg,concrete,,Construction and Demolition Waste,,,,,,,,,,,,,,,,,,,,,
CODD_TRAINING_03522,351.jpg,tile,,Construction and Demolition Waste,,,,,,,,,,,,,,,,,,,,,
CODD_TRAINING_03523,351.jpg,brick,,Construction and Demolition Waste,,,,,,,,,,,,,,,,,,,,,
CODD_TRAINING_03524,351.jpg,concrete,,Construction and Demolition Waste,,,,,,,,,,,,,,,,,,,,,
CODD_TRAINING_03525,351.jpg,tile,,Construction and Demolition Waste,,,,,,,,,,,,,,,,,,,,,
CODD_TRAINING_03526,351.jpg,brick,,Construction and Demolition Waste,,,,,,,,,,,,,,,,,,,,,
CODD_TRAINING_03527,351.jpg,concrete,,Construction and Demolition Waste,,,,,,,,,,,,,,,,,,,,,
CODD_TRAINING_03528,351.jpg,tile,,Construction and Demolition Waste,,,,,,,,,,,,,,,,,,,,,
CODD_TRAINING_03529,351.jpg,brick,,Construction and Demolition Waste,,,,,,,,,,,,,,,,,,,,,
CODD_TRAINING_03530,351.jpg,concrete,,Construction and Demolition Waste,,,,,,,,,,,,,,,,,,,,,
CODD_TRAINING_03531,351.jpg,tile,,Construction and Demolition Waste,,,,,,,,,,,,,,,,,,,,,
CODD_TRAINING_03532,352.jpg,brick,,Construction and Demolition Waste,,,,,,,,,,,,,,,,,,,,,
CODD_TRAINING_03533,352.jpg,concrete,,Construction and Demolition Waste,,,,,,,,,,,,,,,,,,,,,
CODD_TRAINING_03534,352.jpg,tile,,Construction and Demolition Waste,,,,,,,,,,,,,,,,,,,,,
CODD_TRAINING_03535,352.jpg,brick,,Construction and Demolition Waste,,,,,,,,,,,,,,,,,,,,,
CODD_TRAINING_03536,352.jpg,concrete,,Construction and Demolition Waste,,,,,,,,,,,,,,,,,,,,,
CODD_TRAINING_03537,352.jpg,tile,,Construction and Demolition Waste,,,,,,,,,,,,,,,,,,,,,
CODD_TRAINING_03538,352.jpg,brick,,Construction and Demolition Waste,,,,,,,,,,,,,,,,,,,,,
CODD_TRAINING_03539,352.jpg,concrete,,Construction and Demolition Waste,,,,,,,,,,,,,,,,,,,,,
CODD_TRAINING_03540,352.jpg,tile,,Construction and Demolition Waste,,,,,,,,,,,,,,,,,,,,,
CODD_TRAINING_03541,352.jpg,brick,,Construction and Demolition Waste,,,,,,,,,,,,,,,,,,,,,
CODD_TRAINING_03542,352.jpg,concrete,,Construction and Demolition Waste,,,,,,,,,,,,,,,,,,,,,
CODD_TRAINING_03543,352.jpg,tile,,Construction and Demolition Waste,,,,,,,,,,,,,,,,,,,,,
CODD_TRAINING_03544,353.jpg,brick,,Construction and Demolition Waste,,,,,,,,,,,,,,,,,,,,,
CODD_TRAINING_03545,353.jpg,concrete,,Construction and Demolition Waste,,,,,,,,,,,,,,,,,,,,,
CODD_TRAINING_03546,353.jpg,tile,,Construction and Demolition Waste,,,,,,,,,,,,,,,,,,,,,
CODD_TRAINING_03547,353.jpg,brick,,Construction and Demolition Waste,,,,,,,,,,,,,,,,,,,,,
CODD_TRAINING_03548,353.jpg,concrete,,Construction and Demolition Waste,,,,,,,,,,,,,,,,,,,,,
CODD_TRAINING_03549,353.jpg,tile,,Construction and Demolition Waste,,,,,,,,,,,,,,,,,,,,,
CODD_TRAINING_03550,353.jpg,brick,,Construction and Demolition Waste,,,,,,,,,,,,,,,,,,,,,
CODD_TRAINING_03551,353.jpg,concrete,,Construction and Demolition Waste,,,,,,,,,,,,,,,,,,,,,
CODD_TRAINING_03552,353.jpg,tile,,Construction and Demolition Waste,,,,,,,,,,,,,,,,,,,,,
CODD_TRAINING_03553,353.jpg,brick,,Construction and Demolition Waste,,,,,,,,,,,,,,,,,,,,,
CODD_TRAINING_03554,353.jpg,concrete,,Construction and Demolition Waste,,,,,,,,,,,,,,,,,,,,,
CODD_TRAINING_03555,353.jpg,tile,,Construction and Demolition Waste,,,,,,,,,,,,,,,,,,,,,
CODD_TRAINING_03556,355.jpg,brick,,Construction and Demolition Waste,,,,,,,,,,,,,,,,,,,,,
CODD_TRAINING_03557,355.jpg,concrete,,Construction and Demolition Waste,,,,,,,,,,,,,,,,,,,,,
CODD_TRAINING_03558,355.jpg,tile,,Construction and Demolition Waste,,,,,,,,,,,,,,,,,,,,,
CODD_TRAINING_03559,355.jpg,brick,,Construction and Demolition Waste,,,,,,,,,,,,,,,,,,,,,
CODD_TRAINING_03560,355.jpg,concrete,,Construction and Demolition Waste,,,,,,,,,,,,,,,,,,,,,
CODD_TRAINING_03561,355.jpg,tile,,Construction and Demolition Waste,,,,,,,,,,,,,,,,,,,,,
CODD_TRAINING_03562,355.jpg,brick,,Construction and Demolition Waste,,,,,,,,,,,,,,,,,,,,,
CODD_TRAINING_03563,355.jpg,concrete,,Construction and Demolition Waste,,,,,,,,,,,,,,,,,,,,,
CODD_TRAINING_03564,355.jpg,tile,,Construction and Demolition Waste,,,,,,,,,,,,,,,,,,,,,
CODD_TRAINING_03565,355.jpg,brick,,Construction and Demolition Waste,,,,,,,,,,,,,,,,,,,,,
CODD_TRAINING_03566,355.jpg,concrete,,Construction and Demolition Waste,,,,,,,,,,,,,,,,,,,,,
CODD_TRAINING_03567,355.jpg,tile,,Construction and Demolition Waste,,,,,,,,,,,,,,,,,,,,,
CODD_TRAINING_03568,358.jpg,brick,,Construction and Demolition Waste,,,,,,,,,,,,,,,,,,,,,
CODD_TRAINING_03569,358.jpg,concrete,,Construction and Demolition Waste,,,,,,,,,,,,,,,,,,,,,
CODD_TRAINING_03570,358.jpg,tile,,Construction and Demolition Waste,,,,,,,,,,,,,,,,,,,,,
CODD_TRAINING_03571,358.jpg,brick,,Construction and Demolition Waste,,,,,,,,,,,,,,,,,,,,,
CODD_TRAINING_03572,358.jpg,concrete,,Construction and Demolition Waste,,,,,,,,,,,,,,,,,,,,,
CODD_TRAINING_03573,358.jpg,tile,,Construction and Demolition Waste,,,,,,,,,,,,,,,,,,,,,
CODD_TRAINING_03574,358.jpg,brick,,Construction and Demolition Waste,,,,,,,,,,,,,,,,,,,,,
CODD_TRAINING_03575,358.jpg,concrete,,Construction and Demolition Waste,,,,,,,,,,,,,,,,,,,,,
CODD_TRAINING_03576,358.jpg,tile,,Construction and Demolition Waste,,,,,,,,,,,,,,,,,,,,,
CODD_TRAINING_03577,358.jpg,brick,,Construction and Demolition Waste,,,,,,,,,,,,,,,,,,,,,
CODD_TRAINING_03578,358.jpg,concrete,,Construction and Demolition Waste,,,,,,,,,,,,,,,,,,,,,
CODD_TRAINING_03579,358.jpg,tile,,Construction and Demolition Waste,,,,,,,,,,,,,,,,,,,,,
CODD_TRAINING_03580,359.jpg,brick,,Construction and Demolition Waste,,,,,,,,,,,,,,,,,,,,,
CODD_TRAINING_03581,359.jpg,concrete,,Construction and Demolition Waste,,,,,,,,,,,,,,,,,,,,,
CODD_TRAINING_03582,359.jpg,tile,,Construction and Demolition Waste,,,,,,,,,,,,,,,,,,,,,
CODD_TRAINING_03583,359.jpg,brick,,Construction and Demolition Waste,,,,,,,,,,,,,,,,,,,,,
CODD_TRAINING_03584,359.jpg,concrete,,Construction and Demolition Waste,,,,,,,,,,,,,,,,,,,,,
CODD_TRAINING_03585,359.jpg,tile,,Construction and Demolition Waste,,,,,,,,,,,,,,,,,,,,,
CODD_TRAINING_03586,359.jpg,brick,,Construction and Demolition Waste,,,,,,,,,,,,,,,,,,,,,
CODD_TRAINING_03587,359.jpg,concrete,,Construction and Demolition Waste,,,,,,,,,,,,,,,,,,,,,
CODD_TRAINING_03588,359.jpg,tile,,Construction and Demolition Waste,,,,,,,,,,,,,,,,,,,,,
CODD_TRAINING_03589,359.jpg,brick,,Construction and Demolition Waste,,,,,,,,,,,,,,,,,,,,,
CODD_TRAINING_03590,359.jpg,concrete,,Construction and Demolition Waste,,,,,,,,,,,,,,,,,,,,,
CODD_TRAINING_03591,36.jpg,brick,,Construction and Demolition Waste,,,,,,,,,,,,,,,,,,,,,
CODD_TRAINING_03592,36.jpg,concrete,,Construction and Demolition Waste,,,,,,,,,,,,,,,,,,,,,
CODD_TRAINING_03593,36.jpg,tile,,Construction and Demolition Waste,,,,,,,,,,,,,,,,,,,,,
CODD_TRAINING_03594,36.jpg,brick,,Construction and Demolition Waste,,,,,,,,,,,,,,,,,,,,,
CODD_TRAINING_03595,36.jpg,concrete,,Construction and Demolition Waste,,,,,,,,,,,,,,,,,,,,,
CODD_TRAINING_03596,36.jpg,tile,,Construction and Demolition Waste,,,,,,,,,,,,,,,,,,,,,
CODD_TRAINING_03597,36.jpg,brick,,Construction and Demolition Waste,,,,,,,,,,,,,,,,,,,,,
CODD_TRAINING_03598,36.jpg,concrete,,Construction and Demolition Waste,,,,,,,,,,,,,,,,,,,,,
CODD_TRAINING_03599,36.jpg,brick,,Construction and Demolition Waste,,,,,,,,,,,,,,,,,,,,,
CODD_TRAINING_03600,36.jpg,concrete,,Construction and Demolition Waste,,,,,,,,,,,,,,,,,,,,,
CODD_TRAINING_03601,36.jpg,tile,,Construction and Demolition Waste,,,,,,,,,,,,,,,,,,,,,
CODD_TRAINING_03602,36.jpg,tile,,Construction and Demolition Waste,,,,,,,,,,,,,,,,,,,,,
CODD_TRAINING_03603,360.jpg,concrete,,Construction and Demolition Waste,,,,,,,,,,,,,,,,,,,,,
CODD_TRAINING_03604,360.jpg,concrete,,Construction and Demolition Waste,,,,,,,,,,,,,,,,,,,,,
CODD_TRAINING_03605,360.jpg,concrete,,Construction and Demolition Waste,,,,,,,,,,,,,,,,,,,,,
CODD_TRAINING_03606,360.jpg,concrete,,Construction and Demolition Waste,,,,,,,,,,,,,,,,,,,,,
CODD_TRAINING_03607,360.jpg,concrete,,Construction and Demolition Waste,,,,,,,,,,,,,,,,,,,,,
CODD_TRAINING_03608,360.jpg,concrete,,Construction and Demolition Waste,,,,,,,,,,,,,,,,,,,,,
CODD_TRAINING_03609,360.jpg,concrete,,Construction and Demolition Waste,,,,,,,,,,,,,,,,,,,,,
CODD_TRAINING_03610,360.jpg,concrete,,Construction and Demolition Waste,,,,,,,,,,,,,,,,,,,,,
CODD_TRAINING_03611,360.jpg,concrete,,Construction and Demolition Waste,,,,,,,,,,,,,,,,,,,,,
CODD_TRAINING_03612,360.jpg,concrete,,Construction and Demolition Waste,,,,,,,,,,,,,,,,,,,,,
CODD_TRAINING_03613,361.jpg,brick,,Construction and Demolition Waste,,,,,,,,,,,,,,,,,,,,,
CODD_TRAINING_03614,361.jpg,tile,,Construction and Demolition Waste,,,,,,,,,,,,,,,,,,,,,
CODD_TRAINING_03615,361.jpg,brick,,Construction and Demolition Waste,,,,,,,,,,,,,,,,,,,,,
CODD_TRAINING_03616,361.jpg,tile,,Construction and Demolition Waste,,,,,,,,,,,,,,,,,,,,,
CODD_TRAINING_03617,361.jpg,brick,,Construction and Demolition Waste,,,,,,,,,,,,,,,,,,,,,
CODD_TRAINING_03618,361.jpg,tile,,Construction and Demolition Waste,,,,,,,,,,,,,,,,,,,,,
CODD_TRAINING_03619,361.jpg,brick,,Construction and Demolition Waste,,,,,,,,,,,,,,,,,,,,,
CODD_TRAINING_03620,361.jpg,tile,,Construction and Demolition Waste,,,,,,,,,,,,,,,,,,,,,
CODD_TRAINING_03621,361.jpg,brick,,Construction and Demolition Waste,,,,,,,,,,,,,,,,,,,,,
CODD_TRAINING_03622,361.jpg,tile,,Construction and Demolition Waste,,,,,,,,,,,,,,,,,,,,,
CODD_TRAINING_03623,362.jpg,brick,,Construction and Demolition Waste,,,,,,,,,,,,,,,,,,,,,
CODD_TRAINING_03624,362.jpg,concrete,,Construction and Demolition Waste,,,,,,,,,,,,,,,,,,,,,
CODD_TRAINING_03625,362.jpg,tile,,Construction and Demolition Waste,,,,,,,,,,,,,,,,,,,,,
CODD_TRAINING_03626,362.jpg,brick,,Construction and Demolition Waste,,,,,,,,,,,,,,,,,,,,,
CODD_TRAINING_03627,362.jpg,concrete,,Construction and Demolition Waste,,,,,,,,,,,,,,,,,,,,,
CODD_TRAINING_03628,362.jpg,tile,,Construction and Demolition Waste,,,,,,,,,,,,,,,,,,,,,
CODD_TRAINING_03629,362.jpg,brick,,Construction and Demolition Waste,,,,,,,,,,,,,,,,,,,,,
CODD_TRAINING_03630,362.jpg,concrete,,Construction and Demolition Waste,,,,,,,,,,,,,,,,,,,,,
CODD_TRAINING_03631,362.jpg,tile,,Construction and Demolition Waste,,,,,,,,,,,,,,,,,,,,,
CODD_TRAINING_03632,362.jpg,brick,,Construction and Demolition Waste,,,,,,,,,,,,,,,,,,,,,
CODD_TRAINING_03633,362.jpg,concrete,,Construction and Demolition Waste,,,,,,,,,,,,,,,,,,,,,
CODD_TRAINING_03634,362.jpg,tile,,Construction and Demolition Waste,,,,,,,,,,,,,,,,,,,,,
CODD_TRAINING_03635,366.jpg,brick,,Construction and Demolition Waste,,,,,,,,,,,,,,,,,,,,,
CODD_TRAINING_03636,366.jpg,concrete,,Construction and Demolition Waste,,,,,,,,,,,,,,,,,,,,,
CODD_TRAINING_03637,366.jpg,tile,,Construction and Demolition Waste,,,,,,,,,,,,,,,,,,,,,
CODD_TRAINING_03638,366.jpg,brick,,Construction and Demolition Waste,,,,,,,,,,,,,,,,,,,,,
CODD_TRAINING_03639,366.jpg,concrete,,Construction and Demolition Waste,,,,,,,,,,,,,,,,,,,,,
CODD_TRAINING_03640,366.jpg,tile,,Construction and Demolition Waste,,,,,,,,,,,,,,,,,,,,,
CODD_TRAINING_03641,366.jpg,brick,,Construction and Demolition Waste,,,,,,,,,,,,,,,,,,,,,
CODD_TRAINING_03642,366.jpg,concrete,,Construction and Demolition Waste,,,,,,,,,,,,,,,,,,,,,
CODD_TRAINING_03643,366.jpg,tile,,Construction and Demolition Waste,,,,,,,,,,,,,,,,,,,,,
CODD_TRAINING_03644,366.jpg,brick,,Construction and Demolition Waste,,,,,,,,,,,,,,,,,,,,,
CODD_TRAINING_03645,366.jpg,concrete,,Construction and Demolition Waste,,,,,,,,,,,,,,,,,,,,,
CODD_TRAINING_03646,366.jpg,tile,,Construction and Demolition Waste,,,,,,,,,,,,,,,,,,,,,
CODD_TRAINING_03647,367.jpg,brick,,Construction and Demolition Waste,,,,,,,,,,,,,,,,,,,,,
CODD_TRAINING_03648,367.jpg,concrete,,Construction and Demolition Waste,,,,,,,,,,,,,,,,,,,,,
CODD_TRAINING_03649,367.jpg,tile,,Construction and Demolition Waste,,,,,,,,,,,,,,,,,,,,,
CODD_TRAINING_03650,367.jpg,brick,,Construction and Demolition Waste,,,,,,,,,,,,,,,,,,,,,
CODD_TRAINING_03651,367.jpg,concrete,,Construction and Demolition Waste,,,,,,,,,,,,,,,,,,,,,
CODD_TRAINING_03652,367.jpg,tile,,Construction and Demolition Waste,,,,,,,,,,,,,,,,,,,,,
CODD_TRAINING_03653,367.jpg,brick,,Construction and Demolition Waste,,,,,,,,,,,,,,,,,,,,,
CODD_TRAINING_03654,367.jpg,concrete,,Construction and Demolition Waste,,,,,,,,,,,,,,,,,,,,,
CODD_TRAINING_03655,367.jpg,tile,,Construction and Demolition Waste,,,,,,,,,,,,,,,,,,,,,
CODD_TRAINING_03656,367.jpg,brick,,Construction and Demolition Waste,,,,,,,,,,,,,,,,,,,,,
CODD_TRAINING_03657,367.jpg,concrete,,Construction and Demolition Waste,,,,,,,,,,,,,,,,,,,,,
CODD_TRAINING_03658,367.jpg,tile,,Construction and Demolition Waste,,,,,,,,,,,,,,,,,,,,,
CODD_TRAINING_03659,368.jpg,brick,,Construction and Demolition Waste,,,,,,,,,,,,,,,,,,,,,
CODD_TRAINING_03660,368.jpg,concrete,,Construction and Demolition Waste,,,,,,,,,,,,,,,,,,,,,
CODD_TRAINING_03661,368.jpg,tile,,Construction and Demolition Waste,,,,,,,,,,,,,,,,,,,,,
CODD_TRAINING_03662,368.jpg,brick,,Construction and Demolition Waste,,,,,,,,,,,,,,,,,,,,,
CODD_TRAINING_03663,368.jpg,concrete,,Construction and Demolition Waste,,,,,,,,,,,,,,,,,,,,,
CODD_TRAINING_03664,368.jpg,tile,,Construction and Demolition Waste,,,,,,,,,,,,,,,,,,,,,
CODD_TRAINING_03665,368.jpg,brick,,Construction and Demolition Waste,,,,,,,,,,,,,,,,,,,,,
CODD_TRAINING_03666,368.jpg,concrete,,Construction and Demolition Waste,,,,,,,,,,,,,,,,,,,,,
CODD_TRAINING_03667,368.jpg,tile,,Construction and Demolition Waste,,,,,,,,,,,,,,,,,,,,,
CODD_TRAINING_03668,368.jpg,brick,,Construction and Demolition Waste,,,,,,,,,,,,,,,,,,,,,
CODD_TRAINING_03669,368.jpg,concrete,,Construction and Demolition Waste,,,,,,,,,,,,,,,,,,,,,
CODD_TRAINING_03670,368.jpg,tile,,Construction and Demolition Waste,,,,,,,,,,,,,,,,,,,,,
CODD_TRAINING_03671,368.jpg,tile,,Construction and Demolition Waste,,,,,,,,,,,,,,,,,,,,,
CODD_TRAINING_03672,37.jpg,brick,,Construction and Demolition Waste,,,,,,,,,,,,,,,,,,,,,
CODD_TRAINING_03673,37.jpg,concrete,,Construction and Demolition Waste,,,,,,,,,,,,,,,,,,,,,
CODD_TRAINING_03674,37.jpg,tile,,Construction and Demolition Waste,,,,,,,,,,,,,,,,,,,,,
CODD_TRAINING_03675,37.jpg,brick,,Construction and Demolition Waste,,,,,,,,,,,,,,,,,,,,,
CODD_TRAINING_03676,37.jpg,concrete,,Construction and Demolition Waste,,,,,,,,,,,,,,,,,,,,,
CODD_TRAINING_03677,37.jpg,tile,,Construction and Demolition Waste,,,,,,,,,,,,,,,,,,,,,
CODD_TRAINING_03678,37.jpg,brick,,Construction and Demolition Waste,,,,,,,,,,,,,,,,,,,,,
CODD_TRAINING_03679,37.jpg,concrete,,Construction and Demolition Waste,,,,,,,,,,,,,,,,,,,,,
CODD_TRAINING_03680,37.jpg,tile,,Construction and Demolition Waste,,,,,,,,,,,,,,,,,,,,,
CODD_TRAINING_03681,37.jpg,brick,,Construction and Demolition Waste,,,,,,,,,,,,,,,,,,,,,
CODD_TRAINING_03682,37.jpg,concrete,,Construction and Demolition Waste,,,,,,,,,,,,,,,,,,,,,
CODD_TRAINING_03683,37.jpg,tile,,Construction and Demolition Waste,,,,,,,,,,,,,,,,,,,,,
CODD_TRAINING_03684,370.jpg,brick,,Construction and Demolition Waste,,,,,,,,,,,,,,,,,,,,,
CODD_TRAINING_03685,370.jpg,concrete,,Construction and Demolition Waste,,,,,,,,,,,,,,,,,,,,,
CODD_TRAINING_03686,370.jpg,tile,,Construction and Demolition Waste,,,,,,,,,,,,,,,,,,,,,
CODD_TRAINING_03687,370.jpg,brick,,Construction and Demolition Waste,,,,,,,,,,,,,,,,,,,,,
CODD_TRAINING_03688,370.jpg,concrete,,Construction and Demolition Waste,,,,,,,,,,,,,,,,,,,,,
CODD_TRAINING_03689,370.jpg,tile,,Construction and Demolition Waste,,,,,,,,,,,,,,,,,,,,,
CODD_TRAINING_03690,370.jpg,brick,,Construction and Demolition Waste,,,,,,,,,,,,,,,,,,,,,
CODD_TRAINING_03691,370.jpg,concrete,,Construction and Demolition Waste,,,,,,,,,,,,,,,,,,,,,
CODD_TRAINING_03692,370.jpg,tile,,Construction and Demolition Waste,,,,,,,,,,,,,,,,,,,,,
CODD_TRAINING_03693,370.jpg,brick,,Construction and Demolition Waste,,,,,,,,,,,,,,,,,,,,,
CODD_TRAINING_03694,370.jpg,tile,,Construction and Demolition Waste,,,,,,,,,,,,,,,,,,,,,
CODD_TRAINING_03695,371.jpg,brick,,Construction and Demolition Waste,,,,,,,,,,,,,,,,,,,,,
CODD_TRAINING_03696,371.jpg,concrete,,Construction and Demolition Waste,,,,,,,,,,,,,,,,,,,,,
CODD_TRAINING_03697,371.jpg,tile,,Construction and Demolition Waste,,,,,,,,,,,,,,,,,,,,,
CODD_TRAINING_03698,371.jpg,brick,,Construction and Demolition Waste,,,,,,,,,,,,,,,,,,,,,
CODD_TRAINING_03699,371.jpg,concrete,,Construction and Demolition Waste,,,,,,,,,,,,,,,,,,,,,
CODD_TRAINING_03700,371.jpg,tile,,Construction and Demolition Waste,,,,,,,,,,,,,,,,,,,,,
CODD_TRAINING_03701,371.jpg,brick,,Construction and Demolition Waste,,,,,,,,,,,,,,,,,,,,,
CODD_TRAINING_03702,371.jpg,concrete,,Construction and Demolition Waste,,,,,,,,,,,,,,,,,,,,,
CODD_TRAINING_03703,371.jpg,tile,,Construction and Demolition Waste,,,,,,,,,,,,,,,,,,,,,
CODD_TRAINING_03704,371.jpg,brick,,Construction and Demolition Waste,,,,,,,,,,,,,,,,,,,,,
CODD_TRAINING_03705,371.jpg,concrete,,Construction and Demolition Waste,,,,,,,,,,,,,,,,,,,,,
CODD_TRAINING_03706,371.jpg,tile,,Construction and Demolition Waste,,,,,,,,,,,,,,,,,,,,,
CODD_TRAINING_03707,373.jpg,brick,,Construction and Demolition Waste,,,,,,,,,,,,,,,,,,,,,
CODD_TRAINING_03708,373.jpg,concrete,,Construction and Demolition Waste,,,,,,,,,,,,,,,,,,,,,
CODD_TRAINING_03709,373.jpg,tile,,Construction and Demolition Waste,,,,,,,,,,,,,,,,,,,,,
CODD_TRAINING_03710,373.jpg,brick,,Construction and Demolition Waste,,,,,,,,,,,,,,,,,,,,,
CODD_TRAINING_03711,373.jpg,concrete,,Construction and Demolition Waste,,,,,,,,,,,,,,,,,,,,,
CODD_TRAINING_03712,373.jpg,tile,,Construction and Demolition Waste,,,,,,,,,,,,,,,,,,,,,
CODD_TRAINING_03713,373.jpg,brick,,Construction and Demolition Waste,,,,,,,,,,,,,,,,,,,,,
CODD_TRAINING_03714,373.jpg,concrete,,Construction and Demolition Waste,,,,,,,,,,,,,,,,,,,,,
CODD_TRAINING_03715,373.jpg,tile,,Construction and Demolition Waste,,,,,,,,,,,,,,,,,,,,,
CODD_TRAINING_03716,373.jpg,brick,,Construction and Demolition Waste,,,,,,,,,,,,,,,,,,,,,
CODD_TRAINING_03717,373.jpg,concrete,,Construction and Demolition Waste,,,,,,,,,,,,,,,,,,,,,
CODD_TRAINING_03718,373.jpg,tile,,Construction and Demolition Waste,,,,,,,,,,,,,,,,,,,,,
CODD_TRAINING_03719,374.jpg,brick,,Construction and Demolition Waste,,,,,,,,,,,,,,,,,,,,,
CODD_TRAINING_03720,374.jpg,concrete,,Construction and Demolition Waste,,,,,,,,,,,,,,,,,,,,,
CODD_TRAINING_03721,374.jpg,tile,,Construction and Demolition Waste,,,,,,,,,,,,,,,,,,,,,
CODD_TRAINING_03722,374.jpg,brick,,Construction and Demolition Waste,,,,,,,,,,,,,,,,,,,,,
CODD_TRAINING_03723,374.jpg,concrete,,Construction and Demolition Waste,,,,,,,,,,,,,,,,,,,,,
CODD_TRAINING_03724,374.jpg,tile,,Construction and Demolition Waste,,,,,,,,,,,,,,,,,,,,,
CODD_TRAINING_03725,374.jpg,brick,,Construction and Demolition Waste,,,,,,,,,,,,,,,,,,,,,
CODD_TRAINING_03726,374.jpg,concrete,,Construction and Demolition Waste,,,,,,,,,,,,,,,,,,,,,
CODD_TRAINING_03727,374.jpg,tile,,Construction and Demolition Waste,,,,,,,,,,,,,,,,,,,,,
CODD_TRAINING_03728,374.jpg,brick,,Construction and Demolition Waste,,,,,,,,,,,,,,,,,,,,,
CODD_TRAINING_03729,374.jpg,concrete,,Construction and Demolition Waste,,,,,,,,,,,,,,,,,,,,,
CODD_TRAINING_03730,374.jpg,tile,,Construction and Demolition Waste,,,,,,,,,,,,,,,,,,,,,
CODD_TRAINING_03731,375.jpg,brick,,Construction and Demolition Waste,,,,,,,,,,,,,,,,,,,,,
CODD_TRAINING_03732,375.jpg,concrete,,Construction and Demolition Waste,,,,,,,,,,,,,,,,,,,,,
CODD_TRAINING_03733,375.jpg,tile,,Construction and Demolition Waste,,,,,,,,,,,,,,,,,,,,,
CODD_TRAINING_03734,375.jpg,brick,,Construction and Demolition Waste,,,,,,,,,,,,,,,,,,,,,
CODD_TRAINING_03735,375.jpg,concrete,,Construction and Demolition Waste,,,,,,,,,,,,,,,,,,,,,
CODD_TRAINING_03736,375.jpg,tile,,Construction and Demolition Waste,,,,,,,,,,,,,,,,,,,,,
CODD_TRAINING_03737,375.jpg,brick,,Construction and Demolition Waste,,,,,,,,,,,,,,,,,,,,,
CODD_TRAINING_03738,375.jpg,concrete,,Construction and Demolition Waste,,,,,,,,,,,,,,,,,,,,,
CODD_TRAINING_03739,375.jpg,tile,,Construction and Demolition Waste,,,,,,,,,,,,,,,,,,,,,
CODD_TRAINING_03740,375.jpg,brick,,Construction and Demolition Waste,,,,,,,,,,,,,,,,,,,,,
CODD_TRAINING_03741,375.jpg,concrete,,Construction and Demolition Waste,,,,,,,,,,,,,,,,,,,,,
CODD_TRAINING_03742,375.jpg,tile,,Construction and Demolition Waste,,,,,,,,,,,,,,,,,,,,,
CODD_TRAINING_03743,376.jpg,brick,,Construction and Demolition Waste,,,,,,,,,,,,,,,,,,,,,
CODD_TRAINING_03744,376.jpg,concrete,,Construction and Demolition Waste,,,,,,,,,,,,,,,,,,,,,
CODD_TRAINING_03745,376.jpg,tile,,Construction and Demolition Waste,,,,,,,,,,,,,,,,,,,,,
CODD_TRAINING_03746,376.jpg,brick,,Construction and Demolition Waste,,,,,,,,,,,,,,,,,,,,,
CODD_TRAINING_03747,376.jpg,concrete,,Construction and Demolition Waste,,,,,,,,,,,,,,,,,,,,,
CODD_TRAINING_03748,376.jpg,tile,,Construction and Demolition Waste,,,,,,,,,,,,,,,,,,,,,
CODD_TRAINING_03749,376.jpg,brick,,Construction and Demolition Waste,,,,,,,,,,,,,,,,,,,,,
CODD_TRAINING_03750,376.jpg,concrete,,Construction and Demolition Waste,,,,,,,,,,,,,,,,,,,,,
CODD_TRAINING_03751,376.jpg,tile,,Construction and Demolition Waste,,,,,,,,,,,,,,,,,,,,,
CODD_TRAINING_03752,376.jpg,brick,,Construction and Demolition Waste,,,,,,,,,,,,,,,,,,,,,
CODD_TRAINING_03753,376.jpg,concrete,,Construction and Demolition Waste,,,,,,,,,,,,,,,,,,,,,
CODD_TRAINING_03754,376.jpg,tile,,Construction and Demolition Waste,,,,,,,,,,,,,,,,,,,,,
CODD_TRAINING_03755,377.jpg,brick,,Construction and Demolition Waste,,,,,,,,,,,,,,,,,,,,,
CODD_TRAINING_03756,377.jpg,concrete,,Construction and Demolition Waste,,,,,,,,,,,,,,,,,,,,,
CODD_TRAINING_03757,377.jpg,tile,,Construction and Demolition Waste,,,,,,,,,,,,,,,,,,,,,
CODD_TRAINING_03758,377.jpg,brick,,Construction and Demolition Waste,,,,,,,,,,,,,,,,,,,,,
CODD_TRAINING_03759,377.jpg,concrete,,Construction and Demolition Waste,,,,,,,,,,,,,,,,,,,,,
CODD_TRAINING_03760,377.jpg,tile,,Construction and Demolition Waste,,,,,,,,,,,,,,,,,,,,,
CODD_TRAINING_03761,377.jpg,brick,,Construction and Demolition Waste,,,,,,,,,,,,,,,,,,,,,
CODD_TRAINING_03762,377.jpg,concrete,,Construction and Demolition Waste,,,,,,,,,,,,,,,,,,,,,
CODD_TRAINING_03763,377.jpg,tile,,Construction and Demolition Waste,,,,,,,,,,,,,,,,,,,,,
CODD_TRAINING_03764,377.jpg,brick,,Construction and Demolition Waste,,,,,,,,,,,,,,,,,,,,,
CODD_TRAINING_03765,377.jpg,concrete,,Construction and Demolition Waste,,,,,,,,,,,,,,,,,,,,,
CODD_TRAINING_03766,377.jpg,tile,,Construction and Demolition Waste,,,,,,,,,,,,,,,,,,,,,
CODD_TRAINING_03767,378.jpg,brick,,Construction and Demolition Waste,,,,,,,,,,,,,,,,,,,,,
CODD_TRAINING_03768,378.jpg,concrete,,Construction and Demolition Waste,,,,,,,,,,,,,,,,,,,,,
CODD_TRAINING_03769,378.jpg,tile,,Construction and Demolition Waste,,,,,,,,,,,,,,,,,,,,,
CODD_TRAINING_03770,378.jpg,brick,,Construction and Demolition Waste,,,,,,,,,,,,,,,,,,,,,
CODD_TRAINING_03771,378.jpg,concrete,,Construction and Demolition Waste,,,,,,,,,,,,,,,,,,,,,
CODD_TRAINING_03772,378.jpg,tile,,Construction and Demolition Waste,,,,,,,,,,,,,,,,,,,,,
CODD_TRAINING_03773,378.jpg,brick,,Construction and Demolition Waste,,,,,,,,,,,,,,,,,,,,,
CODD_TRAINING_03774,378.jpg,concrete,,Construction and Demolition Waste,,,,,,,,,,,,,,,,,,,,,
CODD_TRAINING_03775,378.jpg,tile,,Construction and Demolition Waste,,,,,,,,,,,,,,,,,,,,,
CODD_TRAINING_03776,378.jpg,brick,,Construction and Demolition Waste,,,,,,,,,,,,,,,,,,,,,
CODD_TRAINING_03777,378.jpg,concrete,,Construction and Demolition Waste,,,,,,,,,,,,,,,,,,,,,
CODD_TRAINING_03778,378.jpg,tile,,Construction and Demolition Waste,,,,,,,,,,,,,,,,,,,,,
CODD_TRAINING_03779,379.jpg,brick,,Construction and Demolition Waste,,,,,,,,,,,,,,,,,,,,,
CODD_TRAINING_03780,379.jpg,concrete,,Construction and Demolition Waste,,,,,,,,,,,,,,,,,,,,,
CODD_TRAINING_03781,379.jpg,tile,,Construction and Demolition Waste,,,,,,,,,,,,,,,,,,,,,
CODD_TRAINING_03782,379.jpg,brick,,Construction and Demolition Waste,,,,,,,,,,,,,,,,,,,,,
CODD_TRAINING_03783,379.jpg,concrete,,Construction and Demolition Waste,,,,,,,,,,,,,,,,,,,,,
CODD_TRAINING_03784,379.jpg,tile,,Construction and Demolition Waste,,,,,,,,,,,,,,,,,,,,,
CODD_TRAINING_03785,379.jpg,brick,,Construction and Demolition Waste,,,,,,,,,,,,,,,,,,,,,
CODD_TRAINING_03786,379.jpg,concrete,,Construction and Demolition Waste,,,,,,,,,,,,,,,,,,,,,
CODD_TRAINING_03787,379.jpg,tile,,Construction and Demolition Waste,,,,,,,,,,,,,,,,,,,,,
CODD_TRAINING_03788,379.jpg,brick,,Construction and Demolition Waste,,,,,,,,,,,,,,,,,,,,,
CODD_TRAINING_03789,379.jpg,concrete,,Construction and Demolition Waste,,,,,,,,,,,,,,,,,,,,,
CODD_TRAINING_03790,379.jpg,tile,,Construction and Demolition Waste,,,,,,,,,,,,,,,,,,,,,
CODD_TRAINING_03791,38.jpg,brick,,Construction and Demolition Waste,,,,,,,,,,,,,,,,,,,,,
CODD_TRAINING_03792,38.jpg,concrete,,Construction and Demolition Waste,,,,,,,,,,,,,,,,,,,,,
CODD_TRAINING_03793,38.jpg,tile,,Construction and Demolition Waste,,,,,,,,,,,,,,,,,,,,,
CODD_TRAINING_03794,38.jpg,brick,,Construction and Demolition Waste,,,,,,,,,,,,,,,,,,,,,
CODD_TRAINING_03795,38.jpg,concrete,,Construction and Demolition Waste,,,,,,,,,,,,,,,,,,,,,
CODD_TRAINING_03796,38.jpg,tile,,Construction and Demolition Waste,,,,,,,,,,,,,,,,,,,,,
CODD_TRAINING_03797,38.jpg,brick,,Construction and Demolition Waste,,,,,,,,,,,,,,,,,,,,,
CODD_TRAINING_03798,38.jpg,concrete,,Construction and Demolition Waste,,,,,,,,,,,,,,,,,,,,,
CODD_TRAINING_03799,38.jpg,tile,,Construction and Demolition Waste,,,,,,,,,,,,,,,,,,,,,
CODD_TRAINING_03800,38.jpg,brick,,Construction and Demolition Waste,,,,,,,,,,,,,,,,,,,,,
CODD_TRAINING_03801,38.jpg,concrete,,Construction and Demolition Waste,,,,,,,,,,,,,,,,,,,,,
CODD_TRAINING_03802,38.jpg,tile,,Construction and Demolition Waste,,,,,,,,,,,,,,,,,,,,,
CODD_TRAINING_03803,381.jpg,brick,,Construction and Demolition Waste,,,,,,,,,,,,,,,,,,,,,
CODD_TRAINING_03804,381.jpg,concrete,,Construction and Demolition Waste,,,,,,,,,,,,,,,,,,,,,
CODD_TRAINING_03805,381.jpg,tile,,Construction and Demolition Waste,,,,,,,,,,,,,,,,,,,,,
CODD_TRAINING_03806,381.jpg,brick,,Construction and Demolition Waste,,,,,,,,,,,,,,,,,,,,,
CODD_TRAINING_03807,381.jpg,concrete,,Construction and Demolition Waste,,,,,,,,,,,,,,,,,,,,,
CODD_TRAINING_03808,381.jpg,tile,,Construction and Demolition Waste,,,,,,,,,,,,,,,,,,,,,
CODD_TRAINING_03809,381.jpg,brick,,Construction and Demolition Waste,,,,,,,,,,,,,,,,,,,,,
CODD_TRAINING_03810,381.jpg,concrete,,Construction and Demolition Waste,,,,,,,,,,,,,,,,,,,,,
CODD_TRAINING_03811,381.jpg,tile,,Construction and Demolition Waste,,,,,,,,,,,,,,,,,,,,,
CODD_TRAINING_03812,381.jpg,brick,,Construction and Demolition Waste,,,,,,,,,,,,,,,,,,,,,
CODD_TRAINING_03813,381.jpg,concrete,,Construction and Demolition Waste,,,,,,,,,,,,,,,,,,,,,
CODD_TRAINING_03814,381.jpg,tile,,Construction and Demolition Waste,,,,,,,,,,,,,,,,,,,,,
CODD_TRAINING_03815,383.jpg,brick,,Construction and Demolition Waste,,,,,,,,,,,,,,,,,,,,,
CODD_TRAINING_03816,383.jpg,concrete,,Construction and Demolition Waste,,,,,,,,,,,,,,,,,,,,,
CODD_TRAINING_03817,383.jpg,tile,,Construction and Demolition Waste,,,,,,,,,,,,,,,,,,,,,
CODD_TRAINING_03818,383.jpg,brick,,Construction and Demolition Waste,,,,,,,,,,,,,,,,,,,,,
CODD_TRAINING_03819,383.jpg,concrete,,Construction and Demolition Waste,,,,,,,,,,,,,,,,,,,,,
CODD_TRAINING_03820,383.jpg,tile,,Construction and Demolition Waste,,,,,,,,,,,,,,,,,,,,,
CODD_TRAINING_03821,383.jpg,brick,,Construction and Demolition Waste,,,,,,,,,,,,,,,,,,,,,
CODD_TRAINING_03822,383.jpg,concrete,,Construction and Demolition Waste,,,,,,,,,,,,,,,,,,,,,
CODD_TRAINING_03823,383.jpg,tile,,Construction and Demolition Waste,,,,,,,,,,,,,,,,,,,,,
CODD_TRAINING_03824,383.jpg,brick,,Construction and Demolition Waste,,,,,,,,,,,,,,,,,,,,,
CODD_TRAINING_03825,383.jpg,concrete,,Construction and Demolition Waste,,,,,,,,,,,,,,,,,,,,,
CODD_TRAINING_03826,383.jpg,tile,,Construction and Demolition Waste,,,,,,,,,,,,,,,,,,,,,
CODD_TRAINING_03827,384.jpg,brick,,Construction and Demolition Waste,,,,,,,,,,,,,,,,,,,,,
CODD_TRAINING_03828,384.jpg,concrete,,Construction and Demolition Waste,,,,,,,,,,,,,,,,,,,,,
CODD_TRAINING_03829,384.jpg,tile,,Construction and Demolition Waste,,,,,,,,,,,,,,,,,,,,,
CODD_TRAINING_03830,384.jpg,brick,,Construction and Demolition Waste,,,,,,,,,,,,,,,,,,,,,
CODD_TRAINING_03831,384.jpg,concrete,,Construction and Demolition Waste,,,,,,,,,,,,,,,,,,,,,
CODD_TRAINING_03832,384.jpg,tile,,Construction and Demolition Waste,,,,,,,,,,,,,,,,,,,,,
CODD_TRAINING_03833,384.jpg,brick,,Construction and Demolition Waste,,,,,,,,,,,,,,,,,,,,,
CODD_TRAINING_03834,384.jpg,concrete,,Construction and Demolition Waste,,,,,,,,,,,,,,,,,,,,,
CODD_TRAINING_03835,384.jpg,tile,,Construction and Demolition Waste,,,,,,,,,,,,,,,,,,,,,
CODD_TRAINING_03836,384.jpg,brick,,Construction and Demolition Waste,,,,,,,,,,,,,,,,,,,,,
CODD_TRAINING_03837,384.jpg,concrete,,Construction and Demolition Waste,,,,,,,,,,,,,,,,,,,,,
CODD_TRAINING_03838,384.jpg,tile,,Construction and Demolition Waste,,,,,,,,,,,,,,,,,,,,,
CODD_TRAINING_03839,385.jpg,brick,,Construction and Demolition Waste,,,,,,,,,,,,,,,,,,,,,
CODD_TRAINING_03840,385.jpg,concrete,,Construction and Demolition Waste,,,,,,,,,,,,,,,,,,,,,
CODD_TRAINING_03841,385.jpg,tile,,Construction and Demolition Waste,,,,,,,,,,,,,,,,,,,,,
CODD_TRAINING_03842,385.jpg,brick,,Construction and Demolition Waste,,,,,,,,,,,,,,,,,,,,,
CODD_TRAINING_03843,385.jpg,concrete,,Construction and Demolition Waste,,,,,,,,,,,,,,,,,,,,,
CODD_TRAINING_03844,385.jpg,tile,,Construction and Demolition Waste,,,,,,,,,,,,,,,,,,,,,
CODD_TRAINING_03845,385.jpg,brick,,Construction and Demolition Waste,,,,,,,,,,,,,,,,,,,,,
CODD_TRAINING_03846,385.jpg,concrete,,Construction and Demolition Waste,,,,,,,,,,,,,,,,,,,,,
CODD_TRAINING_03847,385.jpg,tile,,Construction and Demolition Waste,,,,,,,,,,,,,,,,,,,,,
CODD_TRAINING_03848,385.jpg,brick,,Construction and Demolition Waste,,,,,,,,,,,,,,,,,,,,,
CODD_TRAINING_03849,385.jpg,concrete,,Construction and Demolition Waste,,,,,,,,,,,,,,,,,,,,,
CODD_TRAINING_03850,385.jpg,tile,,Construction and Demolition Waste,,,,,,,,,,,,,,,,,,,,,
CODD_TRAINING_03851,388.jpg,brick,,Construction and Demolition Waste,,,,,,,,,,,,,,,,,,,,,
CODD_TRAINING_03852,388.jpg,concrete,,Construction and Demolition Waste,,,,,,,,,,,,,,,,,,,,,
CODD_TRAINING_03853,388.jpg,tile,,Construction and Demolition Waste,,,,,,,,,,,,,,,,,,,,,
CODD_TRAINING_03854,388.jpg,brick,,Construction and Demolition Waste,,,,,,,,,,,,,,,,,,,,,
CODD_TRAINING_03855,388.jpg,concrete,,Construction and Demolition Waste,,,,,,,,,,,,,,,,,,,,,
CODD_TRAINING_03856,388.jpg,tile,,Construction and Demolition Waste,,,,,,,,,,,,,,,,,,,,,
CODD_TRAINING_03857,388.jpg,brick,,Construction and Demolition Waste,,,,,,,,,,,,,,,,,,,,,
CODD_TRAINING_03858,388.jpg,concrete,,Construction and Demolition Waste,,,,,,,,,,,,,,,,,,,,,
CODD_TRAINING_03859,388.jpg,tile,,Construction and Demolition Waste,,,,,,,,,,,,,,,,,,,,,
CODD_TRAINING_03860,388.jpg,brick,,Construction and Demolition Waste,,,,,,,,,,,,,,,,,,,,,
CODD_TRAINING_03861,388.jpg,concrete,,Construction and Demolition Waste,,,,,,,,,,,,,,,,,,,,,
CODD_TRAINING_03862,388.jpg,tile,,Construction and Demolition Waste,,,,,,,,,,,,,,,,,,,,,
CODD_TRAINING_03863,39.jpg,brick,,Construction and Demolition Waste,,,,,,,,,,,,,,,,,,,,,
CODD_TRAINING_03864,39.jpg,concrete,,Construction and Demolition Waste,,,,,,,,,,,,,,,,,,,,,
CODD_TRAINING_03865,39.jpg,tile,,Construction and Demolition Waste,,,,,,,,,,,,,,,,,,,,,
CODD_TRAINING_03866,39.jpg,brick,,Construction and Demolition Waste,,,,,,,,,,,,,,,,,,,,,
CODD_TRAINING_03867,39.jpg,concrete,,Construction and Demolition Waste,,,,,,,,,,,,,,,,,,,,,
CODD_TRAINING_03868,39.jpg,tile,,Construction and Demolition Waste,,,,,,,,,,,,,,,,,,,,,
CODD_TRAINING_03869,39.jpg,brick,,Construction and Demolition Waste,,,,,,,,,,,,,,,,,,,,,
CODD_TRAINING_03870,39.jpg,concrete,,Construction and Demolition Waste,,,,,,,,,,,,,,,,,,,,,
CODD_TRAINING_03871,39.jpg,tile,,Construction and Demolition Waste,,,,,,,,,,,,,,,,,,,,,
CODD_TRAINING_03872,39.jpg,brick,,Construction and Demolition Waste,,,,,,,,,,,,,,,,,,,,,
CODD_TRAINING_03873,39.jpg,concrete,,Construction and Demolition Waste,,,,,,,,,,,,,,,,,,,,,
CODD_TRAINING_03874,39.jpg,tile,,Construction and Demolition Waste,,,,,,,,,,,,,,,,,,,,,
CODD_TRAINING_03875,390.jpg,brick,,Construction and Demolition Waste,,,,,,,,,,,,,,,,,,,,,
CODD_TRAINING_03876,390.jpg,concrete,,Construction and Demolition Waste,,,,,,,,,,,,,,,,,,,,,
CODD_TRAINING_03877,390.jpg,tile,,Construction and Demolition Waste,,,,,,,,,,,,,,,,,,,,,
CODD_TRAINING_03878,390.jpg,brick,,Construction and Demolition Waste,,,,,,,,,,,,,,,,,,,,,
CODD_TRAINING_03879,390.jpg,concrete,,Construction and Demolition Waste,,,,,,,,,,,,,,,,,,,,,
CODD_TRAINING_03880,390.jpg,tile,,Construction and Demolition Waste,,,,,,,,,,,,,,,,,,,,,
CODD_TRAINING_03881,390.jpg,brick,,Construction and Demolition Waste,,,,,,,,,,,,,,,,,,,,,
CODD_TRAINING_03882,390.jpg,concrete,,Construction and Demolition Waste,,,,,,,,,,,,,,,,,,,,,
CODD_TRAINING_03883,390.jpg,tile,,Construction and Demolition Waste,,,,,,,,,,,,,,,,,,,,,
CODD_TRAINING_03884,390.jpg,brick,,Construction and Demolition Waste,,,,,,,,,,,,,,,,,,,,,
CODD_TRAINING_03885,390.jpg,concrete,,Construction and Demolition Waste,,,,,,,,,,,,,,,,,,,,,
CODD_TRAINING_03886,390.jpg,tile,,Construction and Demolition Waste,,,,,,,,,,,,,,,,,,,,,
CODD_TRAINING_03887,391.jpg,brick,,Construction and Demolition Waste,,,,,,,,,,,,,,,,,,,,,
CODD_TRAINING_03888,391.jpg,concrete,,Construction and Demolition Waste,,,,,,,,,,,,,,,,,,,,,
CODD_TRAINING_03889,391.jpg,tile,,Construction and Demolition Waste,,,,,,,,,,,,,,,,,,,,,
CODD_TRAINING_03890,391.jpg,brick,,Construction and Demolition Waste,,,,,,,,,,,,,,,,,,,,,
CODD_TRAINING_03891,391.jpg,concrete,,Construction and Demolition Waste,,,,,,,,,,,,,,,,,,,,,
CODD_TRAINING_03892,391.jpg,tile,,Construction and Demolition Waste,,,,,,,,,,,,,,,,,,,,,
CODD_TRAINING_03893,391.jpg,brick,,Construction and Demolition Waste,,,,,,,,,,,,,,,,,,,,,
CODD_TRAINING_03894,391.jpg,concrete,,Construction and Demolition Waste,,,,,,,,,,,,,,,,,,,,,
CODD_TRAINING_03895,391.jpg,tile,,Construction and Demolition Waste,,,,,,,,,,,,,,,,,,,,,
CODD_TRAINING_03896,391.jpg,brick,,Construction and Demolition Waste,,,,,,,,,,,,,,,,,,,,,
CODD_TRAINING_03897,391.jpg,concrete,,Construction and Demolition Waste,,,,,,,,,,,,,,,,,,,,,
CODD_TRAINING_03898,391.jpg,tile,,Construction and Demolition Waste,,,,,,,,,,,,,,,,,,,,,
CODD_TRAINING_03899,392.jpg,brick,,Construction and Demolition Waste,,,,,,,,,,,,,,,,,,,,,
CODD_TRAINING_03900,392.jpg,concrete,,Construction and Demolition Waste,,,,,,,,,,,,,,,,,,,,,
CODD_TRAINING_03901,392.jpg,tile,,Construction and Demolition Waste,,,,,,,,,,,,,,,,,,,,,
CODD_TRAINING_03902,392.jpg,brick,,Construction and Demolition Waste,,,,,,,,,,,,,,,,,,,,,
CODD_TRAINING_03903,392.jpg,concrete,,Construction and Demolition Waste,,,,,,,,,,,,,,,,,,,,,
CODD_TRAINING_03904,392.jpg,tile,,Construction and Demolition Waste,,,,,,,,,,,,,,,,,,,,,
CODD_TRAINING_03905,392.jpg,brick,,Construction and Demolition Waste,,,,,,,,,,,,,,,,,,,,,
CODD_TRAINING_03906,392.jpg,concrete,,Construction and Demolition Waste,,,,,,,,,,,,,,,,,,,,,
CODD_TRAINING_03907,392.jpg,tile,,Construction and Demolition Waste,,,,,,,,,,,,,,,,,,,,,
CODD_TRAINING_03908,392.jpg,brick,,Construction and Demolition Waste,,,,,,,,,,,,,,,,,,,,,
CODD_TRAINING_03909,392.jpg,concrete,,Construction and Demolition Waste,,,,,,,,,,,,,,,,,,,,,
CODD_TRAINING_03910,392.jpg,tile,,Construction and Demolition Waste,,,,,,,,,,,,,,,,,,,,,
CODD_TRAINING_03911,393.jpg,brick,,Construction and Demolition Waste,,,,,,,,,,,,,,,,,,,,,
CODD_TRAINING_03912,393.jpg,concrete,,Construction and Demolition Waste,,,,,,,,,,,,,,,,,,,,,
CODD_TRAINING_03913,393.jpg,tile,,Construction and Demolition Waste,,,,,,,,,,,,,,,,,,,,,
CODD_TRAINING_03914,393.jpg,brick,,Construction and Demolition Waste,,,,,,,,,,,,,,,,,,,,,
CODD_TRAINING_03915,393.jpg,concrete,,Construction and Demolition Waste,,,,,,,,,,,,,,,,,,,,,
CODD_TRAINING_03916,393.jpg,tile,,Construction and Demolition Waste,,,,,,,,,,,,,,,,,,,,,
CODD_TRAINING_03917,393.jpg,brick,,Construction and Demolition Waste,,,,,,,,,,,,,,,,,,,,,
CODD_TRAINING_03918,393.jpg,concrete,,Construction and Demolition Waste,,,,,,,,,,,,,,,,,,,,,
CODD_TRAINING_03919,393.jpg,tile,,Construction and Demolition Waste,,,,,,,,,,,,,,,,,,,,,
CODD_TRAINING_03920,393.jpg,brick,,Construction and Demolition Waste,,,,,,,,,,,,,,,,,,,,,
CODD_TRAINING_03921,393.jpg,concrete,,Construction and Demolition Waste,,,,,,,,,,,,,,,,,,,,,
CODD_TRAINING_03922,393.jpg,tile,,Construction and Demolition Waste,,,,,,,,,,,,,,,,,,,,,
CODD_TRAINING_03923,394.jpg,brick,,Construction and Demolition Waste,,,,,,,,,,,,,,,,,,,,,
CODD_TRAINING_03924,394.jpg,concrete,,Construction and Demolition Waste,,,,,,,,,,,,,,,,,,,,,
CODD_TRAINING_03925,394.jpg,tile,,Construction and Demolition Waste,,,,,,,,,,,,,,,,,,,,,
CODD_TRAINING_03926,394.jpg,brick,,Construction and Demolition Waste,,,,,,,,,,,,,,,,,,,,,
CODD_TRAINING_03927,394.jpg,concrete,,Construction and Demolition Waste,,,,,,,,,,,,,,,,,,,,,
CODD_TRAINING_03928,394.jpg,tile,,Construction and Demolition Waste,,,,,,,,,,,,,,,,,,,,,
CODD_TRAINING_03929,394.jpg,brick,,Construction and Demolition Waste,,,,,,,,,,,,,,,,,,,,,
CODD_TRAINING_03930,394.jpg,concrete,,Construction and Demolition Waste,,,,,,,,,,,,,,,,,,,,,
CODD_TRAINING_03931,394.jpg,tile,,Construction and Demolition Waste,,,,,,,,,,,,,,,,,,,,,
CODD_TRAINING_03932,394.jpg,brick,,Construction and Demolition Waste,,,,,,,,,,,,,,,,,,,,,
CODD_TRAINING_03933,394.jpg,concrete,,Construction and Demolition Waste,,,,,,,,,,,,,,,,,,,,,
CODD_TRAINING_03934,394.jpg,tile,,Construction and Demolition Waste,,,,,,,,,,,,,,,,,,,,,
CODD_TRAINING_03935,396.jpg,brick,,Construction and Demolition Waste,,,,,,,,,,,,,,,,,,,,,
CODD_TRAINING_03936,396.jpg,concrete,,Construction and Demolition Waste,,,,,,,,,,,,,,,,,,,,,
CODD_TRAINING_03937,396.jpg,tile,,Construction and Demolition Waste,,,,,,,,,,,,,,,,,,,,,
CODD_TRAINING_03938,396.jpg,brick,,Construction and Demolition Waste,,,,,,,,,,,,,,,,,,,,,
CODD_TRAINING_03939,396.jpg,concrete,,Construction and Demolition Waste,,,,,,,,,,,,,,,,,,,,,
CODD_TRAINING_03940,396.jpg,tile,,Construction and Demolition Waste,,,,,,,,,,,,,,,,,,,,,
CODD_TRAINING_03941,396.jpg,brick,,Construction and Demolition Waste,,,,,,,,,,,,,,,,,,,,,
CODD_TRAINING_03942,396.jpg,concrete,,Construction and Demolition Waste,,,,,,,,,,,,,,,,,,,,,
CODD_TRAINING_03943,396.jpg,tile,,Construction and Demolition Waste,,,,,,,,,,,,,,,,,,,,,
CODD_TRAINING_03944,396.jpg,brick,,Construction and Demolition Waste,,,,,,,,,,,,,,,,,,,,,
CODD_TRAINING_03945,396.jpg,concrete,,Construction and Demolition Waste,,,,,,,,,,,,,,,,,,,,,
CODD_TRAINING_03946,396.jpg,tile,,Construction and Demolition Waste,,,,,,,,,,,,,,,,,,,,,
CODD_TRAINING_03947,397.jpg,brick,,Construction and Demolition Waste,,,,,,,,,,,,,,,,,,,,,
CODD_TRAINING_03948,397.jpg,concrete,,Construction and Demolition Waste,,,,,,,,,,,,,,,,,,,,,
CODD_TRAINING_03949,397.jpg,tile,,Construction and Demolition Waste,,,,,,,,,,,,,,,,,,,,,
CODD_TRAINING_03950,397.jpg,brick,,Construction and Demolition Waste,,,,,,,,,,,,,,,,,,,,,
CODD_TRAINING_03951,397.jpg,concrete,,Construction and Demolition Waste,,,,,,,,,,,,,,,,,,,,,
CODD_TRAINING_03952,397.jpg,tile,,Construction and Demolition Waste,,,,,,,,,,,,,,,,,,,,,
CODD_TRAINING_03953,397.jpg,brick,,Construction and Demolition Waste,,,,,,,,,,,,,,,,,,,,,
CODD_TRAINING_03954,397.jpg,concrete,,Construction and Demolition Waste,,,,,,,,,,,,,,,,,,,,,
CODD_TRAINING_03955,397.jpg,tile,,Construction and Demolition Waste,,,,,,,,,,,,,,,,,,,,,
CODD_TRAINING_03956,397.jpg,brick,,Construction and Demolition Waste,,,,,,,,,,,,,,,,,,,,,
CODD_TRAINING_03957,397.jpg,concrete,,Construction and Demolition Waste,,,,,,,,,,,,,,,,,,,,,
CODD_TRAINING_03958,397.jpg,tile,,Construction and Demolition Waste,,,,,,,,,,,,,,,,,,,,,
CODD_TRAINING_03959,398.jpg,brick,,Construction and Demolition Waste,,,,,,,,,,,,,,,,,,,,,
CODD_TRAINING_03960,398.jpg,concrete,,Construction and Demolition Waste,,,,,,,,,,,,,,,,,,,,,
CODD_TRAINING_03961,398.jpg,tile,,Construction and Demolition Waste,,,,,,,,,,,,,,,,,,,,,
CODD_TRAINING_03962,398.jpg,brick,,Construction and Demolition Waste,,,,,,,,,,,,,,,,,,,,,
CODD_TRAINING_03963,398.jpg,concrete,,Construction and Demolition Waste,,,,,,,,,,,,,,,,,,,,,
CODD_TRAINING_03964,398.jpg,tile,,Construction and Demolition Waste,,,,,,,,,,,,,,,,,,,,,
CODD_TRAINING_03965,398.jpg,brick,,Construction and Demolition Waste,,,,,,,,,,,,,,,,,,,,,
CODD_TRAINING_03966,398.jpg,concrete,,Construction and Demolition Waste,,,,,,,,,,,,,,,,,,,,,
CODD_TRAINING_03967,398.jpg,tile,,Construction and Demolition Waste,,,,,,,,,,,,,,,,,,,,,
CODD_TRAINING_03968,398.jpg,brick,,Construction and Demolition Waste,,,,,,,,,,,,,,,,,,,,,
CODD_TRAINING_03969,398.jpg,concrete,,Construction and Demolition Waste,,,,,,,,,,,,,,,,,,,,,
CODD_TRAINING_03970,398.jpg,tile,,Construction and Demolition Waste,,,,,,,,,,,,,,,,,,,,,
CODD_TRAINING_03971,399.jpg,brick,,Construction and Demolition Waste,,,,,,,,,,,,,,,,,,,,,
CODD_TRAINING_03972,399.jpg,concrete,,Construction and Demolition Waste,,,,,,,,,,,,,,,,,,,,,
CODD_TRAINING_03973,399.jpg,tile,,Construction and Demolition Waste,,,,,,,,,,,,,,,,,,,,,
CODD_TRAINING_03974,399.jpg,brick,,Construction and Demolition Waste,,,,,,,,,,,,,,,,,,,,,
CODD_TRAINING_03975,399.jpg,concrete,,Construction and Demolition Waste,,,,,,,,,,,,,,,,,,,,,
CODD_TRAINING_03976,399.jpg,tile,,Construction and Demolition Waste,,,,,,,,,,,,,,,,,,,,,
CODD_TRAINING_03977,399.jpg,brick,,Construction and Demolition Waste,,,,,,,,,,,,,,,,,,,,,
CODD_TRAINING_03978,399.jpg,concrete,,Construction and Demolition Waste,,,,,,,,,,,,,,,,,,,,,
CODD_TRAINING_03979,399.jpg,tile,,Construction and Demolition Waste,,,,,,,,,,,,,,,,,,,,,
CODD_TRAINING_03980,399.jpg,brick,,Construction and Demolition Waste,,,,,,,,,,,,,,,,,,,,,
CODD_TRAINING_03981,399.jpg,concrete,,Construction and Demolition Waste,,,,,,,,,,,,,,,,,,,,,
CODD_TRAINING_03982,399.jpg,tile,,Construction and Demolition Waste,,,,,,,,,,,,,,,,,,,,,
CODD_TRAINING_03983,4.jpg,brick,,Construction and Demolition Waste,,,,,,,,,,,,,,,,,,,,,
CODD_TRAINING_03984,4.jpg,concrete,,Construction and Demolition Waste,,,,,,,,,,,,,,,,,,,,,
CODD_TRAINING_03985,4.jpg,tile,,Construction and Demolition Waste,,,,,,,,,,,,,,,,,,,,,
CODD_TRAINING_03986,4.jpg,brick,,Construction and Demolition Waste,,,,,,,,,,,,,,,,,,,,,
CODD_TRAINING_03987,4.jpg,concrete,,Construction and Demolition Waste,,,,,,,,,,,,,,,,,,,,,
CODD_TRAINING_03988,4.jpg,tile,,Construction and Demolition Waste,,,,,,,,,,,,,,,,,,,,,
CODD_TRAINING_03989,4.jpg,brick,,Construction and Demolition Waste,,,,,,,,,,,,,,,,,,,,,
CODD_TRAINING_03990,4.jpg,concrete,,Construction and Demolition Waste,,,,,,,,,,,,,,,,,,,,,
CODD_TRAINING_03991,4.jpg,tile,,Construction and Demolition Waste,,,,,,,,,,,,,,,,,,,,,
CODD_TRAINING_03992,4.jpg,brick,,Construction and Demolition Waste,,,,,,,,,,,,,,,,,,,,,
CODD_TRAINING_03993,4.jpg,concrete,,Construction and Demolition Waste,,,,,,,,,,,,,,,,,,,,,
CODD_TRAINING_03994,4.jpg,tile,,Construction and Demolition Waste,,,,,,,,,,,,,,,,,,,,,
CODD_TRAINING_03995,40.jpg,brick,,Construction and Demolition Waste,,,,,,,,,,,,,,,,,,,,,
CODD_TRAINING_03996,40.jpg,concrete,,Construction and Demolition Waste,,,,,,,,,,,,,,,,,,,,,
CODD_TRAINING_03997,40.jpg,tile,,Construction and Demolition Waste,,,,,,,,,,,,,,,,,,,,,
CODD_TRAINING_03998,40.jpg,brick,,Construction and Demolition Waste,,,,,,,,,,,,,,,,,,,,,
CODD_TRAINING_03999,40.jpg,concrete,,Construction and Demolition Waste,,,,,,,,,,,,,,,,,,,,,
CODD_TRAINING_04000,40.jpg,tile,,Construction and Demolition Waste,,,,,,,,,,,,,,,,,,,,,
CODD_TRAINING_04001,40.jpg,brick,,Construction and Demolition Waste,,,,,,,,,,,,,,,,,,,,,
CODD_TRAINING_04002,40.jpg,concrete,,Construction and Demolition Waste,,,,,,,,,,,,,,,,,,,,,
CODD_TRAINING_04003,40.jpg,tile,,Construction and Demolition Waste,,,,,,,,,,,,,,,,,,,,,
CODD_TRAINING_04004,40.jpg,brick,,Construction and Demolition Waste,,,,,,,,,,,,,,,,,,,,,
CODD_TRAINING_04005,40.jpg,concrete,,Construction and Demolition Waste,,,,,,,,,,,,,,,,,,,,,
CODD_TRAINING_04006,40.jpg,tile,,Construction and Demolition Waste,,,,,,,,,,,,,,,,,,,,,
CODD_TRAINING_04007,40.jpg,concrete,,Construction and Demolition Waste,,,,,,,,,,,,,,,,,,,,,
CODD_TRAINING_04008,400.jpg,brick,,Construction and Demolition Waste,,,,,,,,,,,,,,,,,,,,,
CODD_TRAINING_04009,400.jpg,concrete,,Construction and Demolition Waste,,,,,,,,,,,,,,,,,,,,,
CODD_TRAINING_04010,400.jpg,tile,,Construction and Demolition Waste,,,,,,,,,,,,,,,,,,,,,
CODD_TRAINING_04011,400.jpg,brick,,Construction and Demolition Waste,,,,,,,,,,,,,,,,,,,,,
CODD_TRAINING_04012,400.jpg,concrete,,Construction and Demolition Waste,,,,,,,,,,,,,,,,,,,,,
CODD_TRAINING_04013,400.jpg,tile,,Construction and Demolition Waste,,,,,,,,,,,,,,,,,,,,,
CODD_TRAINING_04014,400.jpg,brick,,Construction and Demolition Waste,,,,,,,,,,,,,,,,,,,,,
CODD_TRAINING_04015,400.jpg,concrete,,Construction and Demolition Waste,,,,,,,,,,,,,,,,,,,,,
CODD_TRAINING_04016,400.jpg,tile,,Construction and Demolition Waste,,,,,,,,,,,,,,,,,,,,,
CODD_TRAINING_04017,400.jpg,brick,,Construction and Demolition Waste,,,,,,,,,,,,,,,,,,,,,
CODD_TRAINING_04018,400.jpg,concrete,,Construction and Demolition Waste,,,,,,,,,,,,,,,,,,,,,
CODD_TRAINING_04019,400.jpg,tile,,Construction and Demolition Waste,,,,,,,,,,,,,,,,,,,,,
CODD_TRAINING_04020,402.jpg,concrete,,Construction and Demolition Waste,,,,,,,,,,,,,,,,,,,,,
CODD_TRAINING_04021,402.jpg,concrete,,Construction and Demolition Waste,,,,,,,,,,,,,,,,,,,,,
CODD_TRAINING_04022,402.jpg,concrete,,Construction and Demolition Waste,,,,,,,,,,,,,,,,,,,,,
CODD_TRAINING_04023,402.jpg,concrete,,Construction and Demolition Waste,,,,,,,,,,,,,,,,,,,,,
CODD_TRAINING_04024,402.jpg,concrete,,Construction and Demolition Waste,,,,,,,,,,,,,,,,,,,,,
CODD_TRAINING_04025,402.jpg,concrete,,Construction and Demolition Waste,,,,,,,,,,,,,,,,,,,,,
CODD_TRAINING_04026,403.jpg,brick,,Construction and Demolition Waste,,,,,,,,,,,,,,,,,,,,,
CODD_TRAINING_04027,403.jpg,brick,,Construction and Demolition Waste,,,,,,,,,,,,,,,,,,,,,
CODD_TRAINING_04028,403.jpg,brick,,Construction and Demolition Waste,,,,,,,,,,,,,,,,,,,,,
CODD_TRAINING_04029,403.jpg,brick,,Construction and Demolition Waste,,,,,,,,,,,,,,,,,,,,,
CODD_TRAINING_04030,403.jpg,brick,,Construction and Demolition Waste,,,,,,,,,,,,,,,,,,,,,
CODD_TRAINING_04031,403.jpg,brick,,Construction and Demolition Waste,,,,,,,,,,,,,,,,,,,,,
CODD_TRAINING_04032,407.jpg,brick,,Construction and Demolition Waste,,,,,,,,,,,,,,,,,,,,,
CODD_TRAINING_04033,407.jpg,brick,,Construction and Demolition Waste,,,,,,,,,,,,,,,,,,,,,
CODD_TRAINING_04034,407.jpg,brick,,Construction and Demolition Waste,,,,,,,,,,,,,,,,,,,,,
CODD_TRAINING_04035,407.jpg,brick,,Construction and Demolition Waste,,,,,,,,,,,,,,,,,,,,,
CODD_TRAINING_04036,407.jpg,brick,,Construction and Demolition Waste,,,,,,,,,,,,,,,,,,,,,
CODD_TRAINING_04037,408.jpg,tile,,Construction and Demolition Waste,,,,,,,,,,,,,,,,,,,,,
CODD_TRAINING_04038,408.jpg,tile,,Construction and Demolition Waste,,,,,,,,,,,,,,,,,,,,,
CODD_TRAINING_04039,408.jpg,tile,,Construction and Demolition Waste,,,,,,,,,,,,,,,,,,,,,
CODD_TRAINING_04040,408.jpg,tile,,Construction and Demolition Waste,,,,,,,,,,,,,,,,,,,,,
CODD_TRAINING_04041,408.jpg,tile,,Construction and Demolition Waste,,,,,,,,,,,,,,,,,,,,,
CODD_TRAINING_04042,408.jpg,tile,,Construction and Demolition Waste,,,,,,,,,,,,,,,,,,,,,
CODD_TRAINING_04043,409.jpg,tile,,Construction and Demolition Waste,,,,,,,,,,,,,,,,,,,,,
CODD_TRAINING_04044,409.jpg,tile,,Construction and Demolition Waste,,,,,,,,,,,,,,,,,,,,,
CODD_TRAINING_04045,409.jpg,tile,,Construction and Demolition Waste,,,,,,,,,,,,,,,,,,,,,
CODD_TRAINING_04046,409.jpg,tile,,Construction and Demolition Waste,,,,,,,,,,,,,,,,,,,,,
CODD_TRAINING_04047,409.jpg,tile,,Construction and Demolition Waste,,,,,,,,,,,,,,,,,,,,,
CODD_TRAINING_04048,409.jpg,tile,,Construction and Demolition Waste,,,,,,,,,,,,,,,,,,,,,
CODD_TRAINING_04049,410.jpg,tile,,Construction and Demolition Waste,,,,,,,,,,,,,,,,,,,,,
CODD_TRAINING_04050,410.jpg,tile,,Construction and Demolition Waste,,,,,,,,,,,,,,,,,,,,,
CODD_TRAINING_04051,410.jpg,tile,,Construction and Demolition Waste,,,,,,,,,,,,,,,,,,,,,
CODD_TRAINING_04052,410.jpg,tile,,Construction and Demolition Waste,,,,,,,,,,,,,,,,,,,,,
CODD_TRAINING_04053,410.jpg,tile,,Construction and Demolition Waste,,,,,,,,,,,,,,,,,,,,,
CODD_TRAINING_04054,410.jpg,tile,,Construction and Demolition Waste,,,,,,,,,,,,,,,,,,,,,
CODD_TRAINING_04055,412.jpg,concrete,,Construction and Demolition Waste,,,,,,,,,,,,,,,,,,,,,
CODD_TRAINING_04056,412.jpg,concrete,,Construction and Demolition Waste,,,,,,,,,,,,,,,,,,,,,
CODD_TRAINING_04057,412.jpg,concrete,,Construction and Demolition Waste,,,,,,,,,,,,,,,,,,,,,
CODD_TRAINING_04058,412.jpg,concrete,,Construction and Demolition Waste,,,,,,,,,,,,,,,,,,,,,
CODD_TRAINING_04059,412.jpg,concrete,,Construction and Demolition Waste,,,,,,,,,,,,,,,,,,,,,
CODD_TRAINING_04060,412.jpg,concrete,,Construction and Demolition Waste,,,,,,,,,,,,,,,,,,,,,
CODD_TRAINING_04061,413.jpg,brick,,Construction and Demolition Waste,,,,,,,,,,,,,,,,,,,,,
CODD_TRAINING_04062,413.jpg,brick,,Construction and Demolition Waste,,,,,,,,,,,,,,,,,,,,,
CODD_TRAINING_04063,413.jpg,brick,,Construction and Demolition Waste,,,,,,,,,,,,,,,,,,,,,
CODD_TRAINING_04064,413.jpg,brick,,Construction and Demolition Waste,,,,,,,,,,,,,,,,,,,,,
CODD_TRAINING_04065,414.jpg,tile,,Construction and Demolition Waste,,,,,,,,,,,,,,,,,,,,,
CODD_TRAINING_04066,414.jpg,tile,,Construction and Demolition Waste,,,,,,,,,,,,,,,,,,,,,
CODD_TRAINING_04067,414.jpg,tile,,Construction and Demolition Waste,,,,,,,,,,,,,,,,,,,,,
CODD_TRAINING_04068,414.jpg,tile,,Construction and Demolition Waste,,,,,,,,,,,,,,,,,,,,,
CODD_TRAINING_04069,414.jpg,tile,,Construction and Demolition Waste,,,,,,,,,,,,,,,,,,,,,
CODD_TRAINING_04070,414.jpg,tile,,Construction and Demolition Waste,,,,,,,,,,,,,,,,,,,,,
CODD_TRAINING_04071,415.jpg,concrete,,Construction and Demolition Waste,,,,,,,,,,,,,,,,,,,,,
CODD_TRAINING_04072,415.jpg,concrete,,Construction and Demolition Waste,,,,,,,,,,,,,,,,,,,,,
CODD_TRAINING_04073,415.jpg,concrete,,Construction and Demolition Waste,,,,,,,,,,,,,,,,,,,,,
CODD_TRAINING_04074,415.jpg,concrete,,Construction and Demolition Waste,,,,,,,,,,,,,,,,,,,,,
CODD_TRAINING_04075,415.jpg,concrete,,Construction and Demolition Waste,,,,,,,,,,,,,,,,,,,,,
CODD_TRAINING_04076,415.jpg,concrete,,Construction and Demolition Waste,,,,,,,,,,,,,,,,,,,,,
CODD_TRAINING_04077,415.jpg,concrete,,Construction and Demolition Waste,,,,,,,,,,,,,,,,,,,,,
CODD_TRAINING_04078,415.jpg,concrete,,Construction and Demolition Waste,,,,,,,,,,,,,,,,,,,,,
CODD_TRAINING_04079,415.jpg,concrete,,Construction and Demolition Waste,,,,,,,,,,,,,,,,,,,,,
CODD_TRAINING_04080,415.jpg,concrete,,Construction and Demolition Waste,,,,,,,,,,,,,,,,,,,,,
CODD_TRAINING_04081,415.jpg,concrete,,Construction and Demolition Waste,,,,,,,,,,,,,,,,,,,,,
CODD_TRAINING_04082,415.jpg,concrete,,Construction and Demolition Waste,,,,,,,,,,,,,,,,,,,,,
CODD_TRAINING_04083,416.jpg,tile,,Construction and Demolition Waste,,,,,,,,,,,,,,,,,,,,,
CODD_TRAINING_04084,416.jpg,tile,,Construction and Demolition Waste,,,,,,,,,,,,,,,,,,,,,
CODD_TRAINING_04085,416.jpg,tile,,Construction and Demolition Waste,,,,,,,,,,,,,,,,,,,,,
CODD_TRAINING_04086,416.jpg,tile,,Construction and Demolition Waste,,,,,,,,,,,,,,,,,,,,,
CODD_TRAINING_04087,416.jpg,tile,,Construction and Demolition Waste,,,,,,,,,,,,,,,,,,,,,
CODD_TRAINING_04088,416.jpg,tile,,Construction and Demolition Waste,,,,,,,,,,,,,,,,,,,,,
CODD_TRAINING_04089,416.jpg,tile,,Construction and Demolition Waste,,,,,,,,,,,,,,,,,,,,,
CODD_TRAINING_04090,416.jpg,tile,,Construction and Demolition Waste,,,,,,,,,,,,,,,,,,,,,
CODD_TRAINING_04091,416.jpg,tile,,Construction and Demolition Waste,,,,,,,,,,,,,,,,,,,,,
CODD_TRAINING_04092,416.jpg,tile,,Construction and Demolition Waste,,,,,,,,,,,,,,,,,,,,,
CODD_TRAINING_04093,416.jpg,tile,,Construction and Demolition Waste,,,,,,,,,,,,,,,,,,,,,
CODD_TRAINING_04094,416.jpg,tile,,Construction and Demolition Waste,,,,,,,,,,,,,,,,,,,,,
CODD_TRAINING_04095,417.jpg,brick,,Construction and Demolition Waste,,,,,,,,,,,,,,,,,,,,,
CODD_TRAINING_04096,417.jpg,brick,,Construction and Demolition Waste,,,,,,,,,,,,,,,,,,,,,
CODD_TRAINING_04097,417.jpg,brick,,Construction and Demolition Waste,,,,,,,,,,,,,,,,,,,,,
CODD_TRAINING_04098,417.jpg,brick,,Construction and Demolition Waste,,,,,,,,,,,,,,,,,,,,,
CODD_TRAINING_04099,417.jpg,brick,,Construction and Demolition Waste,,,,,,,,,,,,,,,,,,,,,
CODD_TRAINING_04100,417.jpg,brick,,Construction and Demolition Waste,,,,,,,,,,,,,,,,,,,,,
CODD_TRAINING_04101,417.jpg,brick,,Construction and Demolition Waste,,,,,,,,,,,,,,,,,,,,,
CODD_TRAINING_04102,417.jpg,brick,,Construction and Demolition Waste,,,,,,,,,,,,,,,,,,,,,
CODD_TRAINING_04103,417.jpg,brick,,Construction and Demolition Waste,,,,,,,,,,,,,,,,,,,,,
CODD_TRAINING_04104,417.jpg,brick,,Construction and Demolition Waste,,,,,,,,,,,,,,,,,,,,,
CODD_TRAINING_04105,417.jpg,brick,,Construction and Demolition Waste,,,,,,,,,,,,,,,,,,,,,
CODD_TRAINING_04106,417.jpg,brick,,Construction and Demolition Waste,,,,,,,,,,,,,,,,,,,,,
CODD_TRAINING_04107,418.jpg,concrete,,Construction and Demolition Waste,,,,,,,,,,,,,,,,,,,,,
CODD_TRAINING_04108,418.jpg,concrete,,Construction and Demolition Waste,,,,,,,,,,,,,,,,,,,,,
CODD_TRAINING_04109,418.jpg,concrete,,Construction and Demolition Waste,,,,,,,,,,,,,,,,,,,,,
CODD_TRAINING_04110,418.jpg,concrete,,Construction and Demolition Waste,,,,,,,,,,,,,,,,,,,,,
CODD_TRAINING_04111,418.jpg,concrete,,Construction and Demolition Waste,,,,,,,,,,,,,,,,,,,,,
CODD_TRAINING_04112,418.jpg,concrete,,Construction and Demolition Waste,,,,,,,,,,,,,,,,,,,,,
CODD_TRAINING_04113,418.jpg,concrete,,Construction and Demolition Waste,,,,,,,,,,,,,,,,,,,,,
CODD_TRAINING_04114,418.jpg,concrete,,Construction and Demolition Waste,,,,,,,,,,,,,,,,,,,,,
CODD_TRAINING_04115,418.jpg,concrete,,Construction and Demolition Waste,,,,,,,,,,,,,,,,,,,,,
CODD_TRAINING_04116,418.jpg,concrete,,Construction and Demolition Waste,,,,,,,,,,,,,,,,,,,,,
CODD_TRAINING_04117,418.jpg,concrete,,Construction and Demolition Waste,,,,,,,,,,,,,,,,,,,,,
CODD_TRAINING_04118,418.jpg,concrete,,Construction and Demolition Waste,,,,,,,,,,,,,,,,,,,,,
CODD_TRAINING_04119,418.jpg,concrete,,Construction and Demolition Waste,,,,,,,,,,,,,,,,,,,,,
CODD_TRAINING_04120,419.jpg,brick,,Construction and Demolition Waste,,,,,,,,,,,,,,,,,,,,,
CODD_TRAINING_04121,419.jpg,brick,,Construction and Demolition Waste,,,,,,,,,,,,,,,,,,,,,
CODD_TRAINING_04122,419.jpg,brick,,Construction and Demolition Waste,,,,,,,,,,,,,,,,,,,,,
CODD_TRAINING_04123,419.jpg,brick,,Construction and Demolition Waste,,,,,,,,,,,,,,,,,,,,,
CODD_TRAINING_04124,419.jpg,brick,,Construction and Demolition Waste,,,,,,,,,,,,,,,,,,,,,
CODD_TRAINING_04125,419.jpg,brick,,Construction and Demolition Waste,,,,,,,,,,,,,,,,,,,,,
CODD_TRAINING_04126,419.jpg,brick,,Construction and Demolition Waste,,,,,,,,,,,,,,,,,,,,,
CODD_TRAINING_04127,419.jpg,brick,,Construction and Demolition Waste,,,,,,,,,,,,,,,,,,,,,
CODD_TRAINING_04128,419.jpg,brick,,Construction and Demolition Waste,,,,,,,,,,,,,,,,,,,,,
CODD_TRAINING_04129,419.jpg,brick,,Construction and Demolition Waste,,,,,,,,,,,,,,,,,,,,,
CODD_TRAINING_04130,419.jpg,brick,,Construction and Demolition Waste,,,,,,,,,,,,,,,,,,,,,
CODD_TRAINING_04131,419.jpg,brick,,Construction and Demolition Waste,,,,,,,,,,,,,,,,,,,,,
CODD_TRAINING_04132,419.jpg,brick,,Construction and Demolition Waste,,,,,,,,,,,,,,,,,,,,,
CODD_TRAINING_04133,42.jpg,brick,,Construction and Demolition Waste,,,,,,,,,,,,,,,,,,,,,
CODD_TRAINING_04134,42.jpg,concrete,,Construction and Demolition Waste,,,,,,,,,,,,,,,,,,,,,
CODD_TRAINING_04135,42.jpg,tile,,Construction and Demolition Waste,,,,,,,,,,,,,,,,,,,,,
CODD_TRAINING_04136,42.jpg,brick,,Construction and Demolition Waste,,,,,,,,,,,,,,,,,,,,,
CODD_TRAINING_04137,42.jpg,concrete,,Construction and Demolition Waste,,,,,,,,,,,,,,,,,,,,,
CODD_TRAINING_04138,42.jpg,tile,,Construction and Demolition Waste,,,,,,,,,,,,,,,,,,,,,
CODD_TRAINING_04139,42.jpg,brick,,Construction and Demolition Waste,,,,,,,,,,,,,,,,,,,,,
CODD_TRAINING_04140,42.jpg,concrete,,Construction and Demolition Waste,,,,,,,,,,,,,,,,,,,,,
CODD_TRAINING_04141,42.jpg,tile,,Construction and Demolition Waste,,,,,,,,,,,,,,,,,,,,,
CODD_TRAINING_04142,42.jpg,brick,,Construction and Demolition Waste,,,,,,,,,,,,,,,,,,,,,
CODD_TRAINING_04143,42.jpg,concrete,,Construction and Demolition Waste,,,,,,,,,,,,,,,,,,,,,
CODD_TRAINING_04144,42.jpg,tile,,Construction and Demolition Waste,,,,,,,,,,,,,,,,,,,,,
CODD_TRAINING_04145,420.jpg,tile,,Construction and Demolition Waste,,,,,,,,,,,,,,,,,,,,,
CODD_TRAINING_04146,420.jpg,tile,,Construction and Demolition Waste,,,,,,,,,,,,,,,,,,,,,
CODD_TRAINING_04147,420.jpg,tile,,Construction and Demolition Waste,,,,,,,,,,,,,,,,,,,,,
CODD_TRAINING_04148,420.jpg,tile,,Construction and Demolition Waste,,,,,,,,,,,,,,,,,,,,,
CODD_TRAINING_04149,420.jpg,tile,,Construction and Demolition Waste,,,,,,,,,,,,,,,,,,,,,
CODD_TRAINING_04150,420.jpg,tile,,Construction and Demolition Waste,,,,,,,,,,,,,,,,,,,,,
CODD_TRAINING_04151,420.jpg,tile,,Construction and Demolition Waste,,,,,,,,,,,,,,,,,,,,,
CODD_TRAINING_04152,420.jpg,tile,,Construction and Demolition Waste,,,,,,,,,,,,,,,,,,,,,
CODD_TRAINING_04153,421.jpg,concrete,,Construction and Demolition Waste,,,,,,,,,,,,,,,,,,,,,
CODD_TRAINING_04154,421.jpg,concrete,,Construction and Demolition Waste,,,,,,,,,,,,,,,,,,,,,
CODD_TRAINING_04155,421.jpg,concrete,,Construction and Demolition Waste,,,,,,,,,,,,,,,,,,,,,
CODD_TRAINING_04156,421.jpg,concrete,,Construction and Demolition Waste,,,,,,,,,,,,,,,,,,,,,
CODD_TRAINING_04157,421.jpg,concrete,,Construction and Demolition Waste,,,,,,,,,,,,,,,,,,,,,
CODD_TRAINING_04158,421.jpg,concrete,,Construction and Demolition Waste,,,,,,,,,,,,,,,,,,,,,
CODD_TRAINING_04159,421.jpg,concrete,,Construction and Demolition Waste,,,,,,,,,,,,,,,,,,,,,
CODD_TRAINING_04160,421.jpg,concrete,,Construction and Demolition Waste,,,,,,,,,,,,,,,,,,,,,
CODD_TRAINING_04161,421.jpg,concrete,,Construction and Demolition Waste,,,,,,,,,,,,,,,,,,,,,
CODD_TRAINING_04162,421.jpg,concrete,,Construction and Demolition Waste,,,,,,,,,,,,,,,,,,,,,
CODD_TRAINING_04163,421.jpg,concrete,,Construction and Demolition Waste,,,,,,,,,,,,,,,,,,,,,
CODD_TRAINING_04164,421.jpg,concrete,,Construction and Demolition Waste,,,,,,,,,,,,,,,,,,,,,
CODD_TRAINING_04165,423.jpg,tile,,Construction and Demolition Waste,,,,,,,,,,,,,,,,,,,,,
CODD_TRAINING_04166,423.jpg,tile,,Construction and Demolition Waste,,,,,,,,,,,,,,,,,,,,,
CODD_TRAINING_04167,423.jpg,tile,,Construction and Demolition Waste,,,,,,,,,,,,,,,,,,,,,
CODD_TRAINING_04168,423.jpg,tile,,Construction and Demolition Waste,,,,,,,,,,,,,,,,,,,,,
CODD_TRAINING_04169,423.jpg,tile,,Construction and Demolition Waste,,,,,,,,,,,,,,,,,,,,,
CODD_TRAINING_04170,423.jpg,tile,,Construction and Demolition Waste,,,,,,,,,,,,,,,,,,,,,
CODD_TRAINING_04171,423.jpg,tile,,Construction and Demolition Waste,,,,,,,,,,,,,,,,,,,,,
CODD_TRAINING_04172,423.jpg,tile,,Construction and Demolition Waste,,,,,,,,,,,,,,,,,,,,,
CODD_TRAINING_04173,423.jpg,tile,,Construction and Demolition Waste,,,,,,,,,,,,,,,,,,,,,
CODD_TRAINING_04174,423.jpg,tile,,Construction and Demolition Waste,,,,,,,,,,,,,,,,,,,,,
CODD_TRAINING_04175,423.jpg,tile,,Construction and Demolition Waste,,,,,,,,,,,,,,,,,,,,,
CODD_TRAINING_04176,423.jpg,tile,,Construction and Demolition Waste,,,,,,,,,,,,,,,,,,,,,
CODD_TRAINING_04177,424.jpg,concrete,,Construction and Demolition Waste,,,,,,,,,,,,,,,,,,,,,
CODD_TRAINING_04178,424.jpg,concrete,,Construction and Demolition Waste,,,,,,,,,,,,,,,,,,,,,
CODD_TRAINING_04179,424.jpg,concrete,,Construction and Demolition Waste,,,,,,,,,,,,,,,,,,,,,
CODD_TRAINING_04180,424.jpg,concrete,,Construction and Demolition Waste,,,,,,,,,,,,,,,,,,,,,
CODD_TRAINING_04181,424.jpg,concrete,,Construction and Demolition Waste,,,,,,,,,,,,,,,,,,,,,
CODD_TRAINING_04182,424.jpg,concrete,,Construction and Demolition Waste,,,,,,,,,,,,,,,,,,,,,
CODD_TRAINING_04183,424.jpg,concrete,,Construction and Demolition Waste,,,,,,,,,,,,,,,,,,,,,
CODD_TRAINING_04184,424.jpg,concrete,,Construction and Demolition Waste,,,,,,,,,,,,,,,,,,,,,
CODD_TRAINING_04185,424.jpg,concrete,,Construction and Demolition Waste,,,,,,,,,,,,,,,,,,,,,
CODD_TRAINING_04186,424.jpg,concrete,,Construction and Demolition Waste,,,,,,,,,,,,,,,,,,,,,
CODD_TRAINING_04187,424.jpg,concrete,,Construction and Demolition Waste,,,,,,,,,,,,,,,,,,,,,
CODD_TRAINING_04188,424.jpg,concrete,,Construction and Demolition Waste,,,,,,,,,,,,,,,,,,,,,
CODD_TRAINING_04189,425.jpg,brick,,Construction and Demolition Waste,,,,,,,,,,,,,,,,,,,,,
CODD_TRAINING_04190,425.jpg,brick,,Construction and Demolition Waste,,,,,,,,,,,,,,,,,,,,,
CODD_TRAINING_04191,425.jpg,brick,,Construction and Demolition Waste,,,,,,,,,,,,,,,,,,,,,
CODD_TRAINING_04192,425.jpg,brick,,Construction and Demolition Waste,,,,,,,,,,,,,,,,,,,,,
CODD_TRAINING_04193,425.jpg,brick,,Construction and Demolition Waste,,,,,,,,,,,,,,,,,,,,,
CODD_TRAINING_04194,425.jpg,brick,,Construction and Demolition Waste,,,,,,,,,,,,,,,,,,,,,
CODD_TRAINING_04195,425.jpg,brick,,Construction and Demolition Waste,,,,,,,,,,,,,,,,,,,,,
CODD_TRAINING_04196,425.jpg,brick,,Construction and Demolition Waste,,,,,,,,,,,,,,,,,,,,,
CODD_TRAINING_04197,425.jpg,brick,,Construction and Demolition Waste,,,,,,,,,,,,,,,,,,,,,
CODD_TRAINING_04198,425.jpg,brick,,Construction and Demolition Waste,,,,,,,,,,,,,,,,,,,,,
CODD_TRAINING_04199,425.jpg,brick,,Construction and Demolition Waste,,,,,,,,,,,,,,,,,,,,,
CODD_TRAINING_04200,425.jpg,brick,,Construction and Demolition Waste,,,,,,,,,,,,,,,,,,,,,
CODD_TRAINING_04201,426.jpg,tile,,Construction and Demolition Waste,,,,,,,,,,,,,,,,,,,,,
CODD_TRAINING_04202,426.jpg,tile,,Construction and Demolition Waste,,,,,,,,,,,,,,,,,,,,,
CODD_TRAINING_04203,426.jpg,tile,,Construction and Demolition Waste,,,,,,,,,,,,,,,,,,,,,
CODD_TRAINING_04204,426.jpg,tile,,Construction and Demolition Waste,,,,,,,,,,,,,,,,,,,,,
CODD_TRAINING_04205,426.jpg,tile,,Construction and Demolition Waste,,,,,,,,,,,,,,,,,,,,,
CODD_TRAINING_04206,426.jpg,tile,,Construction and Demolition Waste,,,,,,,,,,,,,,,,,,,,,
CODD_TRAINING_04207,426.jpg,tile,,Construction and Demolition Waste,,,,,,,,,,,,,,,,,,,,,
CODD_TRAINING_04208,426.jpg,tile,,Construction and Demolition Waste,,,,,,,,,,,,,,,,,,,,,
CODD_TRAINING_04209,426.jpg,tile,,Construction and Demolition Waste,,,,,,,,,,,,,,,,,,,,,
CODD_TRAINING_04210,426.jpg,tile,,Construction and Demolition Waste,,,,,,,,,,,,,,,,,,,,,
CODD_TRAINING_04211,426.jpg,tile,,Construction and Demolition Waste,,,,,,,,,,,,,,,,,,,,,
CODD_TRAINING_04212,426.jpg,tile,,Construction and Demolition Waste,,,,,,,,,,,,,,,,,,,,,
CODD_TRAINING_04213,427.jpg,concrete,,Construction and Demolition Waste,,,,,,,,,,,,,,,,,,,,,
CODD_TRAINING_04214,427.jpg,concrete,,Construction and Demolition Waste,,,,,,,,,,,,,,,,,,,,,
CODD_TRAINING_04215,427.jpg,concrete,,Construction and Demolition Waste,,,,,,,,,,,,,,,,,,,,,
CODD_TRAINING_04216,427.jpg,concrete,,Construction and Demolition Waste,,,,,,,,,,,,,,,,,,,,,
CODD_TRAINING_04217,427.jpg,concrete,,Construction and Demolition Waste,,,,,,,,,,,,,,,,,,,,,
CODD_TRAINING_04218,427.jpg,concrete,,Construction and Demolition Waste,,,,,,,,,,,,,,,,,,,,,
CODD_TRAINING_04219,427.jpg,concrete,,Construction and Demolition Waste,,,,,,,,,,,,,,,,,,,,,
CODD_TRAINING_04220,427.jpg,concrete,,Construction and Demolition Waste,,,,,,,,,,,,,,,,,,,,,
CODD_TRAINING_04221,427.jpg,concrete,,Construction and Demolition Waste,,,,,,,,,,,,,,,,,,,,,
CODD_TRAINING_04222,427.jpg,concrete,,Construction and Demolition Waste,,,,,,,,,,,,,,,,,,,,,
CODD_TRAINING_04223,427.jpg,concrete,,Construction and Demolition Waste,,,,,,,,,,,,,,,,,,,,,
CODD_TRAINING_04224,427.jpg,concrete,,Construction and Demolition Waste,,,,,,,,,,,,,,,,,,,,,
CODD_TRAINING_04225,428.jpg,brick,,Construction and Demolition Waste,,,,,,,,,,,,,,,,,,,,,
CODD_TRAINING_04226,428.jpg,brick,,Construction and Demolition Waste,,,,,,,,,,,,,,,,,,,,,
CODD_TRAINING_04227,428.jpg,brick,,Construction and Demolition Waste,,,,,,,,,,,,,,,,,,,,,
CODD_TRAINING_04228,428.jpg,brick,,Construction and Demolition Waste,,,,,,,,,,,,,,,,,,,,,
CODD_TRAINING_04229,428.jpg,brick,,Construction and Demolition Waste,,,,,,,,,,,,,,,,,,,,,
CODD_TRAINING_04230,428.jpg,brick,,Construction and Demolition Waste,,,,,,,,,,,,,,,,,,,,,
CODD_TRAINING_04231,428.jpg,brick,,Construction and Demolition Waste,,,,,,,,,,,,,,,,,,,,,
CODD_TRAINING_04232,428.jpg,brick,,Construction and Demolition Waste,,,,,,,,,,,,,,,,,,,,,
CODD_TRAINING_04233,428.jpg,brick,,Construction and Demolition Waste,,,,,,,,,,,,,,,,,,,,,
CODD_TRAINING_04234,428.jpg,brick,,Construction and Demolition Waste,,,,,,,,,,,,,,,,,,,,,
CODD_TRAINING_04235,428.jpg,brick,,Construction and Demolition Waste,,,,,,,,,,,,,,,,,,,,,
CODD_TRAINING_04236,428.jpg,brick,,Construction and Demolition Waste,,,,,,,,,,,,,,,,,,,,,
CODD_TRAINING_04237,43.jpg,brick,,Construction and Demolition Waste,,,,,,,,,,,,,,,,,,,,,
CODD_TRAINING_04238,43.jpg,concrete,,Construction and Demolition Waste,,,,,,,,,,,,,,,,,,,,,
CODD_TRAINING_04239,43.jpg,tile,,Construction and Demolition Waste,,,,,,,,,,,,,,,,,,,,,
CODD_TRAINING_04240,43.jpg,brick,,Construction and Demolition Waste,,,,,,,,,,,,,,,,,,,,,
CODD_TRAINING_04241,43.jpg,concrete,,Construction and Demolition Waste,,,,,,,,,,,,,,,,,,,,,
CODD_TRAINING_04242,43.jpg,tile,,Construction and Demolition Waste,,,,,,,,,,,,,,,,,,,,,
CODD_TRAINING_04243,43.jpg,brick,,Construction and Demolition Waste,,,,,,,,,,,,,,,,,,,,,
CODD_TRAINING_04244,43.jpg,concrete,,Construction and Demolition Waste,,,,,,,,,,,,,,,,,,,,,
CODD_TRAINING_04245,43.jpg,tile,,Construction and Demolition Waste,,,,,,,,,,,,,,,,,,,,,
CODD_TRAINING_04246,43.jpg,brick,,Construction and Demolition Waste,,,,,,,,,,,,,,,,,,,,,
CODD_TRAINING_04247,43.jpg,concrete,,Construction and Demolition Waste,,,,,,,,,,,,,,,,,,,,,
CODD_TRAINING_04248,43.jpg,tile,,Construction and Demolition Waste,,,,,,,,,,,,,,,,,,,,,
CODD_TRAINING_04249,430.jpg,concrete,,Construction and Demolition Waste,,,,,,,,,,,,,,,,,,,,,
CODD_TRAINING_04250,430.jpg,concrete,,Construction and Demolition Waste,,,,,,,,,,,,,,,,,,,,,
CODD_TRAINING_04251,430.jpg,concrete,,Construction and Demolition Waste,,,,,,,,,,,,,,,,,,,,,
CODD_TRAINING_04252,430.jpg,concrete,,Construction and Demolition Waste,,,,,,,,,,,,,,,,,,,,,
CODD_TRAINING_04253,430.jpg,concrete,,Construction and Demolition Waste,,,,,,,,,,,,,,,,,,,,,
CODD_TRAINING_04254,430.jpg,concrete,,Construction and Demolition Waste,,,,,,,,,,,,,,,,,,,,,
CODD_TRAINING_04255,430.jpg,concrete,,Construction and Demolition Waste,,,,,,,,,,,,,,,,,,,,,
CODD_TRAINING_04256,430.jpg,concrete,,Construction and Demolition Waste,,,,,,,,,,,,,,,,,,,,,
CODD_TRAINING_04257,430.jpg,concrete,,Construction and Demolition Waste,,,,,,,,,,,,,,,,,,,,,
CODD_TRAINING_04258,430.jpg,concrete,,Construction and Demolition Waste,,,,,,,,,,,,,,,,,,,,,
CODD_TRAINING_04259,430.jpg,concrete,,Construction and Demolition Waste,,,,,,,,,,,,,,,,,,,,,
CODD_TRAINING_04260,430.jpg,concrete,,Construction and Demolition Waste,,,,,,,,,,,,,,,,,,,,,
CODD_TRAINING_04261,432.jpg,tile,,Construction and Demolition Waste,,,,,,,,,,,,,,,,,,,,,
CODD_TRAINING_04262,432.jpg,tile,,Construction and Demolition Waste,,,,,,,,,,,,,,,,,,,,,
CODD_TRAINING_04263,432.jpg,tile,,Construction and Demolition Waste,,,,,,,,,,,,,,,,,,,,,
CODD_TRAINING_04264,432.jpg,tile,,Construction and Demolition Waste,,,,,,,,,,,,,,,,,,,,,
CODD_TRAINING_04265,432.jpg,tile,,Construction and Demolition Waste,,,,,,,,,,,,,,,,,,,,,
CODD_TRAINING_04266,432.jpg,tile,,Construction and Demolition Waste,,,,,,,,,,,,,,,,,,,,,
CODD_TRAINING_04267,432.jpg,tile,,Construction and Demolition Waste,,,,,,,,,,,,,,,,,,,,,
CODD_TRAINING_04268,432.jpg,tile,,Construction and Demolition Waste,,,,,,,,,,,,,,,,,,,,,
CODD_TRAINING_04269,432.jpg,tile,,Construction and Demolition Waste,,,,,,,,,,,,,,,,,,,,,
CODD_TRAINING_04270,432.jpg,tile,,Construction and Demolition Waste,,,,,,,,,,,,,,,,,,,,,
CODD_TRAINING_04271,432.jpg,tile,,Construction and Demolition Waste,,,,,,,,,,,,,,,,,,,,,
CODD_TRAINING_04272,432.jpg,tile,,Construction and Demolition Waste,,,,,,,,,,,,,,,,,,,,,
CODD_TRAINING_04273,433.jpg,brick,,Construction and Demolition Waste,,,,,,,,,,,,,,,,,,,,,
CODD_TRAINING_04274,433.jpg,brick,,Construction and Demolition Waste,,,,,,,,,,,,,,,,,,,,,
CODD_TRAINING_04275,433.jpg,brick,,Construction and Demolition Waste,,,,,,,,,,,,,,,,,,,,,
CODD_TRAINING_04276,433.jpg,brick,,Construction and Demolition Waste,,,,,,,,,,,,,,,,,,,,,
CODD_TRAINING_04277,433.jpg,brick,,Construction and Demolition Waste,,,,,,,,,,,,,,,,,,,,,
CODD_TRAINING_04278,433.jpg,brick,,Construction and Demolition Waste,,,,,,,,,,,,,,,,,,,,,
CODD_TRAINING_04279,433.jpg,brick,,Construction and Demolition Waste,,,,,,,,,,,,,,,,,,,,,
CODD_TRAINING_04280,433.jpg,brick,,Construction and Demolition Waste,,,,,,,,,,,,,,,,,,,,,
CODD_TRAINING_04281,433.jpg,brick,,Construction and Demolition Waste,,,,,,,,,,,,,,,,,,,,,
CODD_TRAINING_04282,433.jpg,brick,,Construction and Demolition Waste,,,,,,,,,,,,,,,,,,,,,
CODD_TRAINING_04283,433.jpg,brick,,Construction and Demolition Waste,,,,,,,,,,,,,,,,,,,,,
CODD_TRAINING_04284,434.jpg,concrete,,Construction and Demolition Waste,,,,,,,,,,,,,,,,,,,,,
CODD_TRAINING_04285,434.jpg,concrete,,Construction and Demolition Waste,,,,,,,,,,,,,,,,,,,,,
CODD_TRAINING_04286,434.jpg,concrete,,Construction and Demolition Waste,,,,,,,,,,,,,,,,,,,,,
CODD_TRAINING_04287,434.jpg,concrete,,Construction and Demolition Waste,,,,,,,,,,,,,,,,,,,,,
CODD_TRAINING_04288,434.jpg,concrete,,Construction and Demolition Waste,,,,,,,,,,,,,,,,,,,,,
CODD_TRAINING_04289,434.jpg,concrete,,Construction and Demolition Waste,,,,,,,,,,,,,,,,,,,,,
CODD_TRAINING_04290,434.jpg,concrete,,Construction and Demolition Waste,,,,,,,,,,,,,,,,,,,,,
CODD_TRAINING_04291,434.jpg,concrete,,Construction and Demolition Waste,,,,,,,,,,,,,,,,,,,,,
CODD_TRAINING_04292,434.jpg,concrete,,Construction and Demolition Waste,,,,,,,,,,,,,,,,,,,,,
CODD_TRAINING_04293,434.jpg,concrete,,Construction and Demolition Waste,,,,,,,,,,,,,,,,,,,,,
CODD_TRAINING_04294,434.jpg,concrete,,Construction and Demolition Waste,,,,,,,,,,,,,,,,,,,,,
CODD_TRAINING_04295,434.jpg,concrete,,Construction and Demolition Waste,,,,,,,,,,,,,,,,,,,,,
CODD_TRAINING_04296,435.jpg,tile,,Construction and Demolition Waste,,,,,,,,,,,,,,,,,,,,,
CODD_TRAINING_04297,435.jpg,tile,,Construction and Demolition Waste,,,,,,,,,,,,,,,,,,,,,
CODD_TRAINING_04298,435.jpg,tile,,Construction and Demolition Waste,,,,,,,,,,,,,,,,,,,,,
CODD_TRAINING_04299,435.jpg,tile,,Construction and Demolition Waste,,,,,,,,,,,,,,,,,,,,,
CODD_TRAINING_04300,435.jpg,tile,,Construction and Demolition Waste,,,,,,,,,,,,,,,,,,,,,
CODD_TRAINING_04301,435.jpg,tile,,Construction and Demolition Waste,,,,,,,,,,,,,,,,,,,,,
CODD_TRAINING_04302,435.jpg,tile,,Construction and Demolition Waste,,,,,,,,,,,,,,,,,,,,,
CODD_TRAINING_04303,435.jpg,tile,,Construction and Demolition Waste,,,,,,,,,,,,,,,,,,,,,
CODD_TRAINING_04304,435.jpg,tile,,Construction and Demolition Waste,,,,,,,,,,,,,,,,,,,,,
CODD_TRAINING_04305,435.jpg,tile,,Construction and Demolition Waste,,,,,,,,,,,,,,,,,,,,,
CODD_TRAINING_04306,435.jpg,tile,,Construction and Demolition Waste,,,,,,,,,,,,,,,,,,,,,
CODD_TRAINING_04307,435.jpg,tile,,Construction and Demolition Waste,,,,,,,,,,,,,,,,,,,,,
CODD_TRAINING_04308,436.jpg,concrete,,Construction and Demolition Waste,,,,,,,,,,,,,,,,,,,,,
CODD_TRAINING_04309,436.jpg,concrete,,Construction and Demolition Waste,,,,,,,,,,,,,,,,,,,,,
CODD_TRAINING_04310,436.jpg,concrete,,Construction and Demolition Waste,,,,,,,,,,,,,,,,,,,,,
CODD_TRAINING_04311,436.jpg,concrete,,Construction and Demolition Waste,,,,,,,,,,,,,,,,,,,,,
CODD_TRAINING_04312,436.jpg,concrete,,Construction and Demolition Waste,,,,,,,,,,,,,,,,,,,,,
CODD_TRAINING_04313,436.jpg,concrete,,Construction and Demolition Waste,,,,,,,,,,,,,,,,,,,,,
CODD_TRAINING_04314,436.jpg,concrete,,Construction and Demolition Waste,,,,,,,,,,,,,,,,,,,,,
CODD_TRAINING_04315,436.jpg,concrete,,Construction and Demolition Waste,,,,,,,,,,,,,,,,,,,,,
CODD_TRAINING_04316,436.jpg,concrete,,Construction and Demolition Waste,,,,,,,,,,,,,,,,,,,,,
CODD_TRAINING_04317,436.jpg,concrete,,Construction and Demolition Waste,,,,,,,,,,,,,,,,,,,,,
CODD_TRAINING_04318,436.jpg,concrete,,Construction and Demolition Waste,,,,,,,,,,,,,,,,,,,,,
CODD_TRAINING_04319,436.jpg,concrete,,Construction and Demolition Waste,,,,,,,,,,,,,,,,,,,,,
CODD_TRAINING_04320,438.jpg,tile,,Construction and Demolition Waste,,,,,,,,,,,,,,,,,,,,,
CODD_TRAINING_04321,438.jpg,tile,,Construction and Demolition Waste,,,,,,,,,,,,,,,,,,,,,
CODD_TRAINING_04322,438.jpg,tile,,Construction and Demolition Waste,,,,,,,,,,,,,,,,,,,,,
CODD_TRAINING_04323,438.jpg,tile,,Construction and Demolition Waste,,,,,,,,,,,,,,,,,,,,,
CODD_TRAINING_04324,438.jpg,tile,,Construction and Demolition Waste,,,,,,,,,,,,,,,,,,,,,
CODD_TRAINING_04325,438.jpg,tile,,Construction and Demolition Waste,,,,,,,,,,,,,,,,,,,,,
CODD_TRAINING_04326,438.jpg,tile,,Construction and Demolition Waste,,,,,,,,,,,,,,,,,,,,,
CODD_TRAINING_04327,438.jpg,tile,,Construction and Demolition Waste,,,,,,,,,,,,,,,,,,,,,
CODD_TRAINING_04328,438.jpg,tile,,Construction and Demolition Waste,,,,,,,,,,,,,,,,,,,,,
CODD_TRAINING_04329,438.jpg,tile,,Construction and Demolition Waste,,,,,,,,,,,,,,,,,,,,,
CODD_TRAINING_04330,438.jpg,tile,,Construction and Demolition Waste,,,,,,,,,,,,,,,,,,,,,
CODD_TRAINING_04331,438.jpg,tile,,Construction and Demolition Waste,,,,,,,,,,,,,,,,,,,,,
CODD_TRAINING_04332,439.jpg,concrete,,Construction and Demolition Waste,,,,,,,,,,,,,,,,,,,,,
CODD_TRAINING_04333,439.jpg,concrete,,Construction and Demolition Waste,,,,,,,,,,,,,,,,,,,,,
CODD_TRAINING_04334,439.jpg,concrete,,Construction and Demolition Waste,,,,,,,,,,,,,,,,,,,,,
CODD_TRAINING_04335,439.jpg,concrete,,Construction and Demolition Waste,,,,,,,,,,,,,,,,,,,,,
CODD_TRAINING_04336,439.jpg,concrete,,Construction and Demolition Waste,,,,,,,,,,,,,,,,,,,,,
CODD_TRAINING_04337,439.jpg,concrete,,Construction and Demolition Waste,,,,,,,,,,,,,,,,,,,,,
CODD_TRAINING_04338,439.jpg,concrete,,Construction and Demolition Waste,,,,,,,,,,,,,,,,,,,,,
CODD_TRAINING_04339,439.jpg,concrete,,Construction and Demolition Waste,,,,,,,,,,,,,,,,,,,,,
CODD_TRAINING_04340,439.jpg,concrete,,Construction and Demolition Waste,,,,,,,,,,,,,,,,,,,,,
CODD_TRAINING_04341,439.jpg,concrete,,Construction and Demolition Waste,,,,,,,,,,,,,,,,,,,,,
CODD_TRAINING_04342,439.jpg,concrete,,Construction and Demolition Waste,,,,,,,,,,,,,,,,,,,,,
CODD_TRAINING_04343,439.jpg,concrete,,Construction and Demolition Waste,,,,,,,,,,,,,,,,,,,,,
CODD_TRAINING_04344,439.jpg,concrete,,Construction and Demolition Waste,,,,,,,,,,,,,,,,,,,,,
CODD_TRAINING_04345,44.jpg,brick,,Construction and Demolition Waste,,,,,,,,,,,,,,,,,,,,,
CODD_TRAINING_04346,44.jpg,concrete,,Construction and Demolition Waste,,,,,,,,,,,,,,,,,,,,,
CODD_TRAINING_04347,44.jpg,tile,,Construction and Demolition Waste,,,,,,,,,,,,,,,,,,,,,
CODD_TRAINING_04348,44.jpg,brick,,Construction and Demolition Waste,,,,,,,,,,,,,,,,,,,,,
CODD_TRAINING_04349,44.jpg,concrete,,Construction and Demolition Waste,,,,,,,,,,,,,,,,,,,,,
CODD_TRAINING_04350,44.jpg,tile,,Construction and Demolition Waste,,,,,,,,,,,,,,,,,,,,,
CODD_TRAINING_04351,44.jpg,brick,,Construction and Demolition Waste,,,,,,,,,,,,,,,,,,,,,
CODD_TRAINING_04352,44.jpg,concrete,,Construction and Demolition Waste,,,,,,,,,,,,,,,,,,,,,
CODD_TRAINING_04353,44.jpg,tile,,Construction and Demolition Waste,,,,,,,,,,,,,,,,,,,,,
CODD_TRAINING_04354,44.jpg,brick,,Construction and Demolition Waste,,,,,,,,,,,,,,,,,,,,,
CODD_TRAINING_04355,44.jpg,concrete,,Construction and Demolition Waste,,,,,,,,,,,,,,,,,,,,,
CODD_TRAINING_04356,44.jpg,tile,,Construction and Demolition Waste,,,,,,,,,,,,,,,,,,,,,
CODD_TRAINING_04357,441.jpg,tile,,Construction and Demolition Waste,,,,,,,,,,,,,,,,,,,,,
CODD_TRAINING_04358,441.jpg,tile,,Construction and Demolition Waste,,,,,,,,,,,,,,,,,,,,,
CODD_TRAINING_04359,441.jpg,tile,,Construction and Demolition Waste,,,,,,,,,,,,,,,,,,,,,
CODD_TRAINING_04360,441.jpg,tile,,Construction and Demolition Waste,,,,,,,,,,,,,,,,,,,,,
CODD_TRAINING_04361,441.jpg,tile,,Construction and Demolition Waste,,,,,,,,,,,,,,,,,,,,,
CODD_TRAINING_04362,441.jpg,tile,,Construction and Demolition Waste,,,,,,,,,,,,,,,,,,,,,
CODD_TRAINING_04363,441.jpg,tile,,Construction and Demolition Waste,,,,,,,,,,,,,,,,,,,,,
CODD_TRAINING_04364,441.jpg,tile,,Construction and Demolition Waste,,,,,,,,,,,,,,,,,,,,,
CODD_TRAINING_04365,441.jpg,tile,,Construction and Demolition Waste,,,,,,,,,,,,,,,,,,,,,
CODD_TRAINING_04366,441.jpg,tile,,Construction and Demolition Waste,,,,,,,,,,,,,,,,,,,,,
CODD_TRAINING_04367,441.jpg,tile,,Construction and Demolition Waste,,,,,,,,,,,,,,,,,,,,,
CODD_TRAINING_04368,442.jpg,concrete,,Construction and Demolition Waste,,,,,,,,,,,,,,,,,,,,,
CODD_TRAINING_04369,442.jpg,concrete,,Construction and Demolition Waste,,,,,,,,,,,,,,,,,,,,,
CODD_TRAINING_04370,442.jpg,concrete,,Construction and Demolition Waste,,,,,,,,,,,,,,,,,,,,,
CODD_TRAINING_04371,442.jpg,concrete,,Construction and Demolition Waste,,,,,,,,,,,,,,,,,,,,,
CODD_TRAINING_04372,442.jpg,concrete,,Construction and Demolition Waste,,,,,,,,,,,,,,,,,,,,,
CODD_TRAINING_04373,442.jpg,concrete,,Construction and Demolition Waste,,,,,,,,,,,,,,,,,,,,,
CODD_TRAINING_04374,442.jpg,concrete,,Construction and Demolition Waste,,,,,,,,,,,,,,,,,,,,,
CODD_TRAINING_04375,442.jpg,concrete,,Construction and Demolition Waste,,,,,,,,,,,,,,,,,,,,,
CODD_TRAINING_04376,442.jpg,concrete,,Construction and Demolition Waste,,,,,,,,,,,,,,,,,,,,,
CODD_TRAINING_04377,442.jpg,concrete,,Construction and Demolition Waste,,,,,,,,,,,,,,,,,,,,,
CODD_TRAINING_04378,442.jpg,concrete,,Construction and Demolition Waste,,,,,,,,,,,,,,,,,,,,,
CODD_TRAINING_04379,442.jpg,concrete,,Construction and Demolition Waste,,,,,,,,,,,,,,,,,,,,,
CODD_TRAINING_04380,443.jpg,tile,,Construction and Demolition Waste,,,,,,,,,,,,,,,,,,,,,
CODD_TRAINING_04381,443.jpg,tile,,Construction and Demolition Waste,,,,,,,,,,,,,,,,,,,,,
CODD_TRAINING_04382,443.jpg,tile,,Construction and Demolition Waste,,,,,,,,,,,,,,,,,,,,,
CODD_TRAINING_04383,443.jpg,tile,,Construction and Demolition Waste,,,,,,,,,,,,,,,,,,,,,
CODD_TRAINING_04384,443.jpg,tile,,Construction and Demolition Waste,,,,,,,,,,,,,,,,,,,,,
CODD_TRAINING_04385,443.jpg,tile,,Construction and Demolition Waste,,,,,,,,,,,,,,,,,,,,,
CODD_TRAINING_04386,443.jpg,tile,,Construction and Demolition Waste,,,,,,,,,,,,,,,,,,,,,
CODD_TRAINING_04387,443.jpg,tile,,Construction and Demolition Waste,,,,,,,,,,,,,,,,,,,,,
CODD_TRAINING_04388,443.jpg,tile,,Construction and Demolition Waste,,,,,,,,,,,,,,,,,,,,,
CODD_TRAINING_04389,443.jpg,tile,,Construction and Demolition Waste,,,,,,,,,,,,,,,,,,,,,
CODD_TRAINING_04390,444.jpg,brick,,Construction and Demolition Waste,,,,,,,,,,,,,,,,,,,,,
CODD_TRAINING_04391,444.jpg,brick,,Construction and Demolition Waste,,,,,,,,,,,,,,,,,,,,,
CODD_TRAINING_04392,444.jpg,brick,,Construction and Demolition Waste,,,,,,,,,,,,,,,,,,,,,
CODD_TRAINING_04393,444.jpg,brick,,Construction and Demolition Waste,,,,,,,,,,,,,,,,,,,,,
CODD_TRAINING_04394,444.jpg,brick,,Construction and Demolition Waste,,,,,,,,,,,,,,,,,,,,,
CODD_TRAINING_04395,444.jpg,brick,,Construction and Demolition Waste,,,,,,,,,,,,,,,,,,,,,
CODD_TRAINING_04396,444.jpg,brick,,Construction and Demolition Waste,,,,,,,,,,,,,,,,,,,,,
CODD_TRAINING_04397,444.jpg,brick,,Construction and Demolition Waste,,,,,,,,,,,,,,,,,,,,,
CODD_TRAINING_04398,444.jpg,brick,,Construction and Demolition Waste,,,,,,,,,,,,,,,,,,,,,
CODD_TRAINING_04399,444.jpg,brick,,Construction and Demolition Waste,,,,,,,,,,,,,,,,,,,,,
CODD_TRAINING_04400,444.jpg,brick,,Construction and Demolition Waste,,,,,,,,,,,,,,,,,,,,,
CODD_TRAINING_04401,444.jpg,brick,,Construction and Demolition Waste,,,,,,,,,,,,,,,,,,,,,
CODD_TRAINING_04402,444.jpg,brick,,Construction and Demolition Waste,,,,,,,,,,,,,,,,,,,,,
CODD_TRAINING_04403,446.jpg,tile,,Construction and Demolition Waste,,,,,,,,,,,,,,,,,,,,,
CODD_TRAINING_04404,446.jpg,tile,,Construction and Demolition Waste,,,,,,,,,,,,,,,,,,,,,
CODD_TRAINING_04405,446.jpg,tile,,Construction and Demolition Waste,,,,,,,,,,,,,,,,,,,,,
CODD_TRAINING_04406,446.jpg,tile,,Construction and Demolition Waste,,,,,,,,,,,,,,,,,,,,,
CODD_TRAINING_04407,446.jpg,tile,,Construction and Demolition Waste,,,,,,,,,,,,,,,,,,,,,
CODD_TRAINING_04408,446.jpg,tile,,Construction and Demolition Waste,,,,,,,,,,,,,,,,,,,,,
CODD_TRAINING_04409,446.jpg,tile,,Construction and Demolition Waste,,,,,,,,,,,,,,,,,,,,,
CODD_TRAINING_04410,446.jpg,tile,,Construction and Demolition Waste,,,,,,,,,,,,,,,,,,,,,
CODD_TRAINING_04411,446.jpg,tile,,Construction and Demolition Waste,,,,,,,,,,,,,,,,,,,,,
CODD_TRAINING_04412,446.jpg,tile,,Construction and Demolition Waste,,,,,,,,,,,,,,,,,,,,,
CODD_TRAINING_04413,446.jpg,tile,,Construction and Demolition Waste,,,,,,,,,,,,,,,,,,,,,
CODD_TRAINING_04414,447.jpg,brick,,Construction and Demolition Waste,,,,,,,,,,,,,,,,,,,,,
CODD_TRAINING_04415,447.jpg,brick,,Construction and Demolition Waste,,,,,,,,,,,,,,,,,,,,,
CODD_TRAINING_04416,447.jpg,brick,,Construction and Demolition Waste,,,,,,,,,,,,,,,,,,,,,
CODD_TRAINING_04417,447.jpg,brick,,Construction and Demolition Waste,,,,,,,,,,,,,,,,,,,,,
CODD_TRAINING_04418,447.jpg,brick,,Construction and Demolition Waste,,,,,,,,,,,,,,,,,,,,,
CODD_TRAINING_04419,447.jpg,brick,,Construction and Demolition Waste,,,,,,,,,,,,,,,,,,,,,
CODD_TRAINING_04420,447.jpg,brick,,Construction and Demolition Waste,,,,,,,,,,,,,,,,,,,,,
CODD_TRAINING_04421,447.jpg,brick,,Construction and Demolition Waste,,,,,,,,,,,,,,,,,,,,,
CODD_TRAINING_04422,447.jpg,brick,,Construction and Demolition Waste,,,,,,,,,,,,,,,,,,,,,
CODD_TRAINING_04423,447.jpg,brick,,Construction and Demolition Waste,,,,,,,,,,,,,,,,,,,,,
CODD_TRAINING_04424,447.jpg,brick,,Construction and Demolition Waste,,,,,,,,,,,,,,,,,,,,,
CODD_TRAINING_04425,447.jpg,brick,,Construction and Demolition Waste,,,,,,,,,,,,,,,,,,,,,
CODD_TRAINING_04426,448.jpg,concrete,,Construction and Demolition Waste,,,,,,,,,,,,,,,,,,,,,
CODD_TRAINING_04427,448.jpg,concrete,,Construction and Demolition Waste,,,,,,,,,,,,,,,,,,,,,
CODD_TRAINING_04428,448.jpg,concrete,,Construction and Demolition Waste,,,,,,,,,,,,,,,,,,,,,
CODD_TRAINING_04429,448.jpg,concrete,,Construction and Demolition Waste,,,,,,,,,,,,,,,,,,,,,
CODD_TRAINING_04430,448.jpg,concrete,,Construction and Demolition Waste,,,,,,,,,,,,,,,,,,,,,
CODD_TRAINING_04431,448.jpg,concrete,,Construction and Demolition Waste,,,,,,,,,,,,,,,,,,,,,
CODD_TRAINING_04432,448.jpg,concrete,,Construction and Demolition Waste,,,,,,,,,,,,,,,,,,,,,
CODD_TRAINING_04433,448.jpg,concrete,,Construction and Demolition Waste,,,,,,,,,,,,,,,,,,,,,
CODD_TRAINING_04434,448.jpg,concrete,,Construction and Demolition Waste,,,,,,,,,,,,,,,,,,,,,
CODD_TRAINING_04435,448.jpg,concrete,,Construction and Demolition Waste,,,,,,,,,,,,,,,,,,,,,
CODD_TRAINING_04436,448.jpg,concrete,,Construction and Demolition Waste,,,,,,,,,,,,,,,,,,,,,
CODD_TRAINING_04437,448.jpg,concrete,,Construction and Demolition Waste,,,,,,,,,,,,,,,,,,,,,
CODD_TRAINING_04438,448.jpg,concrete,,Construction and Demolition Waste,,,,,,,,,,,,,,,,,,,,,
CODD_TRAINING_04439,448.jpg,concrete,,Construction and Demolition Waste,,,,,,,,,,,,,,,,,,,,,
CODD_TRAINING_04440,45.jpg,brick,,Construction and Demolition Waste,,,,,,,,,,,,,,,,,,,,,
CODD_TRAINING_04441,45.jpg,concrete,,Construction and Demolition Waste,,,,,,,,,,,,,,,,,,,,,
CODD_TRAINING_04442,45.jpg,tile,,Construction and Demolition Waste,,,,,,,,,,,,,,,,,,,,,
CODD_TRAINING_04443,45.jpg,brick,,Construction and Demolition Waste,,,,,,,,,,,,,,,,,,,,,
CODD_TRAINING_04444,45.jpg,concrete,,Construction and Demolition Waste,,,,,,,,,,,,,,,,,,,,,
CODD_TRAINING_04445,45.jpg,tile,,Construction and Demolition Waste,,,,,,,,,,,,,,,,,,,,,
CODD_TRAINING_04446,45.jpg,concrete,,Construction and Demolition Waste,,,,,,,,,,,,,,,,,,,,,
CODD_TRAINING_04447,45.jpg,tile,,Construction and Demolition Waste,,,,,,,,,,,,,,,,,,,,,
CODD_TRAINING_04448,45.jpg,brick,,Construction and Demolition Waste,,,,,,,,,,,,,,,,,,,,,
CODD_TRAINING_04449,45.jpg,concrete,,Construction and Demolition Waste,,,,,,,,,,,,,,,,,,,,,
CODD_TRAINING_04450,45.jpg,tile,,Construction and Demolition Waste,,,,,,,,,,,,,,,,,,,,,
CODD_TRAINING_04451,45.jpg,brick,,Construction and Demolition Waste,,,,,,,,,,,,,,,,,,,,,
CODD_TRAINING_04452,450.jpg,brick,,Construction and Demolition Waste,,,,,,,,,,,,,,,,,,,,,
CODD_TRAINING_04453,450.jpg,brick,,Construction and Demolition Waste,,,,,,,,,,,,,,,,,,,,,
CODD_TRAINING_04454,450.jpg,brick,,Construction and Demolition Waste,,,,,,,,,,,,,,,,,,,,,
CODD_TRAINING_04455,450.jpg,brick,,Construction and Demolition Waste,,,,,,,,,,,,,,,,,,,,,
CODD_TRAINING_04456,450.jpg,brick,,Construction and Demolition Waste,,,,,,,,,,,,,,,,,,,,,
CODD_TRAINING_04457,450.jpg,brick,,Construction and Demolition Waste,,,,,,,,,,,,,,,,,,,,,
CODD_TRAINING_04458,450.jpg,brick,,Construction and Demolition Waste,,,,,,,,,,,,,,,,,,,,,
CODD_TRAINING_04459,450.jpg,brick,,Construction and Demolition Waste,,,,,,,,,,,,,,,,,,,,,
CODD_TRAINING_04460,450.jpg,brick,,Construction and Demolition Waste,,,,,,,,,,,,,,,,,,,,,
CODD_TRAINING_04461,450.jpg,brick,,Construction and Demolition Waste,,,,,,,,,,,,,,,,,,,,,
CODD_TRAINING_04462,450.jpg,brick,,Construction and Demolition Waste,,,,,,,,,,,,,,,,,,,,,
CODD_TRAINING_04463,450.jpg,brick,,Construction and Demolition Waste,,,,,,,,,,,,,,,,,,,,,
CODD_TRAINING_04464,450.jpg,brick,,Construction and Demolition Waste,,,,,,,,,,,,,,,,,,,,,
CODD_TRAINING_04465,450.jpg,brick,,Construction and Demolition Waste,,,,,,,,,,,,,,,,,,,,,
CODD_TRAINING_04466,450.jpg,brick,,Construction and Demolition Waste,,,,,,,,,,,,,,,,,,,,,
CODD_TRAINING_04467,451.jpg,concrete,,Construction and Demolition Waste,,,,,,,,,,,,,,,,,,,,,
CODD_TRAINING_04468,451.jpg,concrete,,Construction and Demolition Waste,,,,,,,,,,,,,,,,,,,,,
CODD_TRAINING_04469,451.jpg,concrete,,Construction and Demolition Waste,,,,,,,,,,,,,,,,,,,,,
CODD_TRAINING_04470,451.jpg,concrete,,Construction and Demolition Waste,,,,,,,,,,,,,,,,,,,,,
CODD_TRAINING_04471,451.jpg,concrete,,Construction and Demolition Waste,,,,,,,,,,,,,,,,,,,,,
CODD_TRAINING_04472,451.jpg,concrete,,Construction and Demolition Waste,,,,,,,,,,,,,,,,,,,,,
CODD_TRAINING_04473,451.jpg,concrete,,Construction and Demolition Waste,,,,,,,,,,,,,,,,,,,,,
CODD_TRAINING_04474,451.jpg,concrete,,Construction and Demolition Waste,,,,,,,,,,,,,,,,,,,,,
CODD_TRAINING_04475,451.jpg,concrete,,Construction and Demolition Waste,,,,,,,,,,,,,,,,,,,,,
CODD_TRAINING_04476,451.jpg,concrete,,Construction and Demolition Waste,,,,,,,,,,,,,,,,,,,,,
CODD_TRAINING_04477,451.jpg,concrete,,Construction and Demolition Waste,,,,,,,,,,,,,,,,,,,,,
CODD_TRAINING_04478,451.jpg,concrete,,Construction and Demolition Waste,,,,,,,,,,,,,,,,,,,,,
CODD_TRAINING_04479,452.jpg,tile,,Construction and Demolition Waste,,,,,,,,,,,,,,,,,,,,,
CODD_TRAINING_04480,452.jpg,tile,,Construction and Demolition Waste,,,,,,,,,,,,,,,,,,,,,
CODD_TRAINING_04481,452.jpg,tile,,Construction and Demolition Waste,,,,,,,,,,,,,,,,,,,,,
CODD_TRAINING_04482,452.jpg,tile,,Construction and Demolition Waste,,,,,,,,,,,,,,,,,,,,,
CODD_TRAINING_04483,452.jpg,tile,,Construction and Demolition Waste,,,,,,,,,,,,,,,,,,,,,
CODD_TRAINING_04484,452.jpg,tile,,Construction and Demolition Waste,,,,,,,,,,,,,,,,,,,,,
CODD_TRAINING_04485,452.jpg,tile,,Construction and Demolition Waste,,,,,,,,,,,,,,,,,,,,,
CODD_TRAINING_04486,452.jpg,tile,,Construction and Demolition Waste,,,,,,,,,,,,,,,,,,,,,
CODD_TRAINING_04487,452.jpg,tile,,Construction and Demolition Waste,,,,,,,,,,,,,,,,,,,,,
CODD_TRAINING_04488,452.jpg,tile,,Construction and Demolition Waste,,,,,,,,,,,,,,,,,,,,,
CODD_TRAINING_04489,453.jpg,brick,,Construction and Demolition Waste,,,,,,,,,,,,,,,,,,,,,
CODD_TRAINING_04490,453.jpg,brick,,Construction and Demolition Waste,,,,,,,,,,,,,,,,,,,,,
CODD_TRAINING_04491,453.jpg,brick,,Construction and Demolition Waste,,,,,,,,,,,,,,,,,,,,,
CODD_TRAINING_04492,453.jpg,brick,,Construction and Demolition Waste,,,,,,,,,,,,,,,,,,,,,
CODD_TRAINING_04493,453.jpg,brick,,Construction and Demolition Waste,,,,,,,,,,,,,,,,,,,,,
CODD_TRAINING_04494,453.jpg,brick,,Construction and Demolition Waste,,,,,,,,,,,,,,,,,,,,,
CODD_TRAINING_04495,453.jpg,brick,,Construction and Demolition Waste,,,,,,,,,,,,,,,,,,,,,
CODD_TRAINING_04496,453.jpg,brick,,Construction and Demolition Waste,,,,,,,,,,,,,,,,,,,,,
CODD_TRAINING_04497,453.jpg,brick,,Construction and Demolition Waste,,,,,,,,,,,,,,,,,,,,,
CODD_TRAINING_04498,453.jpg,brick,,Construction and Demolition Waste,,,,,,,,,,,,,,,,,,,,,
CODD_TRAINING_04499,453.jpg,brick,,Construction and Demolition Waste,,,,,,,,,,,,,,,,,,,,,
CODD_TRAINING_04500,453.jpg,brick,,Construction and Demolition Waste,,,,,,,,,,,,,,,,,,,,,
CODD_TRAINING_04501,454.jpg,concrete,,Construction and Demolition Waste,,,,,,,,,,,,,,,,,,,,,
CODD_TRAINING_04502,454.jpg,concrete,,Construction and Demolition Waste,,,,,,,,,,,,,,,,,,,,,
CODD_TRAINING_04503,454.jpg,concrete,,Construction and Demolition Waste,,,,,,,,,,,,,,,,,,,,,
CODD_TRAINING_04504,454.jpg,concrete,,Construction and Demolition Waste,,,,,,,,,,,,,,,,,,,,,
CODD_TRAINING_04505,454.jpg,concrete,,Construction and Demolition Waste,,,,,,,,,,,,,,,,,,,,,
CODD_TRAINING_04506,454.jpg,concrete,,Construction and Demolition Waste,,,,,,,,,,,,,,,,,,,,,
CODD_TRAINING_04507,454.jpg,concrete,,Construction and Demolition Waste,,,,,,,,,,,,,,,,,,,,,
CODD_TRAINING_04508,454.jpg,concrete,,Construction and Demolition Waste,,,,,,,,,,,,,,,,,,,,,
CODD_TRAINING_04509,454.jpg,concrete,,Construction and Demolition Waste,,,,,,,,,,,,,,,,,,,,,
CODD_TRAINING_04510,454.jpg,concrete,,Construction and Demolition Waste,,,,,,,,,,,,,,,,,,,,,
CODD_TRAINING_04511,454.jpg,concrete,,Construction and Demolition Waste,,,,,,,,,,,,,,,,,,,,,
CODD_TRAINING_04512,454.jpg,concrete,,Construction and Demolition Waste,,,,,,,,,,,,,,,,,,,,,
CODD_TRAINING_04513,454.jpg,concrete,,Construction and Demolition Waste,,,,,,,,,,,,,,,,,,,,,
CODD_TRAINING_04514,458.jpg,tile,,Construction and Demolition Waste,,,,,,,,,,,,,,,,,,,,,
CODD_TRAINING_04515,458.jpg,tile,,Construction and Demolition Waste,,,,,,,,,,,,,,,,,,,,,
CODD_TRAINING_04516,458.jpg,tile,,Construction and Demolition Waste,,,,,,,,,,,,,,,,,,,,,
CODD_TRAINING_04517,458.jpg,tile,,Construction and Demolition Waste,,,,,,,,,,,,,,,,,,,,,
CODD_TRAINING_04518,458.jpg,tile,,Construction and Demolition Waste,,,,,,,,,,,,,,,,,,,,,
CODD_TRAINING_04519,458.jpg,tile,,Construction and Demolition Waste,,,,,,,,,,,,,,,,,,,,,
CODD_TRAINING_04520,458.jpg,tile,,Construction and Demolition Waste,,,,,,,,,,,,,,,,,,,,,
CODD_TRAINING_04521,458.jpg,tile,,Construction and Demolition Waste,,,,,,,,,,,,,,,,,,,,,
CODD_TRAINING_04522,458.jpg,tile,,Construction and Demolition Waste,,,,,,,,,,,,,,,,,,,,,
CODD_TRAINING_04523,458.jpg,tile,,Construction and Demolition Waste,,,,,,,,,,,,,,,,,,,,,
CODD_TRAINING_04524,458.jpg,tile,,Construction and Demolition Waste,,,,,,,,,,,,,,,,,,,,,
CODD_TRAINING_04525,458.jpg,tile,,Construction and Demolition Waste,,,,,,,,,,,,,,,,,,,,,
CODD_TRAINING_04526,458.jpg,tile,,Construction and Demolition Waste,,,,,,,,,,,,,,,,,,,,,
CODD_TRAINING_04527,46.jpg,brick,,Construction and Demolition Waste,,,,,,,,,,,,,,,,,,,,,
CODD_TRAINING_04528,46.jpg,concrete,,Construction and Demolition Waste,,,,,,,,,,,,,,,,,,,,,
CODD_TRAINING_04529,46.jpg,tile,,Construction and Demolition Waste,,,,,,,,,,,,,,,,,,,,,
CODD_TRAINING_04530,46.jpg,brick,,Construction and Demolition Waste,,,,,,,,,,,,,,,,,,,,,
CODD_TRAINING_04531,46.jpg,concrete,,Construction and Demolition Waste,,,,,,,,,,,,,,,,,,,,,
CODD_TRAINING_04532,46.jpg,tile,,Construction and Demolition Waste,,,,,,,,,,,,,,,,,,,,,
CODD_TRAINING_04533,46.jpg,brick,,Construction and Demolition Waste,,,,,,,,,,,,,,,,,,,,,
CODD_TRAINING_04534,46.jpg,concrete,,Construction and Demolition Waste,,,,,,,,,,,,,,,,,,,,,
CODD_TRAINING_04535,46.jpg,tile,,Construction and Demolition Waste,,,,,,,,,,,,,,,,,,,,,
CODD_TRAINING_04536,46.jpg,brick,,Construction and Demolition Waste,,,,,,,,,,,,,,,,,,,,,
CODD_TRAINING_04537,46.jpg,concrete,,Construction and Demolition Waste,,,,,,,,,,,,,,,,,,,,,
CODD_TRAINING_04538,46.jpg,tile,,Construction and Demolition Waste,,,,,,,,,,,,,,,,,,,,,
CODD_TRAINING_04539,462.jpg,brick,,Construction and Demolition Waste,,,,,,,,,,,,,,,,,,,,,
CODD_TRAINING_04540,462.jpg,brick,,Construction and Demolition Waste,,,,,,,,,,,,,,,,,,,,,
CODD_TRAINING_04541,462.jpg,brick,,Construction and Demolition Waste,,,,,,,,,,,,,,,,,,,,,
CODD_TRAINING_04542,462.jpg,brick,,Construction and Demolition Waste,,,,,,,,,,,,,,,,,,,,,
CODD_TRAINING_04543,462.jpg,brick,,Construction and Demolition Waste,,,,,,,,,,,,,,,,,,,,,
CODD_TRAINING_04544,462.jpg,brick,,Construction and Demolition Waste,,,,,,,,,,,,,,,,,,,,,
CODD_TRAINING_04545,462.jpg,brick,,Construction and Demolition Waste,,,,,,,,,,,,,,,,,,,,,
CODD_TRAINING_04546,462.jpg,brick,,Construction and Demolition Waste,,,,,,,,,,,,,,,,,,,,,
CODD_TRAINING_04547,462.jpg,brick,,Construction and Demolition Waste,,,,,,,,,,,,,,,,,,,,,
CODD_TRAINING_04548,462.jpg,brick,,Construction and Demolition Waste,,,,,,,,,,,,,,,,,,,,,
CODD_TRAINING_04549,462.jpg,brick,,Construction and Demolition Waste,,,,,,,,,,,,,,,,,,,,,
CODD_TRAINING_04550,463.jpg,concrete,,Construction and Demolition Waste,,,,,,,,,,,,,,,,,,,,,
CODD_TRAINING_04551,463.jpg,concrete,,Construction and Demolition Waste,,,,,,,,,,,,,,,,,,,,,
CODD_TRAINING_04552,463.jpg,concrete,,Construction and Demolition Waste,,,,,,,,,,,,,,,,,,,,,
CODD_TRAINING_04553,463.jpg,concrete,,Construction and Demolition Waste,,,,,,,,,,,,,,,,,,,,,
CODD_TRAINING_04554,463.jpg,concrete,,Construction and Demolition Waste,,,,,,,,,,,,,,,,,,,,,
CODD_TRAINING_04555,463.jpg,concrete,,Construction and Demolition Waste,,,,,,,,,,,,,,,,,,,,,
CODD_TRAINING_04556,463.jpg,concrete,,Construction and Demolition Waste,,,,,,,,,,,,,,,,,,,,,
CODD_TRAINING_04557,463.jpg,concrete,,Construction and Demolition Waste,,,,,,,,,,,,,,,,,,,,,
CODD_TRAINING_04558,463.jpg,concrete,,Construction and Demolition Waste,,,,,,,,,,,,,,,,,,,,,
CODD_TRAINING_04559,463.jpg,concrete,,Construction and Demolition Waste,,,,,,,,,,,,,,,,,,,,,
CODD_TRAINING_04560,463.jpg,concrete,,Construction and Demolition Waste,,,,,,,,,,,,,,,,,,,,,
CODD_TRAINING_04561,463.jpg,concrete,,Construction and Demolition Waste,,,,,,,,,,,,,,,,,,,,,
CODD_TRAINING_04562,464.jpg,tile,,Construction and Demolition Waste,,,,,,,,,,,,,,,,,,,,,
CODD_TRAINING_04563,464.jpg,tile,,Construction and Demolition Waste,,,,,,,,,,,,,,,,,,,,,
CODD_TRAINING_04564,464.jpg,tile,,Construction and Demolition Waste,,,,,,,,,,,,,,,,,,,,,
CODD_TRAINING_04565,464.jpg,tile,,Construction and Demolition Waste,,,,,,,,,,,,,,,,,,,,,
CODD_TRAINING_04566,464.jpg,tile,,Construction and Demolition Waste,,,,,,,,,,,,,,,,,,,,,
CODD_TRAINING_04567,464.jpg,tile,,Construction and Demolition Waste,,,,,,,,,,,,,,,,,,,,,
CODD_TRAINING_04568,464.jpg,tile,,Construction and Demolition Waste,,,,,,,,,,,,,,,,,,,,,
CODD_TRAINING_04569,464.jpg,tile,,Construction and Demolition Waste,,,,,,,,,,,,,,,,,,,,,
CODD_TRAINING_04570,464.jpg,tile,,Construction and Demolition Waste,,,,,,,,,,,,,,,,,,,,,
CODD_TRAINING_04571,464.jpg,tile,,Construction and Demolition Waste,,,,,,,,,,,,,,,,,,,,,
CODD_TRAINING_04572,464.jpg,tile,,Construction and Demolition Waste,,,,,,,,,,,,,,,,,,,,,
CODD_TRAINING_04573,464.jpg,tile,,Construction and Demolition Waste,,,,,,,,,,,,,,,,,,,,,
CODD_TRAINING_04574,464.jpg,tile,,Construction and Demolition Waste,,,,,,,,,,,,,,,,,,,,,
CODD_TRAINING_04575,465.jpg,brick,,Construction and Demolition Waste,,,,,,,,,,,,,,,,,,,,,
CODD_TRAINING_04576,465.jpg,brick,,Construction and Demolition Waste,,,,,,,,,,,,,,,,,,,,,
CODD_TRAINING_04577,465.jpg,brick,,Construction and Demolition Waste,,,,,,,,,,,,,,,,,,,,,
CODD_TRAINING_04578,465.jpg,brick,,Construction and Demolition Waste,,,,,,,,,,,,,,,,,,,,,
CODD_TRAINING_04579,465.jpg,brick,,Construction and Demolition Waste,,,,,,,,,,,,,,,,,,,,,
CODD_TRAINING_04580,465.jpg,brick,,Construction and Demolition Waste,,,,,,,,,,,,,,,,,,,,,
CODD_TRAINING_04581,465.jpg,brick,,Construction and Demolition Waste,,,,,,,,,,,,,,,,,,,,,
CODD_TRAINING_04582,465.jpg,brick,,Construction and Demolition Waste,,,,,,,,,,,,,,,,,,,,,
CODD_TRAINING_04583,465.jpg,brick,,Construction and Demolition Waste,,,,,,,,,,,,,,,,,,,,,
CODD_TRAINING_04584,465.jpg,brick,,Construction and Demolition Waste,,,,,,,,,,,,,,,,,,,,,
CODD_TRAINING_04585,465.jpg,brick,,Construction and Demolition Waste,,,,,,,,,,,,,,,,,,,,,
CODD_TRAINING_04586,465.jpg,brick,,Construction and Demolition Waste,,,,,,,,,,,,,,,,,,,,,
CODD_TRAINING_04587,465.jpg,brick,,Construction and Demolition Waste,,,,,,,,,,,,,,,,,,,,,
CODD_TRAINING_04588,465.jpg,brick,,Construction and Demolition Waste,,,,,,,,,,,,,,,,,,,,,
CODD_TRAINING_04589,466.jpg,concrete,,Construction and Demolition Waste,,,,,,,,,,,,,,,,,,,,,
CODD_TRAINING_04590,466.jpg,concrete,,Construction and Demolition Waste,,,,,,,,,,,,,,,,,,,,,
CODD_TRAINING_04591,466.jpg,concrete,,Construction and Demolition Waste,,,,,,,,,,,,,,,,,,,,,
CODD_TRAINING_04592,466.jpg,concrete,,Construction and Demolition Waste,,,,,,,,,,,,,,,,,,,,,
CODD_TRAINING_04593,466.jpg,concrete,,Construction and Demolition Waste,,,,,,,,,,,,,,,,,,,,,
CODD_TRAINING_04594,466.jpg,concrete,,Construction and Demolition Waste,,,,,,,,,,,,,,,,,,,,,
CODD_TRAINING_04595,466.jpg,concrete,,Construction and Demolition Waste,,,,,,,,,,,,,,,,,,,,,
CODD_TRAINING_04596,466.jpg,concrete,,Construction and Demolition Waste,,,,,,,,,,,,,,,,,,,,,
CODD_TRAINING_04597,466.jpg,concrete,,Construction and Demolition Waste,,,,,,,,,,,,,,,,,,,,,
CODD_TRAINING_04598,466.jpg,concrete,,Construction and Demolition Waste,,,,,,,,,,,,,,,,,,,,,
CODD_TRAINING_04599,466.jpg,concrete,,Construction and Demolition Waste,,,,,,,,,,,,,,,,,,,,,
CODD_TRAINING_04600,466.jpg,concrete,,Construction and Demolition Waste,,,,,,,,,,,,,,,,,,,,,
CODD_TRAINING_04601,466.jpg,concrete,,Construction and Demolition Waste,,,,,,,,,,,,,,,,,,,,,
CODD_TRAINING_04602,466.jpg,concrete,,Construction and Demolition Waste,,,,,,,,,,,,,,,,,,,,,
CODD_TRAINING_04603,466.jpg,concrete,,Construction and Demolition Waste,,,,,,,,,,,,,,,,,,,,,
CODD_TRAINING_04604,466.jpg,concrete,,Construction and Demolition Waste,,,,,,,,,,,,,,,,,,,,,
CODD_TRAINING_04605,467.jpg,tile,,Construction and Demolition Waste,,,,,,,,,,,,,,,,,,,,,
CODD_TRAINING_04606,467.jpg,tile,,Construction and Demolition Waste,,,,,,,,,,,,,,,,,,,,,
CODD_TRAINING_04607,467.jpg,tile,,Construction and Demolition Waste,,,,,,,,,,,,,,,,,,,,,
CODD_TRAINING_04608,467.jpg,tile,,Construction and Demolition Waste,,,,,,,,,,,,,,,,,,,,,
CODD_TRAINING_04609,467.jpg,tile,,Construction and Demolition Waste,,,,,,,,,,,,,,,,,,,,,
CODD_TRAINING_04610,467.jpg,tile,,Construction and Demolition Waste,,,,,,,,,,,,,,,,,,,,,
CODD_TRAINING_04611,467.jpg,tile,,Construction and Demolition Waste,,,,,,,,,,,,,,,,,,,,,
CODD_TRAINING_04612,467.jpg,tile,,Construction and Demolition Waste,,,,,,,,,,,,,,,,,,,,,
CODD_TRAINING_04613,467.jpg,tile,,Construction and Demolition Waste,,,,,,,,,,,,,,,,,,,,,
CODD_TRAINING_04614,467.jpg,tile,,Construction and Demolition Waste,,,,,,,,,,,,,,,,,,,,,
CODD_TRAINING_04615,467.jpg,tile,,Construction and Demolition Waste,,,,,,,,,,,,,,,,,,,,,
CODD_TRAINING_04616,467.jpg,tile,,Construction and Demolition Waste,,,,,,,,,,,,,,,,,,,,,
CODD_TRAINING_04617,467.jpg,tile,,Construction and Demolition Waste,,,,,,,,,,,,,,,,,,,,,
CODD_TRAINING_04618,467.jpg,tile,,Construction and Demolition Waste,,,,,,,,,,,,,,,,,,,,,
CODD_TRAINING_04619,468.jpg,brick,,Construction and Demolition Waste,,,,,,,,,,,,,,,,,,,,,
CODD_TRAINING_04620,468.jpg,brick,,Construction and Demolition Waste,,,,,,,,,,,,,,,,,,,,,
CODD_TRAINING_04621,468.jpg,brick,,Construction and Demolition Waste,,,,,,,,,,,,,,,,,,,,,
CODD_TRAINING_04622,468.jpg,brick,,Construction and Demolition Waste,,,,,,,,,,,,,,,,,,,,,
CODD_TRAINING_04623,468.jpg,brick,,Construction and Demolition Waste,,,,,,,,,,,,,,,,,,,,,
CODD_TRAINING_04624,468.jpg,brick,,Construction and Demolition Waste,,,,,,,,,,,,,,,,,,,,,
CODD_TRAINING_04625,468.jpg,brick,,Construction and Demolition Waste,,,,,,,,,,,,,,,,,,,,,
CODD_TRAINING_04626,468.jpg,brick,,Construction and Demolition Waste,,,,,,,,,,,,,,,,,,,,,
CODD_TRAINING_04627,468.jpg,brick,,Construction and Demolition Waste,,,,,,,,,,,,,,,,,,,,,
CODD_TRAINING_04628,468.jpg,brick,,Construction and Demolition Waste,,,,,,,,,,,,,,,,,,,,,
CODD_TRAINING_04629,468.jpg,brick,,Construction and Demolition Waste,,,,,,,,,,,,,,,,,,,,,
CODD_TRAINING_04630,468.jpg,brick,,Construction and Demolition Waste,,,,,,,,,,,,,,,,,,,,,
CODD_TRAINING_04631,468.jpg,brick,,Construction and Demolition Waste,,,,,,,,,,,,,,,,,,,,,
CODD_TRAINING_04632,469.jpg,concrete,,Construction and Demolition Waste,,,,,,,,,,,,,,,,,,,,,
CODD_TRAINING_04633,469.jpg,concrete,,Construction and Demolition Waste,,,,,,,,,,,,,,,,,,,,,
CODD_TRAINING_04634,469.jpg,concrete,,Construction and Demolition Waste,,,,,,,,,,,,,,,,,,,,,
CODD_TRAINING_04635,469.jpg,concrete,,Construction and Demolition Waste,,,,,,,,,,,,,,,,,,,,,
CODD_TRAINING_04636,469.jpg,concrete,,Construction and Demolition Waste,,,,,,,,,,,,,,,,,,,,,
CODD_TRAINING_04637,469.jpg,concrete,,Construction and Demolition Waste,,,,,,,,,,,,,,,,,,,,,
CODD_TRAINING_04638,469.jpg,concrete,,Construction and Demolition Waste,,,,,,,,,,,,,,,,,,,,,
CODD_TRAINING_04639,469.jpg,concrete,,Construction and Demolition Waste,,,,,,,,,,,,,,,,,,,,,
CODD_TRAINING_04640,469.jpg,concrete,,Construction and Demolition Waste,,,,,,,,,,,,,,,,,,,,,
CODD_TRAINING_04641,469.jpg,concrete,,Construction and Demolition Waste,,,,,,,,,,,,,,,,,,,,,
CODD_TRAINING_04642,469.jpg,concrete,,Construction and Demolition Waste,,,,,,,,,,,,,,,,,,,,,
CODD_TRAINING_04643,469.jpg,concrete,,Construction and Demolition Waste,,,,,,,,,,,,,,,,,,,,,
CODD_TRAINING_04644,469.jpg,concrete,,Construction and Demolition Waste,,,,,,,,,,,,,,,,,,,,,
CODD_TRAINING_04645,47.jpg,brick,,Construction and Demolition Waste,,,,,,,,,,,,,,,,,,,,,
CODD_TRAINING_04646,47.jpg,concrete,,Construction and Demolition Waste,,,,,,,,,,,,,,,,,,,,,
CODD_TRAINING_04647,47.jpg,tile,,Construction and Demolition Waste,,,,,,,,,,,,,,,,,,,,,
CODD_TRAINING_04648,47.jpg,brick,,Construction and Demolition Waste,,,,,,,,,,,,,,,,,,,,,
CODD_TRAINING_04649,47.jpg,concrete,,Construction and Demolition Waste,,,,,,,,,,,,,,,,,,,,,
CODD_TRAINING_04650,47.jpg,tile,,Construction and Demolition Waste,,,,,,,,,,,,,,,,,,,,,
CODD_TRAINING_04651,47.jpg,brick,,Construction and Demolition Waste,,,,,,,,,,,,,,,,,,,,,
CODD_TRAINING_04652,47.jpg,concrete,,Construction and Demolition Waste,,,,,,,,,,,,,,,,,,,,,
CODD_TRAINING_04653,47.jpg,tile,,Construction and Demolition Waste,,,,,,,,,,,,,,,,,,,,,
CODD_TRAINING_04654,47.jpg,brick,,Construction and Demolition Waste,,,,,,,,,,,,,,,,,,,,,
CODD_TRAINING_04655,47.jpg,concrete,,Construction and Demolition Waste,,,,,,,,,,,,,,,,,,,,,
CODD_TRAINING_04656,47.jpg,tile,,Construction and Demolition Waste,,,,,,,,,,,,,,,,,,,,,
CODD_TRAINING_04657,471.jpg,brick,,Construction and Demolition Waste,,,,,,,,,,,,,,,,,,,,,
CODD_TRAINING_04658,471.jpg,brick,,Construction and Demolition Waste,,,,,,,,,,,,,,,,,,,,,
CODD_TRAINING_04659,471.jpg,brick,,Construction and Demolition Waste,,,,,,,,,,,,,,,,,,,,,
CODD_TRAINING_04660,471.jpg,brick,,Construction and Demolition Waste,,,,,,,,,,,,,,,,,,,,,
CODD_TRAINING_04661,471.jpg,brick,,Construction and Demolition Waste,,,,,,,,,,,,,,,,,,,,,
CODD_TRAINING_04662,471.jpg,brick,,Construction and Demolition Waste,,,,,,,,,,,,,,,,,,,,,
CODD_TRAINING_04663,471.jpg,brick,,Construction and Demolition Waste,,,,,,,,,,,,,,,,,,,,,
CODD_TRAINING_04664,471.jpg,brick,,Construction and Demolition Waste,,,,,,,,,,,,,,,,,,,,,
CODD_TRAINING_04665,471.jpg,brick,,Construction and Demolition Waste,,,,,,,,,,,,,,,,,,,,,
CODD_TRAINING_04666,471.jpg,brick,,Construction and Demolition Waste,,,,,,,,,,,,,,,,,,,,,
CODD_TRAINING_04667,471.jpg,brick,,Construction and Demolition Waste,,,,,,,,,,,,,,,,,,,,,
CODD_TRAINING_04668,471.jpg,brick,,Construction and Demolition Waste,,,,,,,,,,,,,,,,,,,,,
CODD_TRAINING_04669,475.jpg,brick,,Construction and Demolition Waste,,,,,,,,,,,,,,,,,,,,,
CODD_TRAINING_04670,475.jpg,concrete,,Construction and Demolition Waste,,,,,,,,,,,,,,,,,,,,,
CODD_TRAINING_04671,475.jpg,tile,,Construction and Demolition Waste,,,,,,,,,,,,,,,,,,,,,
CODD_TRAINING_04672,475.jpg,brick,,Construction and Demolition Waste,,,,,,,,,,,,,,,,,,,,,
CODD_TRAINING_04673,475.jpg,concrete,,Construction and Demolition Waste,,,,,,,,,,,,,,,,,,,,,
CODD_TRAINING_04674,475.jpg,tile,,Construction and Demolition Waste,,,,,,,,,,,,,,,,,,,,,
CODD_TRAINING_04675,475.jpg,brick,,Construction and Demolition Waste,,,,,,,,,,,,,,,,,,,,,
CODD_TRAINING_04676,475.jpg,concrete,,Construction and Demolition Waste,,,,,,,,,,,,,,,,,,,,,
CODD_TRAINING_04677,475.jpg,tile,,Construction and Demolition Waste,,,,,,,,,,,,,,,,,,,,,
CODD_TRAINING_04678,475.jpg,brick,,Construction and Demolition Waste,,,,,,,,,,,,,,,,,,,,,
CODD_TRAINING_04679,475.jpg,concrete,,Construction and Demolition Waste,,,,,,,,,,,,,,,,,,,,,
CODD_TRAINING_04680,476.jpg,brick,,Construction and Demolition Waste,,,,,,,,,,,,,,,,,,,,,
CODD_TRAINING_04681,476.jpg,concrete,,Construction and Demolition Waste,,,,,,,,,,,,,,,,,,,,,
CODD_TRAINING_04682,476.jpg,tile,,Construction and Demolition Waste,,,,,,,,,,,,,,,,,,,,,
CODD_TRAINING_04683,476.jpg,brick,,Construction and Demolition Waste,,,,,,,,,,,,,,,,,,,,,
CODD_TRAINING_04684,476.jpg,concrete,,Construction and Demolition Waste,,,,,,,,,,,,,,,,,,,,,
CODD_TRAINING_04685,476.jpg,tile,,Construction and Demolition Waste,,,,,,,,,,,,,,,,,,,,,
CODD_TRAINING_04686,476.jpg,brick,,Construction and Demolition Waste,,,,,,,,,,,,,,,,,,,,,
CODD_TRAINING_04687,476.jpg,concrete,,Construction and Demolition Waste,,,,,,,,,,,,,,,,,,,,,
CODD_TRAINING_04688,476.jpg,tile,,Construction and Demolition Waste,,,,,,,,,,,,,,,,,,,,,
CODD_TRAINING_04689,476.jpg,brick,,Construction and Demolition Waste,,,,,,,,,,,,,,,,,,,,,
CODD_TRAINING_04690,476.jpg,concrete,,Construction and Demolition Waste,,,,,,,,,,,,,,,,,,,,,
CODD_TRAINING_04691,476.jpg,tile,,Construction and Demolition Waste,,,,,,,,,,,,,,,,,,,,,
CODD_TRAINING_04692,479.jpg,brick,,Construction and Demolition Waste,,,,,,,,,,,,,,,,,,,,,
CODD_TRAINING_04693,479.jpg,concrete,,Construction and Demolition Waste,,,,,,,,,,,,,,,,,,,,,
CODD_TRAINING_04694,479.jpg,tile,,Construction and Demolition Waste,,,,,,,,,,,,,,,,,,,,,
CODD_TRAINING_04695,479.jpg,brick,,Construction and Demolition Waste,,,,,,,,,,,,,,,,,,,,,
CODD_TRAINING_04696,479.jpg,concrete,,Construction and Demolition Waste,,,,,,,,,,,,,,,,,,,,,
CODD_TRAINING_04697,479.jpg,tile,,Construction and Demolition Waste,,,,,,,,,,,,,,,,,,,,,
CODD_TRAINING_04698,479.jpg,brick,,Construction and Demolition Waste,,,,,,,,,,,,,,,,,,,,,
CODD_TRAINING_04699,479.jpg,concrete,,Construction and Demolition Waste,,,,,,,,,,,,,,,,,,,,,
CODD_TRAINING_04700,479.jpg,tile,,Construction and Demolition Waste,,,,,,,,,,,,,,,,,,,,,
CODD_TRAINING_04701,479.jpg,brick,,Construction and Demolition Waste,,,,,,,,,,,,,,,,,,,,,
CODD_TRAINING_04702,479.jpg,concrete,,Construction and Demolition Waste,,,,,,,,,,,,,,,,,,,,,
CODD_TRAINING_04703,479.jpg,tile,,Construction and Demolition Waste,,,,,,,,,,,,,,,,,,,,,
CODD_TRAINING_04704,480.jpg,brick,,Construction and Demolition Waste,,,,,,,,,,,,,,,,,,,,,
CODD_TRAINING_04705,480.jpg,concrete,,Construction and Demolition Waste,,,,,,,,,,,,,,,,,,,,,
CODD_TRAINING_04706,480.jpg,tile,,Construction and Demolition Waste,,,,,,,,,,,,,,,,,,,,,
CODD_TRAINING_04707,480.jpg,brick,,Construction and Demolition Waste,,,,,,,,,,,,,,,,,,,,,
CODD_TRAINING_04708,480.jpg,concrete,,Construction and Demolition Waste,,,,,,,,,,,,,,,,,,,,,
CODD_TRAINING_04709,480.jpg,tile,,Construction and Demolition Waste,,,,,,,,,,,,,,,,,,,,,
CODD_TRAINING_04710,480.jpg,brick,,Construction and Demolition Waste,,,,,,,,,,,,,,,,,,,,,
CODD_TRAINING_04711,480.jpg,concrete,,Construction and Demolition Waste,,,,,,,,,,,,,,,,,,,,,
CODD_TRAINING_04712,480.jpg,tile,,Construction and Demolition Waste,,,,,,,,,,,,,,,,,,,,,
CODD_TRAINING_04713,480.jpg,brick,,Construction and Demolition Waste,,,,,,,,,,,,,,,,,,,,,
CODD_TRAINING_04714,480.jpg,concrete,,Construction and Demolition Waste,,,,,,,,,,,,,,,,,,,,,
CODD_TRAINING_04715,480.jpg,tile,,Construction and Demolition Waste,,,,,,,,,,,,,,,,,,,,,
CODD_TRAINING_04716,481.jpg,brick,,Construction and Demolition Waste,,,,,,,,,,,,,,,,,,,,,
CODD_TRAINING_04717,481.jpg,concrete,,Construction and Demolition Waste,,,,,,,,,,,,,,,,,,,,,
CODD_TRAINING_04718,481.jpg,tile,,Construction and Demolition Waste,,,,,,,,,,,,,,,,,,,,,
CODD_TRAINING_04719,481.jpg,brick,,Construction and Demolition Waste,,,,,,,,,,,,,,,,,,,,,
CODD_TRAINING_04720,481.jpg,concrete,,Construction and Demolition Waste,,,,,,,,,,,,,,,,,,,,,
CODD_TRAINING_04721,481.jpg,tile,,Construction and Demolition Waste,,,,,,,,,,,,,,,,,,,,,
CODD_TRAINING_04722,481.jpg,brick,,Construction and Demolition Waste,,,,,,,,,,,,,,,,,,,,,
CODD_TRAINING_04723,481.jpg,concrete,,Construction and Demolition Waste,,,,,,,,,,,,,,,,,,,,,
CODD_TRAINING_04724,481.jpg,tile,,Construction and Demolition Waste,,,,,,,,,,,,,,,,,,,,,
CODD_TRAINING_04725,481.jpg,brick,,Construction and Demolition Waste,,,,,,,,,,,,,,,,,,,,,
CODD_TRAINING_04726,481.jpg,concrete,,Construction and Demolition Waste,,,,,,,,,,,,,,,,,,,,,
CODD_TRAINING_04727,481.jpg,tile,,Construction and Demolition Waste,,,,,,,,,,,,,,,,,,,,,
CODD_TRAINING_04728,482.jpg,brick,,Construction and Demolition Waste,,,,,,,,,,,,,,,,,,,,,
CODD_TRAINING_04729,482.jpg,concrete,,Construction and Demolition Waste,,,,,,,,,,,,,,,,,,,,,
CODD_TRAINING_04730,482.jpg,tile,,Construction and Demolition Waste,,,,,,,,,,,,,,,,,,,,,
CODD_TRAINING_04731,482.jpg,brick,,Construction and Demolition Waste,,,,,,,,,,,,,,,,,,,,,
CODD_TRAINING_04732,482.jpg,concrete,,Construction and Demolition Waste,,,,,,,,,,,,,,,,,,,,,
CODD_TRAINING_04733,482.jpg,tile,,Construction and Demolition Waste,,,,,,,,,,,,,,,,,,,,,
CODD_TRAINING_04734,482.jpg,brick,,Construction and Demolition Waste,,,,,,,,,,,,,,,,,,,,,
CODD_TRAINING_04735,482.jpg,concrete,,Construction and Demolition Waste,,,,,,,,,,,,,,,,,,,,,
CODD_TRAINING_04736,482.jpg,tile,,Construction and Demolition Waste,,,,,,,,,,,,,,,,,,,,,
CODD_TRAINING_04737,482.jpg,brick,,Construction and Demolition Waste,,,,,,,,,,,,,,,,,,,,,
CODD_TRAINING_04738,482.jpg,concrete,,Construction and Demolition Waste,,,,,,,,,,,,,,,,,,,,,
CODD_TRAINING_04739,482.jpg,tile,,Construction and Demolition Waste,,,,,,,,,,,,,,,,,,,,,
CODD_TRAINING_04740,483.jpg,brick,,Construction and Demolition Waste,,,,,,,,,,,,,,,,,,,,,
CODD_TRAINING_04741,483.jpg,concrete,,Construction and Demolition Waste,,,,,,,,,,,,,,,,,,,,,
CODD_TRAINING_04742,483.jpg,tile,,Construction and Demolition Waste,,,,,,,,,,,,,,,,,,,,,
CODD_TRAINING_04743,483.jpg,brick,,Construction and Demolition Waste,,,,,,,,,,,,,,,,,,,,,
CODD_TRAINING_04744,483.jpg,concrete,,Construction and Demolition Waste,,,,,,,,,,,,,,,,,,,,,
CODD_TRAINING_04745,483.jpg,tile,,Construction and Demolition Waste,,,,,,,,,,,,,,,,,,,,,
CODD_TRAINING_04746,483.jpg,brick,,Construction and Demolition Waste,,,,,,,,,,,,,,,,,,,,,
CODD_TRAINING_04747,483.jpg,concrete,,Construction and Demolition Waste,,,,,,,,,,,,,,,,,,,,,
CODD_TRAINING_04748,483.jpg,tile,,Construction and Demolition Waste,,,,,,,,,,,,,,,,,,,,,
CODD_TRAINING_04749,483.jpg,brick,,Construction and Demolition Waste,,,,,,,,,,,,,,,,,,,,,
CODD_TRAINING_04750,483.jpg,concrete,,Construction and Demolition Waste,,,,,,,,,,,,,,,,,,,,,
CODD_TRAINING_04751,483.jpg,tile,,Construction and Demolition Waste,,,,,,,,,,,,,,,,,,,,,
CODD_TRAINING_04752,486.jpg,brick,,Construction and Demolition Waste,,,,,,,,,,,,,,,,,,,,,
CODD_TRAINING_04753,486.jpg,concrete,,Construction and Demolition Waste,,,,,,,,,,,,,,,,,,,,,
CODD_TRAINING_04754,486.jpg,tile,,Construction and Demolition Waste,,,,,,,,,,,,,,,,,,,,,
CODD_TRAINING_04755,486.jpg,brick,,Construction and Demolition Waste,,,,,,,,,,,,,,,,,,,,,
CODD_TRAINING_04756,486.jpg,concrete,,Construction and Demolition Waste,,,,,,,,,,,,,,,,,,,,,
CODD_TRAINING_04757,486.jpg,tile,,Construction and Demolition Waste,,,,,,,,,,,,,,,,,,,,,
CODD_TRAINING_04758,486.jpg,brick,,Construction and Demolition Waste,,,,,,,,,,,,,,,,,,,,,
CODD_TRAINING_04759,486.jpg,concrete,,Construction and Demolition Waste,,,,,,,,,,,,,,,,,,,,,
CODD_TRAINING_04760,486.jpg,tile,,Construction and Demolition Waste,,,,,,,,,,,,,,,,,,,,,
CODD_TRAINING_04761,486.jpg,brick,,Construction and Demolition Waste,,,,,,,,,,,,,,,,,,,,,
CODD_TRAINING_04762,486.jpg,concrete,,Construction and Demolition Waste,,,,,,,,,,,,,,,,,,,,,
CODD_TRAINING_04763,486.jpg,tile,,Construction and Demolition Waste,,,,,,,,,,,,,,,,,,,,,
CODD_TRAINING_04764,487.jpg,brick,,Construction and Demolition Waste,,,,,,,,,,,,,,,,,,,,,
CODD_TRAINING_04765,487.jpg,concrete,,Construction and Demolition Waste,,,,,,,,,,,,,,,,,,,,,
CODD_TRAINING_04766,487.jpg,tile,,Construction and Demolition Waste,,,,,,,,,,,,,,,,,,,,,
CODD_TRAINING_04767,487.jpg,brick,,Construction and Demolition Waste,,,,,,,,,,,,,,,,,,,,,
CODD_TRAINING_04768,487.jpg,concrete,,Construction and Demolition Waste,,,,,,,,,,,,,,,,,,,,,
CODD_TRAINING_04769,487.jpg,tile,,Construction and Demolition Waste,,,,,,,,,,,,,,,,,,,,,
CODD_TRAINING_04770,487.jpg,brick,,Construction and Demolition Waste,,,,,,,,,,,,,,,,,,,,,
CODD_TRAINING_04771,487.jpg,concrete,,Construction and Demolition Waste,,,,,,,,,,,,,,,,,,,,,
CODD_TRAINING_04772,487.jpg,tile,,Construction and Demolition Waste,,,,,,,,,,,,,,,,,,,,,
CODD_TRAINING_04773,487.jpg,brick,,Construction and Demolition Waste,,,,,,,,,,,,,,,,,,,,,
CODD_TRAINING_04774,487.jpg,concrete,,Construction and Demolition Waste,,,,,,,,,,,,,,,,,,,,,
CODD_TRAINING_04775,487.jpg,tile,,Construction and Demolition Waste,,,,,,,,,,,,,,,,,,,,,
CODD_TRAINING_04776,488.jpg,brick,,Construction and Demolition Waste,,,,,,,,,,,,,,,,,,,,,
CODD_TRAINING_04777,488.jpg,concrete,,Construction and Demolition Waste,,,,,,,,,,,,,,,,,,,,,
CODD_TRAINING_04778,488.jpg,tile,,Construction and Demolition Waste,,,,,,,,,,,,,,,,,,,,,
CODD_TRAINING_04779,488.jpg,brick,,Construction and Demolition Waste,,,,,,,,,,,,,,,,,,,,,
CODD_TRAINING_04780,488.jpg,concrete,,Construction and Demolition Waste,,,,,,,,,,,,,,,,,,,,,
CODD_TRAINING_04781,488.jpg,tile,,Construction and Demolition Waste,,,,,,,,,,,,,,,,,,,,,
CODD_TRAINING_04782,488.jpg,brick,,Construction and Demolition Waste,,,,,,,,,,,,,,,,,,,,,
CODD_TRAINING_04783,488.jpg,concrete,,Construction and Demolition Waste,,,,,,,,,,,,,,,,,,,,,
CODD_TRAINING_04784,488.jpg,tile,,Construction and Demolition Waste,,,,,,,,,,,,,,,,,,,,,
CODD_TRAINING_04785,488.jpg,brick,,Construction and Demolition Waste,,,,,,,,,,,,,,,,,,,,,
CODD_TRAINING_04786,488.jpg,concrete,,Construction and Demolition Waste,,,,,,,,,,,,,,,,,,,,,
CODD_TRAINING_04787,488.jpg,tile,,Construction and Demolition Waste,,,,,,,,,,,,,,,,,,,,,
CODD_TRAINING_04788,490.jpg,brick,,Construction and Demolition Waste,,,,,,,,,,,,,,,,,,,,,
CODD_TRAINING_04789,490.jpg,concrete,,Construction and Demolition Waste,,,,,,,,,,,,,,,,,,,,,
CODD_TRAINING_04790,490.jpg,tile,,Construction and Demolition Waste,,,,,,,,,,,,,,,,,,,,,
CODD_TRAINING_04791,490.jpg,brick,,Construction and Demolition Waste,,,,,,,,,,,,,,,,,,,,,
CODD_TRAINING_04792,490.jpg,concrete,,Construction and Demolition Waste,,,,,,,,,,,,,,,,,,,,,
CODD_TRAINING_04793,490.jpg,tile,,Construction and Demolition Waste,,,,,,,,,,,,,,,,,,,,,
CODD_TRAINING_04794,490.jpg,brick,,Construction and Demolition Waste,,,,,,,,,,,,,,,,,,,,,
CODD_TRAINING_04795,490.jpg,concrete,,Construction and Demolition Waste,,,,,,,,,,,,,,,,,,,,,
CODD_TRAINING_04796,490.jpg,tile,,Construction and Demolition Waste,,,,,,,,,,,,,,,,,,,,,
CODD_TRAINING_04797,490.jpg,brick,,Construction and Demolition Waste,,,,,,,,,,,,,,,,,,,,,
CODD_TRAINING_04798,490.jpg,concrete,,Construction and Demolition Waste,,,,,,,,,,,,,,,,,,,,,
CODD_TRAINING_04799,490.jpg,tile,,Construction and Demolition Waste,,,,,,,,,,,,,,,,,,,,,
CODD_TRAINING_04800,491.jpg,brick,,Construction and Demolition Waste,,,,,,,,,,,,,,,,,,,,,
CODD_TRAINING_04801,491.jpg,concrete,,Construction and Demolition Waste,,,,,,,,,,,,,,,,,,,,,
CODD_TRAINING_04802,491.jpg,tile,,Construction and Demolition Waste,,,,,,,,,,,,,,,,,,,,,
CODD_TRAINING_04803,491.jpg,brick,,Construction and Demolition Waste,,,,,,,,,,,,,,,,,,,,,
CODD_TRAINING_04804,491.jpg,concrete,,Construction and Demolition Waste,,,,,,,,,,,,,,,,,,,,,
CODD_TRAINING_04805,491.jpg,tile,,Construction and Demolition Waste,,,,,,,,,,,,,,,,,,,,,
CODD_TRAINING_04806,491.jpg,brick,,Construction and Demolition Waste,,,,,,,,,,,,,,,,,,,,,
CODD_TRAINING_04807,491.jpg,concrete,,Construction and Demolition Waste,,,,,,,,,,,,,,,,,,,,,
CODD_TRAINING_04808,491.jpg,tile,,Construction and Demolition Waste,,,,,,,,,,,,,,,,,,,,,
CODD_TRAINING_04809,491.jpg,brick,,Construction and Demolition Waste,,,,,,,,,,,,,,,,,,,,,
CODD_TRAINING_04810,491.jpg,concrete,,Construction and Demolition Waste,,,,,,,,,,,,,,,,,,,,,
CODD_TRAINING_04811,491.jpg,tile,,Construction and Demolition Waste,,,,,,,,,,,,,,,,,,,,,
CODD_TRAINING_04812,492.jpg,brick,,Construction and Demolition Waste,,,,,,,,,,,,,,,,,,,,,
CODD_TRAINING_04813,492.jpg,concrete,,Construction and Demolition Waste,,,,,,,,,,,,,,,,,,,,,
CODD_TRAINING_04814,492.jpg,tile,,Construction and Demolition Waste,,,,,,,,,,,,,,,,,,,,,
CODD_TRAINING_04815,492.jpg,brick,,Construction and Demolition Waste,,,,,,,,,,,,,,,,,,,,,
CODD_TRAINING_04816,492.jpg,concrete,,Construction and Demolition Waste,,,,,,,,,,,,,,,,,,,,,
CODD_TRAINING_04817,492.jpg,tile,,Construction and Demolition Waste,,,,,,,,,,,,,,,,,,,,,
CODD_TRAINING_04818,492.jpg,brick,,Construction and Demolition Waste,,,,,,,,,,,,,,,,,,,,,
CODD_TRAINING_04819,492.jpg,concrete,,Construction and Demolition Waste,,,,,,,,,,,,,,,,,,,,,
CODD_TRAINING_04820,492.jpg,tile,,Construction and Demolition Waste,,,,,,,,,,,,,,,,,,,,,
CODD_TRAINING_04821,492.jpg,brick,,Construction and Demolition Waste,,,,,,,,,,,,,,,,,,,,,
CODD_TRAINING_04822,492.jpg,concrete,,Construction and Demolition Waste,,,,,,,,,,,,,,,,,,,,,
CODD_TRAINING_04823,492.jpg,tile,,Construction and Demolition Waste,,,,,,,,,,,,,,,,,,,,,
CODD_TRAINING_04824,493.jpg,brick,,Construction and Demolition Waste,,,,,,,,,,,,,,,,,,,,,
CODD_TRAINING_04825,493.jpg,concrete,,Construction and Demolition Waste,,,,,,,,,,,,,,,,,,,,,
CODD_TRAINING_04826,493.jpg,tile,,Construction and Demolition Waste,,,,,,,,,,,,,,,,,,,,,
CODD_TRAINING_04827,493.jpg,brick,,Construction and Demolition Waste,,,,,,,,,,,,,,,,,,,,,
CODD_TRAINING_04828,493.jpg,concrete,,Construction and Demolition Waste,,,,,,,,,,,,,,,,,,,,,
CODD_TRAINING_04829,493.jpg,tile,,Construction and Demolition Waste,,,,,,,,,,,,,,,,,,,,,
CODD_TRAINING_04830,493.jpg,brick,,Construction and Demolition Waste,,,,,,,,,,,,,,,,,,,,,
CODD_TRAINING_04831,493.jpg,concrete,,Construction and Demolition Waste,,,,,,,,,,,,,,,,,,,,,
CODD_TRAINING_04832,493.jpg,tile,,Construction and Demolition Waste,,,,,,,,,,,,,,,,,,,,,
CODD_TRAINING_04833,493.jpg,brick,,Construction and Demolition Waste,,,,,,,,,,,,,,,,,,,,,
CODD_TRAINING_04834,493.jpg,concrete,,Construction and Demolition Waste,,,,,,,,,,,,,,,,,,,,,
CODD_TRAINING_04835,493.jpg,tile,,Construction and Demolition Waste,,,,,,,,,,,,,,,,,,,,,
CODD_TRAINING_04836,494.jpg,brick,,Construction and Demolition Waste,,,,,,,,,,,,,,,,,,,,,
CODD_TRAINING_04837,494.jpg,concrete,,Construction and Demolition Waste,,,,,,,,,,,,,,,,,,,,,
CODD_TRAINING_04838,494.jpg,tile,,Construction and Demolition Waste,,,,,,,,,,,,,,,,,,,,,
CODD_TRAINING_04839,494.jpg,brick,,Construction and Demolition Waste,,,,,,,,,,,,,,,,,,,,,
CODD_TRAINING_04840,494.jpg,concrete,,Construction and Demolition Waste,,,,,,,,,,,,,,,,,,,,,
CODD_TRAINING_04841,494.jpg,tile,,Construction and Demolition Waste,,,,,,,,,,,,,,,,,,,,,
CODD_TRAINING_04842,494.jpg,brick,,Construction and Demolition Waste,,,,,,,,,,,,,,,,,,,,,
CODD_TRAINING_04843,494.jpg,concrete,,Construction and Demolition Waste,,,,,,,,,,,,,,,,,,,,,
CODD_TRAINING_04844,494.jpg,tile,,Construction and Demolition Waste,,,,,,,,,,,,,,,,,,,,,
CODD_TRAINING_04845,494.jpg,brick,,Construction and Demolition Waste,,,,,,,,,,,,,,,,,,,,,
CODD_TRAINING_04846,494.jpg,concrete,,Construction and Demolition Waste,,,,,,,,,,,,,,,,,,,,,
CODD_TRAINING_04847,494.jpg,tile,,Construction and Demolition Waste,,,,,,,,,,,,,,,,,,,,,
CODD_TRAINING_04848,495.jpg,brick,,Construction and Demolition Waste,,,,,,,,,,,,,,,,,,,,,
CODD_TRAINING_04849,495.jpg,concrete,,Construction and Demolition Waste,,,,,,,,,,,,,,,,,,,,,
CODD_TRAINING_04850,495.jpg,tile,,Construction and Demolition Waste,,,,,,,,,,,,,,,,,,,,,
CODD_TRAINING_04851,495.jpg,brick,,Construction and Demolition Waste,,,,,,,,,,,,,,,,,,,,,
CODD_TRAINING_04852,495.jpg,concrete,,Construction and Demolition Waste,,,,,,,,,,,,,,,,,,,,,
CODD_TRAINING_04853,495.jpg,tile,,Construction and Demolition Waste,,,,,,,,,,,,,,,,,,,,,
CODD_TRAINING_04854,495.jpg,brick,,Construction and Demolition Waste,,,,,,,,,,,,,,,,,,,,,
CODD_TRAINING_04855,495.jpg,concrete,,Construction and Demolition Waste,,,,,,,,,,,,,,,,,,,,,
CODD_TRAINING_04856,495.jpg,tile,,Construction and Demolition Waste,,,,,,,,,,,,,,,,,,,,,
CODD_TRAINING_04857,495.jpg,brick,,Construction and Demolition Waste,,,,,,,,,,,,,,,,,,,,,
CODD_TRAINING_04858,495.jpg,concrete,,Construction and Demolition Waste,,,,,,,,,,,,,,,,,,,,,
CODD_TRAINING_04859,495.jpg,tile,,Construction and Demolition Waste,,,,,,,,,,,,,,,,,,,,,
CODD_TRAINING_04860,496.jpg,brick,,Construction and Demolition Waste,,,,,,,,,,,,,,,,,,,,,
CODD_TRAINING_04861,496.jpg,concrete,,Construction and Demolition Waste,,,,,,,,,,,,,,,,,,,,,
CODD_TRAINING_04862,496.jpg,tile,,Construction and Demolition Waste,,,,,,,,,,,,,,,,,,,,,
CODD_TRAINING_04863,496.jpg,brick,,Construction and Demolition Waste,,,,,,,,,,,,,,,,,,,,,
CODD_TRAINING_04864,496.jpg,concrete,,Construction and Demolition Waste,,,,,,,,,,,,,,,,,,,,,
CODD_TRAINING_04865,496.jpg,tile,,Construction and Demolition Waste,,,,,,,,,,,,,,,,,,,,,
CODD_TRAINING_04866,496.jpg,brick,,Construction and Demolition Waste,,,,,,,,,,,,,,,,,,,,,
CODD_TRAINING_04867,496.jpg,concrete,,Construction and Demolition Waste,,,,,,,,,,,,,,,,,,,,,
CODD_TRAINING_04868,496.jpg,tile,,Construction and Demolition Waste,,,,,,,,,,,,,,,,,,,,,
CODD_TRAINING_04869,496.jpg,brick,,Construction and Demolition Waste,,,,,,,,,,,,,,,,,,,,,
CODD_TRAINING_04870,496.jpg,concrete,,Construction and Demolition Waste,,,,,,,,,,,,,,,,,,,,,
CODD_TRAINING_04871,496.jpg,tile,,Construction and Demolition Waste,,,,,,,,,,,,,,,,,,,,,
CODD_TRAINING_04872,497.jpg,brick,,Construction and Demolition Waste,,,,,,,,,,,,,,,,,,,,,
CODD_TRAINING_04873,497.jpg,concrete,,Construction and Demolition Waste,,,,,,,,,,,,,,,,,,,,,
CODD_TRAINING_04874,497.jpg,tile,,Construction and Demolition Waste,,,,,,,,,,,,,,,,,,,,,
CODD_TRAINING_04875,497.jpg,brick,,Construction and Demolition Waste,,,,,,,,,,,,,,,,,,,,,
CODD_TRAINING_04876,497.jpg,concrete,,Construction and Demolition Waste,,,,,,,,,,,,,,,,,,,,,
CODD_TRAINING_04877,497.jpg,tile,,Construction and Demolition Waste,,,,,,,,,,,,,,,,,,,,,
CODD_TRAINING_04878,497.jpg,brick,,Construction and Demolition Waste,,,,,,,,,,,,,,,,,,,,,
CODD_TRAINING_04879,497.jpg,concrete,,Construction and Demolition Waste,,,,,,,,,,,,,,,,,,,,,
CODD_TRAINING_04880,497.jpg,tile,,Construction and Demolition Waste,,,,,,,,,,,,,,,,,,,,,
CODD_TRAINING_04881,497.jpg,brick,,Construction and Demolition Waste,,,,,,,,,,,,,,,,,,,,,
CODD_TRAINING_04882,497.jpg,concrete,,Construction and Demolition Waste,,,,,,,,,,,,,,,,,,,,,
CODD_TRAINING_04883,497.jpg,tile,,Construction and Demolition Waste,,,,,,,,,,,,,,,,,,,,,
CODD_TRAINING_04884,498.jpg,brick,,Construction and Demolition Waste,,,,,,,,,,,,,,,,,,,,,
CODD_TRAINING_04885,498.jpg,concrete,,Construction and Demolition Waste,,,,,,,,,,,,,,,,,,,,,
CODD_TRAINING_04886,498.jpg,tile,,Construction and Demolition Waste,,,,,,,,,,,,,,,,,,,,,
CODD_TRAINING_04887,498.jpg,brick,,Construction and Demolition Waste,,,,,,,,,,,,,,,,,,,,,
CODD_TRAINING_04888,498.jpg,concrete,,Construction and Demolition Waste,,,,,,,,,,,,,,,,,,,,,
CODD_TRAINING_04889,498.jpg,tile,,Construction and Demolition Waste,,,,,,,,,,,,,,,,,,,,,
CODD_TRAINING_04890,498.jpg,brick,,Construction and Demolition Waste,,,,,,,,,,,,,,,,,,,,,
CODD_TRAINING_04891,498.jpg,concrete,,Construction and Demolition Waste,,,,,,,,,,,,,,,,,,,,,
CODD_TRAINING_04892,498.jpg,tile,,Construction and Demolition Waste,,,,,,,,,,,,,,,,,,,,,
CODD_TRAINING_04893,498.jpg,brick,,Construction and Demolition Waste,,,,,,,,,,,,,,,,,,,,,
CODD_TRAINING_04894,498.jpg,concrete,,Construction and Demolition Waste,,,,,,,,,,,,,,,,,,,,,
CODD_TRAINING_04895,498.jpg,tile,,Construction and Demolition Waste,,,,,,,,,,,,,,,,,,,,,
CODD_TRAINING_04896,5.jpg,brick,,Construction and Demolition Waste,,,,,,,,,,,,,,,,,,,,,
CODD_TRAINING_04897,5.jpg,concrete,,Construction and Demolition Waste,,,,,,,,,,,,,,,,,,,,,
CODD_TRAINING_04898,5.jpg,tile,,Construction and Demolition Waste,,,,,,,,,,,,,,,,,,,,,
CODD_TRAINING_04899,5.jpg,brick,,Construction and Demolition Waste,,,,,,,,,,,,,,,,,,,,,
CODD_TRAINING_04900,5.jpg,concrete,,Construction and Demolition Waste,,,,,,,,,,,,,,,,,,,,,
CODD_TRAINING_04901,5.jpg,tile,,Construction and Demolition Waste,,,,,,,,,,,,,,,,,,,,,
CODD_TRAINING_04902,5.jpg,brick,,Construction and Demolition Waste,,,,,,,,,,,,,,,,,,,,,
CODD_TRAINING_04903,5.jpg,concrete,,Construction and Demolition Waste,,,,,,,,,,,,,,,,,,,,,
CODD_TRAINING_04904,5.jpg,tile,,Construction and Demolition Waste,,,,,,,,,,,,,,,,,,,,,
CODD_TRAINING_04905,5.jpg,brick,,Construction and Demolition Waste,,,,,,,,,,,,,,,,,,,,,
CODD_TRAINING_04906,5.jpg,concrete,,Construction and Demolition Waste,,,,,,,,,,,,,,,,,,,,,
CODD_TRAINING_04907,5.jpg,tile,,Construction and Demolition Waste,,,,,,,,,,,,,,,,,,,,,
CODD_TRAINING_04908,50.jpg,brick,,Construction and Demolition Waste,,,,,,,,,,,,,,,,,,,,,
CODD_TRAINING_04909,50.jpg,concrete,,Construction and Demolition Waste,,,,,,,,,,,,,,,,,,,,,
CODD_TRAINING_04910,50.jpg,tile,,Construction and Demolition Waste,,,,,,,,,,,,,,,,,,,,,
CODD_TRAINING_04911,50.jpg,brick,,Construction and Demolition Waste,,,,,,,,,,,,,,,,,,,,,
CODD_TRAINING_04912,50.jpg,concrete,,Construction and Demolition Waste,,,,,,,,,,,,,,,,,,,,,
CODD_TRAINING_04913,50.jpg,tile,,Construction and Demolition Waste,,,,,,,,,,,,,,,,,,,,,
CODD_TRAINING_04914,50.jpg,brick,,Construction and Demolition Waste,,,,,,,,,,,,,,,,,,,,,
CODD_TRAINING_04915,50.jpg,concrete,,Construction and Demolition Waste,,,,,,,,,,,,,,,,,,,,,
CODD_TRAINING_04916,50.jpg,tile,,Construction and Demolition Waste,,,,,,,,,,,,,,,,,,,,,
CODD_TRAINING_04917,50.jpg,brick,,Construction and Demolition Waste,,,,,,,,,,,,,,,,,,,,,
CODD_TRAINING_04918,50.jpg,concrete,,Construction and Demolition Waste,,,,,,,,,,,,,,,,,,,,,
CODD_TRAINING_04919,50.jpg,tile,,Construction and Demolition Waste,,,,,,,,,,,,,,,,,,,,,
CODD_TRAINING_04920,500.jpg,brick,,Construction and Demolition Waste,,,,,,,,,,,,,,,,,,,,,
CODD_TRAINING_04921,500.jpg,concrete,,Construction and Demolition Waste,,,,,,,,,,,,,,,,,,,,,
CODD_TRAINING_04922,500.jpg,tile,,Construction and Demolition Waste,,,,,,,,,,,,,,,,,,,,,
CODD_TRAINING_04923,500.jpg,brick,,Construction and Demolition Waste,,,,,,,,,,,,,,,,,,,,,
CODD_TRAINING_04924,500.jpg,concrete,,Construction and Demolition Waste,,,,,,,,,,,,,,,,,,,,,
CODD_TRAINING_04925,500.jpg,tile,,Construction and Demolition Waste,,,,,,,,,,,,,,,,,,,,,
CODD_TRAINING_04926,500.jpg,brick,,Construction and Demolition Waste,,,,,,,,,,,,,,,,,,,,,
CODD_TRAINING_04927,500.jpg,concrete,,Construction and Demolition Waste,,,,,,,,,,,,,,,,,,,,,
CODD_TRAINING_04928,500.jpg,tile,,Construction and Demolition Waste,,,,,,,,,,,,,,,,,,,,,
CODD_TRAINING_04929,500.jpg,brick,,Construction and Demolition Waste,,,,,,,,,,,,,,,,,,,,,
CODD_TRAINING_04930,500.jpg,concrete,,Construction and Demolition Waste,,,,,,,,,,,,,,,,,,,,,
CODD_TRAINING_04931,500.jpg,tile,,Construction and Demolition Waste,,,,,,,,,,,,,,,,,,,,,
CODD_TRAINING_04932,500.jpg,brick,,Construction and Demolition Waste,,,,,,,,,,,,,,,,,,,,,
CODD_TRAINING_04933,51.jpg,brick,,Construction and Demolition Waste,,,,,,,,,,,,,,,,,,,,,
CODD_TRAINING_04934,51.jpg,concrete,,Construction and Demolition Waste,,,,,,,,,,,,,,,,,,,,,
CODD_TRAINING_04935,51.jpg,tile,,Construction and Demolition Waste,,,,,,,,,,,,,,,,,,,,,
CODD_TRAINING_04936,51.jpg,brick,,Construction and Demolition Waste,,,,,,,,,,,,,,,,,,,,,
CODD_TRAINING_04937,51.jpg,concrete,,Construction and Demolition Waste,,,,,,,,,,,,,,,,,,,,,
CODD_TRAINING_04938,51.jpg,tile,,Construction and Demolition Waste,,,,,,,,,,,,,,,,,,,,,
CODD_TRAINING_04939,51.jpg,brick,,Construction and Demolition Waste,,,,,,,,,,,,,,,,,,,,,
CODD_TRAINING_04940,51.jpg,concrete,,Construction and Demolition Waste,,,,,,,,,,,,,,,,,,,,,
CODD_TRAINING_04941,51.jpg,tile,,Construction and Demolition Waste,,,,,,,,,,,,,,,,,,,,,
CODD_TRAINING_04942,51.jpg,brick,,Construction and Demolition Waste,,,,,,,,,,,,,,,,,,,,,
CODD_TRAINING_04943,51.jpg,concrete,,Construction and Demolition Waste,,,,,,,,,,,,,,,,,,,,,
CODD_TRAINING_04944,51.jpg,tile,,Construction and Demolition Waste,,,,,,,,,,,,,,,,,,,,,
CODD_TRAINING_04945,52.jpg,brick,,Construction and Demolition Waste,,,,,,,,,,,,,,,,,,,,,
CODD_TRAINING_04946,52.jpg,concrete,,Construction and Demolition Waste,,,,,,,,,,,,,,,,,,,,,
CODD_TRAINING_04947,52.jpg,tile,,Construction and Demolition Waste,,,,,,,,,,,,,,,,,,,,,
CODD_TRAINING_04948,52.jpg,brick,,Construction and Demolition Waste,,,,,,,,,,,,,,,,,,,,,
CODD_TRAINING_04949,52.jpg,concrete,,Construction and Demolition Waste,,,,,,,,,,,,,,,,,,,,,
CODD_TRAINING_04950,52.jpg,tile,,Construction and Demolition Waste,,,,,,,,,,,,,,,,,,,,,
CODD_TRAINING_04951,52.jpg,brick,,Construction and Demolition Waste,,,,,,,,,,,,,,,,,,,,,
CODD_TRAINING_04952,52.jpg,concrete,,Construction and Demolition Waste,,,,,,,,,,,,,,,,,,,,,
CODD_TRAINING_04953,52.jpg,tile,,Construction and Demolition Waste,,,,,,,,,,,,,,,,,,,,,
CODD_TRAINING_04954,52.jpg,brick,,Construction and Demolition Waste,,,,,,,,,,,,,,,,,,,,,
CODD_TRAINING_04955,52.jpg,concrete,,Construction and Demolition Waste,,,,,,,,,,,,,,,,,,,,,
CODD_TRAINING_04956,52.jpg,tile,,Construction and Demolition Waste,,,,,,,,,,,,,,,,,,,,,
CODD_TRAINING_04957,53.jpg,brick,,Construction and Demolition Waste,,,,,,,,,,,,,,,,,,,,,
CODD_TRAINING_04958,53.jpg,concrete,,Construction and Demolition Waste,,,,,,,,,,,,,,,,,,,,,
CODD_TRAINING_04959,53.jpg,tile,,Construction and Demolition Waste,,,,,,,,,,,,,,,,,,,,,
CODD_TRAINING_04960,53.jpg,brick,,Construction and Demolition Waste,,,,,,,,,,,,,,,,,,,,,
CODD_TRAINING_04961,53.jpg,concrete,,Construction and Demolition Waste,,,,,,,,,,,,,,,,,,,,,
CODD_TRAINING_04962,53.jpg,tile,,Construction and Demolition Waste,,,,,,,,,,,,,,,,,,,,,
CODD_TRAINING_04963,53.jpg,brick,,Construction and Demolition Waste,,,,,,,,,,,,,,,,,,,,,
CODD_TRAINING_04964,53.jpg,concrete,,Construction and Demolition Waste,,,,,,,,,,,,,,,,,,,,,
CODD_TRAINING_04965,53.jpg,tile,,Construction and Demolition Waste,,,,,,,,,,,,,,,,,,,,,
CODD_TRAINING_04966,53.jpg,brick,,Construction and Demolition Waste,,,,,,,,,,,,,,,,,,,,,
CODD_TRAINING_04967,53.jpg,concrete,,Construction and Demolition Waste,,,,,,,,,,,,,,,,,,,,,
CODD_TRAINING_04968,53.jpg,tile,,Construction and Demolition Waste,,,,,,,,,,,,,,,,,,,,,
CODD_TRAINING_04969,54.jpg,brick,,Construction and Demolition Waste,,,,,,,,,,,,,,,,,,,,,
CODD_TRAINING_04970,54.jpg,concrete,,Construction and Demolition Waste,,,,,,,,,,,,,,,,,,,,,
CODD_TRAINING_04971,54.jpg,tile,,Construction and Demolition Waste,,,,,,,,,,,,,,,,,,,,,
CODD_TRAINING_04972,54.jpg,brick,,Construction and Demolition Waste,,,,,,,,,,,,,,,,,,,,,
CODD_TRAINING_04973,54.jpg,concrete,,Construction and Demolition Waste,,,,,,,,,,,,,,,,,,,,,
CODD_TRAINING_04974,54.jpg,tile,,Construction and Demolition Waste,,,,,,,,,,,,,,,,,,,,,
CODD_TRAINING_04975,54.jpg,brick,,Construction and Demolition Waste,,,,,,,,,,,,,,,,,,,,,
CODD_TRAINING_04976,54.jpg,concrete,,Construction and Demolition Waste,,,,,,,,,,,,,,,,,,,,,
CODD_TRAINING_04977,54.jpg,tile,,Construction and Demolition Waste,,,,,,,,,,,,,,,,,,,,,
CODD_TRAINING_04978,54.jpg,brick,,Construction and Demolition Waste,,,,,,,,,,,,,,,,,,,,,
CODD_TRAINING_04979,54.jpg,concrete,,Construction and Demolition Waste,,,,,,,,,,,,,,,,,,,,,
CODD_TRAINING_04980,54.jpg,tile,,Construction and Demolition Waste,,,,,,,,,,,,,,,,,,,,,
CODD_TRAINING_04981,56.jpg,brick,,Construction and Demolition Waste,,,,,,,,,,,,,,,,,,,,,
CODD_TRAINING_04982,56.jpg,concrete,,Construction and Demolition Waste,,,,,,,,,,,,,,,,,,,,,
CODD_TRAINING_04983,56.jpg,tile,,Construction and Demolition Waste,,,,,,,,,,,,,,,,,,,,,
CODD_TRAINING_04984,56.jpg,brick,,Construction and Demolition Waste,,,,,,,,,,,,,,,,,,,,,
CODD_TRAINING_04985,56.jpg,concrete,,Construction and Demolition Waste,,,,,,,,,,,,,,,,,,,,,
CODD_TRAINING_04986,56.jpg,tile,,Construction and Demolition Waste,,,,,,,,,,,,,,,,,,,,,
CODD_TRAINING_04987,56.jpg,brick,,Construction and Demolition Waste,,,,,,,,,,,,,,,,,,,,,
CODD_TRAINING_04988,56.jpg,concrete,,Construction and Demolition Waste,,,,,,,,,,,,,,,,,,,,,
CODD_TRAINING_04989,56.jpg,tile,,Construction and Demolition Waste,,,,,,,,,,,,,,,,,,,,,
CODD_TRAINING_04990,56.jpg,concrete,,Construction and Demolition Waste,,,,,,,,,,,,,,,,,,,,,
CODD_TRAINING_04991,56.jpg,tile,,Construction and Demolition Waste,,,,,,,,,,,,,,,,,,,,,
CODD_TRAINING_04992,59.jpg,brick,,Construction and Demolition Waste,,,,,,,,,,,,,,,,,,,,,
CODD_TRAINING_04993,59.jpg,concrete,,Construction and Demolition Waste,,,,,,,,,,,,,,,,,,,,,
CODD_TRAINING_04994,59.jpg,tile,,Construction and Demolition Waste,,,,,,,,,,,,,,,,,,,,,
CODD_TRAINING_04995,59.jpg,brick,,Construction and Demolition Waste,,,,,,,,,,,,,,,,,,,,,
CODD_TRAINING_04996,59.jpg,concrete,,Construction and Demolition Waste,,,,,,,,,,,,,,,,,,,,,
CODD_TRAINING_04997,59.jpg,tile,,Construction and Demolition Waste,,,,,,,,,,,,,,,,,,,,,
CODD_TRAINING_04998,59.jpg,brick,,Construction and Demolition Waste,,,,,,,,,,,,,,,,,,,,,
CODD_TRAINING_04999,59.jpg,concrete,,Construction and Demolition Waste,,,,,,,,,,,,,,,,,,,,,
CODD_TRAINING_05000,59.jpg,tile,,Construction and Demolition Waste,,,,,,,,,,,,,,,,,,,,,
CODD_TRAINING_05001,59.jpg,brick,,Construction and Demolition Waste,,,,,,,,,,,,,,,,,,,,,
CODD_TRAINING_05002,59.jpg,concrete,,Construction and Demolition Waste,,,,,,,,,,,,,,,,,,,,,
CODD_TRAINING_05003,59.jpg,tile,,Construction and Demolition Waste,,,,,,,,,,,,,,,,,,,,,
CODD_TRAINING_05004,6.jpg,brick,,Construction and Demolition Waste,,,,,,,,,,,,,,,,,,,,,
CODD_TRAINING_05005,6.jpg,concrete,,Construction and Demolition Waste,,,,,,,,,,,,,,,,,,,,,
CODD_TRAINING_05006,6.jpg,tile,,Construction and Demolition Waste,,,,,,,,,,,,,,,,,,,,,
CODD_TRAINING_05007,6.jpg,brick,,Construction and Demolition Waste,,,,,,,,,,,,,,,,,,,,,
CODD_TRAINING_05008,6.jpg,concrete,,Construction and Demolition Waste,,,,,,,,,,,,,,,,,,,,,
CODD_TRAINING_05009,6.jpg,tile,,Construction and Demolition Waste,,,,,,,,,,,,,,,,,,,,,
CODD_TRAINING_05010,6.jpg,brick,,Construction and Demolition Waste,,,,,,,,,,,,,,,,,,,,,
CODD_TRAINING_05011,6.jpg,concrete,,Construction and Demolition Waste,,,,,,,,,,,,,,,,,,,,,
CODD_TRAINING_05012,6.jpg,tile,,Construction and Demolition Waste,,,,,,,,,,,,,,,,,,,,,
CODD_TRAINING_05013,6.jpg,brick,,Construction and Demolition Waste,,,,,,,,,,,,,,,,,,,,,
CODD_TRAINING_05014,6.jpg,concrete,,Construction and Demolition Waste,,,,,,,,,,,,,,,,,,,,,
CODD_TRAINING_05015,6.jpg,tile,,Construction and Demolition Waste,,,,,,,,,,,,,,,,,,,,,
CODD_TRAINING_05016,62.jpg,brick,,Construction and Demolition Waste,,,,,,,,,,,,,,,,,,,,,
CODD_TRAINING_05017,62.jpg,concrete,,Construction and Demolition Waste,,,,,,,,,,,,,,,,,,,,,
CODD_TRAINING_05018,62.jpg,tile,,Construction and Demolition Waste,,,,,,,,,,,,,,,,,,,,,
CODD_TRAINING_05019,62.jpg,brick,,Construction and Demolition Waste,,,,,,,,,,,,,,,,,,,,,
CODD_TRAINING_05020,62.jpg,concrete,,Construction and Demolition Waste,,,,,,,,,,,,,,,,,,,,,
CODD_TRAINING_05021,62.jpg,tile,,Construction and Demolition Waste,,,,,,,,,,,,,,,,,,,,,
CODD_TRAINING_05022,62.jpg,brick,,Construction and Demolition Waste,,,,,,,,,,,,,,,,,,,,,
CODD_TRAINING_05023,62.jpg,concrete,,Construction and Demolition Waste,,,,,,,,,,,,,,,,,,,,,
CODD_TRAINING_05024,62.jpg,tile,,Construction and Demolition Waste,,,,,,,,,,,,,,,,,,,,,
CODD_TRAINING_05025,62.jpg,brick,,Construction and Demolition Waste,,,,,,,,,,,,,,,,,,,,,
CODD_TRAINING_05026,62.jpg,concrete,,Construction and Demolition Waste,,,,,,,,,,,,,,,,,,,,,
CODD_TRAINING_05027,62.jpg,tile,,Construction and Demolition Waste,,,,,,,,,,,,,,,,,,,,,
CODD_TRAINING_05028,63.jpg,brick,,Construction and Demolition Waste,,,,,,,,,,,,,,,,,,,,,
CODD_TRAINING_05029,63.jpg,concrete,,Construction and Demolition Waste,,,,,,,,,,,,,,,,,,,,,
CODD_TRAINING_05030,63.jpg,tile,,Construction and Demolition Waste,,,,,,,,,,,,,,,,,,,,,
CODD_TRAINING_05031,63.jpg,brick,,Construction and Demolition Waste,,,,,,,,,,,,,,,,,,,,,
CODD_TRAINING_05032,63.jpg,concrete,,Construction and Demolition Waste,,,,,,,,,,,,,,,,,,,,,
CODD_TRAINING_05033,63.jpg,tile,,Construction and Demolition Waste,,,,,,,,,,,,,,,,,,,,,
CODD_TRAINING_05034,63.jpg,brick,,Construction and Demolition Waste,,,,,,,,,,,,,,,,,,,,,
CODD_TRAINING_05035,63.jpg,concrete,,Construction and Demolition Waste,,,,,,,,,,,,,,,,,,,,,
CODD_TRAINING_05036,63.jpg,tile,,Construction and Demolition Waste,,,,,,,,,,,,,,,,,,,,,
CODD_TRAINING_05037,63.jpg,brick,,Construction and Demolition Waste,,,,,,,,,,,,,,,,,,,,,
CODD_TRAINING_05038,63.jpg,concrete,,Construction and Demolition Waste,,,,,,,,,,,,,,,,,,,,,
CODD_TRAINING_05039,63.jpg,tile,,Construction and Demolition Waste,,,,,,,,,,,,,,,,,,,,,
CODD_TRAINING_05040,67.jpg,brick,,Construction and Demolition Waste,,,,,,,,,,,,,,,,,,,,,
CODD_TRAINING_05041,67.jpg,concrete,,Construction and Demolition Waste,,,,,,,,,,,,,,,,,,,,,
CODD_TRAINING_05042,67.jpg,tile,,Construction and Demolition Waste,,,,,,,,,,,,,,,,,,,,,
CODD_TRAINING_05043,67.jpg,brick,,Construction and Demolition Waste,,,,,,,,,,,,,,,,,,,,,
CODD_TRAINING_05044,67.jpg,concrete,,Construction and Demolition Waste,,,,,,,,,,,,,,,,,,,,,
CODD_TRAINING_05045,67.jpg,tile,,Construction and Demolition Waste,,,,,,,,,,,,,,,,,,,,,
CODD_TRAINING_05046,67.jpg,brick,,Construction and Demolition Waste,,,,,,,,,,,,,,,,,,,,,
CODD_TRAINING_05047,67.jpg,concrete,,Construction and Demolition Waste,,,,,,,,,,,,,,,,,,,,,
CODD_TRAINING_05048,67.jpg,tile,,Construction and Demolition Waste,,,,,,,,,,,,,,,,,,,,,
CODD_TRAINING_05049,67.jpg,brick,,Construction and Demolition Waste,,,,,,,,,,,,,,,,,,,,,
CODD_TRAINING_05050,67.jpg,concrete,,Construction and Demolition Waste,,,,,,,,,,,,,,,,,,,,,
CODD_TRAINING_05051,67.jpg,tile,,Construction and Demolition Waste,,,,,,,,,,,,,,,,,,,,,
CODD_TRAINING_05052,7.jpg,brick,,Construction and Demolition Waste,,,,,,,,,,,,,,,,,,,,,
CODD_TRAINING_05053,7.jpg,concrete,,Construction and Demolition Waste,,,,,,,,,,,,,,,,,,,,,
CODD_TRAINING_05054,7.jpg,tile,,Construction and Demolition Waste,,,,,,,,,,,,,,,,,,,,,
CODD_TRAINING_05055,7.jpg,brick,,Construction and Demolition Waste,,,,,,,,,,,,,,,,,,,,,
CODD_TRAINING_05056,7.jpg,concrete,,Construction and Demolition Waste,,,,,,,,,,,,,,,,,,,,,
CODD_TRAINING_05057,7.jpg,tile,,Construction and Demolition Waste,,,,,,,,,,,,,,,,,,,,,
CODD_TRAINING_05058,7.jpg,brick,,Construction and Demolition Waste,,,,,,,,,,,,,,,,,,,,,
CODD_TRAINING_05059,7.jpg,concrete,,Construction and Demolition Waste,,,,,,,,,,,,,,,,,,,,,
CODD_TRAINING_05060,7.jpg,tile,,Construction and Demolition Waste,,,,,,,,,,,,,,,,,,,,,
CODD_TRAINING_05061,7.jpg,brick,,Construction and Demolition Waste,,,,,,,,,,,,,,,,,,,,,
CODD_TRAINING_05062,7.jpg,concrete,,Construction and Demolition Waste,,,,,,,,,,,,,,,,,,,,,
CODD_TRAINING_05063,7.jpg,tile,,Construction and Demolition Waste,,,,,,,,,,,,,,,,,,,,,
CODD_TRAINING_05064,70.jpg,brick,,Construction and Demolition Waste,,,,,,,,,,,,,,,,,,,,,
CODD_TRAINING_05065,70.jpg,concrete,,Construction and Demolition Waste,,,,,,,,,,,,,,,,,,,,,
CODD_TRAINING_05066,70.jpg,tile,,Construction and Demolition Waste,,,,,,,,,,,,,,,,,,,,,
CODD_TRAINING_05067,70.jpg,brick,,Construction and Demolition Waste,,,,,,,,,,,,,,,,,,,,,
CODD_TRAINING_05068,70.jpg,concrete,,Construction and Demolition Waste,,,,,,,,,,,,,,,,,,,,,
CODD_TRAINING_05069,70.jpg,tile,,Construction and Demolition Waste,,,,,,,,,,,,,,,,,,,,,
CODD_TRAINING_05070,70.jpg,brick,,Construction and Demolition Waste,,,,,,,,,,,,,,,,,,,,,
CODD_TRAINING_05071,70.jpg,concrete,,Construction and Demolition Waste,,,,,,,,,,,,,,,,,,,,,
CODD_TRAINING_05072,70.jpg,tile,,Construction and Demolition Waste,,,,,,,,,,,,,,,,,,,,,
CODD_TRAINING_05073,70.jpg,brick,,Construction and Demolition Waste,,,,,,,,,,,,,,,,,,,,,
CODD_TRAINING_05074,70.jpg,concrete,,Construction and Demolition Waste,,,,,,,,,,,,,,,,,,,,,
CODD_TRAINING_05075,70.jpg,tile,,Construction and Demolition Waste,,,,,,,,,,,,,,,,,,,,,
CODD_TRAINING_05076,72.jpg,brick,,Construction and Demolition Waste,,,,,,,,,,,,,,,,,,,,,
CODD_TRAINING_05077,72.jpg,concrete,,Construction and Demolition Waste,,,,,,,,,,,,,,,,,,,,,
CODD_TRAINING_05078,72.jpg,tile,,Construction and Demolition Waste,,,,,,,,,,,,,,,,,,,,,
CODD_TRAINING_05079,72.jpg,brick,,Construction and Demolition Waste,,,,,,,,,,,,,,,,,,,,,
CODD_TRAINING_05080,72.jpg,concrete,,Construction and Demolition Waste,,,,,,,,,,,,,,,,,,,,,
CODD_TRAINING_05081,72.jpg,tile,,Construction and Demolition Waste,,,,,,,,,,,,,,,,,,,,,
CODD_TRAINING_05082,72.jpg,brick,,Construction and Demolition Waste,,,,,,,,,,,,,,,,,,,,,
CODD_TRAINING_05083,72.jpg,concrete,,Construction and Demolition Waste,,,,,,,,,,,,,,,,,,,,,
CODD_TRAINING_05084,72.jpg,tile,,Construction and Demolition Waste,,,,,,,,,,,,,,,,,,,,,
CODD_TRAINING_05085,72.jpg,brick,,Construction and Demolition Waste,,,,,,,,,,,,,,,,,,,,,
CODD_TRAINING_05086,72.jpg,concrete,,Construction and Demolition Waste,,,,,,,,,,,,,,,,,,,,,
CODD_TRAINING_05087,72.jpg,tile,,Construction and Demolition Waste,,,,,,,,,,,,,,,,,,,,,
CODD_TRAINING_05088,73.jpg,brick,,Construction and Demolition Waste,,,,,,,,,,,,,,,,,,,,,
CODD_TRAINING_05089,73.jpg,concrete,,Construction and Demolition Waste,,,,,,,,,,,,,,,,,,,,,
CODD_TRAINING_05090,73.jpg,tile,,Construction and Demolition Waste,,,,,,,,,,,,,,,,,,,,,
CODD_TRAINING_05091,73.jpg,brick,,Construction and Demolition Waste,,,,,,,,,,,,,,,,,,,,,
CODD_TRAINING_05092,73.jpg,concrete,,Construction and Demolition Waste,,,,,,,,,,,,,,,,,,,,,
CODD_TRAINING_05093,73.jpg,tile,,Construction and Demolition Waste,,,,,,,,,,,,,,,,,,,,,
CODD_TRAINING_05094,73.jpg,brick,,Construction and Demolition Waste,,,,,,,,,,,,,,,,,,,,,
CODD_TRAINING_05095,73.jpg,concrete,,Construction and Demolition Waste,,,,,,,,,,,,,,,,,,,,,
CODD_TRAINING_05096,73.jpg,tile,,Construction and Demolition Waste,,,,,,,,,,,,,,,,,,,,,
CODD_TRAINING_05097,73.jpg,brick,,Construction and Demolition Waste,,,,,,,,,,,,,,,,,,,,,
CODD_TRAINING_05098,73.jpg,concrete,,Construction and Demolition Waste,,,,,,,,,,,,,,,,,,,,,
CODD_TRAINING_05099,73.jpg,tile,,Construction and Demolition Waste,,,,,,,,,,,,,,,,,,,,,
CODD_TRAINING_05100,74.jpg,brick,,Construction and Demolition Waste,,,,,,,,,,,,,,,,,,,,,
CODD_TRAINING_05101,74.jpg,concrete,,Construction and Demolition Waste,,,,,,,,,,,,,,,,,,,,,
CODD_TRAINING_05102,74.jpg,tile,,Construction and Demolition Waste,,,,,,,,,,,,,,,,,,,,,
CODD_TRAINING_05103,74.jpg,brick,,Construction and Demolition Waste,,,,,,,,,,,,,,,,,,,,,
CODD_TRAINING_05104,74.jpg,concrete,,Construction and Demolition Waste,,,,,,,,,,,,,,,,,,,,,
CODD_TRAINING_05105,74.jpg,tile,,Construction and Demolition Waste,,,,,,,,,,,,,,,,,,,,,
CODD_TRAINING_05106,74.jpg,brick,,Construction and Demolition Waste,,,,,,,,,,,,,,,,,,,,,
CODD_TRAINING_05107,74.jpg,concrete,,Construction and Demolition Waste,,,,,,,,,,,,,,,,,,,,,
CODD_TRAINING_05108,74.jpg,tile,,Construction and Demolition Waste,,,,,,,,,,,,,,,,,,,,,
CODD_TRAINING_05109,74.jpg,brick,,Construction and Demolition Waste,,,,,,,,,,,,,,,,,,,,,
CODD_TRAINING_05110,74.jpg,concrete,,Construction and Demolition Waste,,,,,,,,,,,,,,,,,,,,,
CODD_TRAINING_05111,74.jpg,tile,,Construction and Demolition Waste,,,,,,,,,,,,,,,,,,,,,
CODD_TRAINING_05112,75.jpg,brick,,Construction and Demolition Waste,,,,,,,,,,,,,,,,,,,,,
CODD_TRAINING_05113,75.jpg,concrete,,Construction and Demolition Waste,,,,,,,,,,,,,,,,,,,,,
CODD_TRAINING_05114,75.jpg,tile,,Construction and Demolition Waste,,,,,,,,,,,,,,,,,,,,,
CODD_TRAINING_05115,75.jpg,brick,,Construction and Demolition Waste,,,,,,,,,,,,,,,,,,,,,
CODD_TRAINING_05116,75.jpg,concrete,,Construction and Demolition Waste,,,,,,,,,,,,,,,,,,,,,
CODD_TRAINING_05117,75.jpg,tile,,Construction and Demolition Waste,,,,,,,,,,,,,,,,,,,,,
CODD_TRAINING_05118,75.jpg,brick,,Construction and Demolition Waste,,,,,,,,,,,,,,,,,,,,,
CODD_TRAINING_05119,75.jpg,concrete,,Construction and Demolition Waste,,,,,,,,,,,,,,,,,,,,,
CODD_TRAINING_05120,75.jpg,tile,,Construction and Demolition Waste,,,,,,,,,,,,,,,,,,,,,
CODD_TRAINING_05121,75.jpg,brick,,Construction and Demolition Waste,,,,,,,,,,,,,,,,,,,,,
CODD_TRAINING_05122,75.jpg,concrete,,Construction and Demolition Waste,,,,,,,,,,,,,,,,,,,,,
CODD_TRAINING_05123,75.jpg,tile,,Construction and Demolition Waste,,,,,,,,,,,,,,,,,,,,,
CODD_TRAINING_05124,77.jpg,brick,,Construction and Demolition Waste,,,,,,,,,,,,,,,,,,,,,
CODD_TRAINING_05125,77.jpg,concrete,,Construction and Demolition Waste,,,,,,,,,,,,,,,,,,,,,
CODD_TRAINING_05126,77.jpg,tile,,Construction and Demolition Waste,,,,,,,,,,,,,,,,,,,,,
CODD_TRAINING_05127,77.jpg,brick,,Construction and Demolition Waste,,,,,,,,,,,,,,,,,,,,,
CODD_TRAINING_05128,77.jpg,concrete,,Construction and Demolition Waste,,,,,,,,,,,,,,,,,,,,,
CODD_TRAINING_05129,77.jpg,tile,,Construction and Demolition Waste,,,,,,,,,,,,,,,,,,,,,
CODD_TRAINING_05130,77.jpg,brick,,Construction and Demolition Waste,,,,,,,,,,,,,,,,,,,,,
CODD_TRAINING_05131,77.jpg,concrete,,Construction and Demolition Waste,,,,,,,,,,,,,,,,,,,,,
CODD_TRAINING_05132,77.jpg,tile,,Construction and Demolition Waste,,,,,,,,,,,,,,,,,,,,,
CODD_TRAINING_05133,77.jpg,brick,,Construction and Demolition Waste,,,,,,,,,,,,,,,,,,,,,
CODD_TRAINING_05134,77.jpg,concrete,,Construction and Demolition Waste,,,,,,,,,,,,,,,,,,,,,
CODD_TRAINING_05135,77.jpg,tile,,Construction and Demolition Waste,,,,,,,,,,,,,,,,,,,,,
CODD_TRAINING_05136,78.jpg,brick,,Construction and Demolition Waste,,,,,,,,,,,,,,,,,,,,,
CODD_TRAINING_05137,78.jpg,concrete,,Construction and Demolition Waste,,,,,,,,,,,,,,,,,,,,,
CODD_TRAINING_05138,78.jpg,tile,,Construction and Demolition Waste,,,,,,,,,,,,,,,,,,,,,
CODD_TRAINING_05139,78.jpg,brick,,Construction and Demolition Waste,,,,,,,,,,,,,,,,,,,,,
CODD_TRAINING_05140,78.jpg,concrete,,Construction and Demolition Waste,,,,,,,,,,,,,,,,,,,,,
CODD_TRAINING_05141,78.jpg,tile,,Construction and Demolition Waste,,,,,,,,,,,,,,,,,,,,,
CODD_TRAINING_05142,78.jpg,brick,,Construction and Demolition Waste,,,,,,,,,,,,,,,,,,,,,
CODD_TRAINING_05143,78.jpg,concrete,,Construction and Demolition Waste,,,,,,,,,,,,,,,,,,,,,
CODD_TRAINING_05144,78.jpg,tile,,Construction and Demolition Waste,,,,,,,,,,,,,,,,,,,,,
CODD_TRAINING_05145,78.jpg,brick,,Construction and Demolition Waste,,,,,,,,,,,,,,,,,,,,,
CODD_TRAINING_05146,78.jpg,concrete,,Construction and Demolition Waste,,,,,,,,,,,,,,,,,,,,,
CODD_TRAINING_05147,78.jpg,tile,,Construction and Demolition Waste,,,,,,,,,,,,,,,,,,,,,
CODD_TRAINING_05148,81.jpg,brick,,Construction and Demolition Waste,,,,,,,,,,,,,,,,,,,,,
CODD_TRAINING_05149,81.jpg,concrete,,Construction and Demolition Waste,,,,,,,,,,,,,,,,,,,,,
CODD_TRAINING_05150,81.jpg,tile,,Construction and Demolition Waste,,,,,,,,,,,,,,,,,,,,,
CODD_TRAINING_05151,81.jpg,brick,,Construction and Demolition Waste,,,,,,,,,,,,,,,,,,,,,
CODD_TRAINING_05152,81.jpg,concrete,,Construction and Demolition Waste,,,,,,,,,,,,,,,,,,,,,
CODD_TRAINING_05153,81.jpg,tile,,Construction and Demolition Waste,,,,,,,,,,,,,,,,,,,,,
CODD_TRAINING_05154,81.jpg,brick,,Construction and Demolition Waste,,,,,,,,,,,,,,,,,,,,,
CODD_TRAINING_05155,81.jpg,concrete,,Construction and Demolition Waste,,,,,,,,,,,,,,,,,,,,,
CODD_TRAINING_05156,81.jpg,tile,,Construction and Demolition Waste,,,,,,,,,,,,,,,,,,,,,
CODD_TRAINING_05157,81.jpg,brick,,Construction and Demolition Waste,,,,,,,,,,,,,,,,,,,,,
CODD_TRAINING_05158,81.jpg,concrete,,Construction and Demolition Waste,,,,,,,,,,,,,,,,,,,,,
CODD_TRAINING_05159,81.jpg,tile,,Construction and Demolition Waste,,,,,,,,,,,,,,,,,,,,,
CODD_TRAINING_05160,83.jpg,brick,,Construction and Demolition Waste,,,,,,,,,,,,,,,,,,,,,
CODD_TRAINING_05161,83.jpg,concrete,,Construction and Demolition Waste,,,,,,,,,,,,,,,,,,,,,
CODD_TRAINING_05162,83.jpg,tile,,Construction and Demolition Waste,,,,,,,,,,,,,,,,,,,,,
CODD_TRAINING_05163,83.jpg,brick,,Construction and Demolition Waste,,,,,,,,,,,,,,,,,,,,,
CODD_TRAINING_05164,83.jpg,concrete,,Construction and Demolition Waste,,,,,,,,,,,,,,,,,,,,,
CODD_TRAINING_05165,83.jpg,tile,,Construction and Demolition Waste,,,,,,,,,,,,,,,,,,,,,
CODD_TRAINING_05166,83.jpg,brick,,Construction and Demolition Waste,,,,,,,,,,,,,,,,,,,,,
CODD_TRAINING_05167,83.jpg,concrete,,Construction and Demolition Waste,,,,,,,,,,,,,,,,,,,,,
CODD_TRAINING_05168,83.jpg,tile,,Construction and Demolition Waste,,,,,,,,,,,,,,,,,,,,,
CODD_TRAINING_05169,83.jpg,brick,,Construction and Demolition Waste,,,,,,,,,,,,,,,,,,,,,
CODD_TRAINING_05170,83.jpg,concrete,,Construction and Demolition Waste,,,,,,,,,,,,,,,,,,,,,
CODD_TRAINING_05171,83.jpg,tile,,Construction and Demolition Waste,,,,,,,,,,,,,,,,,,,,,
CODD_TRAINING_05172,84.jpg,brick,,Construction and Demolition Waste,,,,,,,,,,,,,,,,,,,,,
CODD_TRAINING_05173,84.jpg,concrete,,Construction and Demolition Waste,,,,,,,,,,,,,,,,,,,,,
CODD_TRAINING_05174,84.jpg,tile,,Construction and Demolition Waste,,,,,,,,,,,,,,,,,,,,,
CODD_TRAINING_05175,84.jpg,brick,,Construction and Demolition Waste,,,,,,,,,,,,,,,,,,,,,
CODD_TRAINING_05176,84.jpg,concrete,,Construction and Demolition Waste,,,,,,,,,,,,,,,,,,,,,
CODD_TRAINING_05177,84.jpg,tile,,Construction and Demolition Waste,,,,,,,,,,,,,,,,,,,,,
CODD_TRAINING_05178,84.jpg,brick,,Construction and Demolition Waste,,,,,,,,,,,,,,,,,,,,,
CODD_TRAINING_05179,84.jpg,concrete,,Construction and Demolition Waste,,,,,,,,,,,,,,,,,,,,,
CODD_TRAINING_05180,84.jpg,tile,,Construction and Demolition Waste,,,,,,,,,,,,,,,,,,,,,
CODD_TRAINING_05181,84.jpg,brick,,Construction and Demolition Waste,,,,,,,,,,,,,,,,,,,,,
CODD_TRAINING_05182,84.jpg,concrete,,Construction and Demolition Waste,,,,,,,,,,,,,,,,,,,,,
CODD_TRAINING_05183,84.jpg,tile,,Construction and Demolition Waste,,,,,,,,,,,,,,,,,,,,,
CODD_TRAINING_05184,85.jpg,brick,,Construction and Demolition Waste,,,,,,,,,,,,,,,,,,,,,
CODD_TRAINING_05185,85.jpg,concrete,,Construction and Demolition Waste,,,,,,,,,,,,,,,,,,,,,
CODD_TRAINING_05186,85.jpg,tile,,Construction and Demolition Waste,,,,,,,,,,,,,,,,,,,,,
CODD_TRAINING_05187,85.jpg,brick,,Construction and Demolition Waste,,,,,,,,,,,,,,,,,,,,,
CODD_TRAINING_05188,85.jpg,concrete,,Construction and Demolition Waste,,,,,,,,,,,,,,,,,,,,,
CODD_TRAINING_05189,85.jpg,tile,,Construction and Demolition Waste,,,,,,,,,,,,,,,,,,,,,
CODD_TRAINING_05190,85.jpg,brick,,Construction and Demolition Waste,,,,,,,,,,,,,,,,,,,,,
CODD_TRAINING_05191,85.jpg,concrete,,Construction and Demolition Waste,,,,,,,,,,,,,,,,,,,,,
CODD_TRAINING_05192,85.jpg,tile,,Construction and Demolition Waste,,,,,,,,,,,,,,,,,,,,,
CODD_TRAINING_05193,85.jpg,brick,,Construction and Demolition Waste,,,,,,,,,,,,,,,,,,,,,
CODD_TRAINING_05194,85.jpg,concrete,,Construction and Demolition Waste,,,,,,,,,,,,,,,,,,,,,
CODD_TRAINING_05195,85.jpg,tile,,Construction and Demolition Waste,,,,,,,,,,,,,,,,,,,,,
CODD_TRAINING_05196,86.jpg,brick,,Construction and Demolition Waste,,,,,,,,,,,,,,,,,,,,,
CODD_TRAINING_05197,86.jpg,concrete,,Construction and Demolition Waste,,,,,,,,,,,,,,,,,,,,,
CODD_TRAINING_05198,86.jpg,tile,,Construction and Demolition Waste,,,,,,,,,,,,,,,,,,,,,
CODD_TRAINING_05199,86.jpg,brick,,Construction and Demolition Waste,,,,,,,,,,,,,,,,,,,,,
CODD_TRAINING_05200,86.jpg,concrete,,Construction and Demolition Waste,,,,,,,,,,,,,,,,,,,,,
CODD_TRAINING_05201,86.jpg,tile,,Construction and Demolition Waste,,,,,,,,,,,,,,,,,,,,,
CODD_TRAINING_05202,86.jpg,brick,,Construction and Demolition Waste,,,,,,,,,,,,,,,,,,,,,
CODD_TRAINING_05203,86.jpg,concrete,,Construction and Demolition Waste,,,,,,,,,,,,,,,,,,,,,
CODD_TRAINING_05204,86.jpg,tile,,Construction and Demolition Waste,,,,,,,,,,,,,,,,,,,,,
CODD_TRAINING_05205,86.jpg,brick,,Construction and Demolition Waste,,,,,,,,,,,,,,,,,,,,,
CODD_TRAINING_05206,86.jpg,concrete,,Construction and Demolition Waste,,,,,,,,,,,,,,,,,,,,,
CODD_TRAINING_05207,86.jpg,tile,,Construction and Demolition Waste,,,,,,,,,,,,,,,,,,,,,
CODD_TRAINING_05208,88.jpg,brick,,Construction and Demolition Waste,,,,,,,,,,,,,,,,,,,,,
CODD_TRAINING_05209,88.jpg,concrete,,Construction and Demolition Waste,,,,,,,,,,,,,,,,,,,,,
CODD_TRAINING_05210,88.jpg,tile,,Construction and Demolition Waste,,,,,,,,,,,,,,,,,,,,,
CODD_TRAINING_05211,88.jpg,brick,,Construction and Demolition Waste,,,,,,,,,,,,,,,,,,,,,
CODD_TRAINING_05212,88.jpg,concrete,,Construction and Demolition Waste,,,,,,,,,,,,,,,,,,,,,
CODD_TRAINING_05213,88.jpg,tile,,Construction and Demolition Waste,,,,,,,,,,,,,,,,,,,,,
CODD_TRAINING_05214,88.jpg,brick,,Construction and Demolition Waste,,,,,,,,,,,,,,,,,,,,,
CODD_TRAINING_05215,88.jpg,concrete,,Construction and Demolition Waste,,,,,,,,,,,,,,,,,,,,,
CODD_TRAINING_05216,88.jpg,tile,,Construction and Demolition Waste,,,,,,,,,,,,,,,,,,,,,
CODD_TRAINING_05217,88.jpg,brick,,Construction and Demolition Waste,,,,,,,,,,,,,,,,,,,,,
CODD_TRAINING_05218,88.jpg,concrete,,Construction and Demolition Waste,,,,,,,,,,,,,,,,,,,,,
CODD_TRAINING_05219,88.jpg,tile,,Construction and Demolition Waste,,,,,,,,,,,,,,,,,,,,,
CODD_TRAINING_05220,9.jpg,brick,,Construction and Demolition Waste,,,,,,,,,,,,,,,,,,,,,
CODD_TRAINING_05221,9.jpg,concrete,,Construction and Demolition Waste,,,,,,,,,,,,,,,,,,,,,
CODD_TRAINING_05222,9.jpg,tile,,Construction and Demolition Waste,,,,,,,,,,,,,,,,,,,,,
CODD_TRAINING_05223,9.jpg,brick,,Construction and Demolition Waste,,,,,,,,,,,,,,,,,,,,,
CODD_TRAINING_05224,9.jpg,concrete,,Construction and Demolition Waste,,,,,,,,,,,,,,,,,,,,,
CODD_TRAINING_05225,9.jpg,tile,,Construction and Demolition Waste,,,,,,,,,,,,,,,,,,,,,
CODD_TRAINING_05226,9.jpg,brick,,Construction and Demolition Waste,,,,,,,,,,,,,,,,,,,,,
CODD_TRAINING_05227,9.jpg,concrete,,Construction and Demolition Waste,,,,,,,,,,,,,,,,,,,,,
CODD_TRAINING_05228,9.jpg,tile,,Construction and Demolition Waste,,,,,,,,,,,,,,,,,,,,,
CODD_TRAINING_05229,9.jpg,brick,,Construction and Demolition Waste,,,,,,,,,,,,,,,,,,,,,
CODD_TRAINING_05230,9.jpg,concrete,,Construction and Demolition Waste,,,,,,,,,,,,,,,,,,,,,
CODD_TRAINING_05231,9.jpg,tile,,Construction and Demolition Waste,,,,,,,,,,,,,,,,,,,,,
CODD_TRAINING_05232,90.jpg,brick,,Construction and Demolition Waste,,,,,,,,,,,,,,,,,,,,,
CODD_TRAINING_05233,90.jpg,concrete,,Construction and Demolition Waste,,,,,,,,,,,,,,,,,,,,,
CODD_TRAINING_05234,90.jpg,tile,,Construction and Demolition Waste,,,,,,,,,,,,,,,,,,,,,
CODD_TRAINING_05235,90.jpg,brick,,Construction and Demolition Waste,,,,,,,,,,,,,,,,,,,,,
CODD_TRAINING_05236,90.jpg,concrete,,Construction and Demolition Waste,,,,,,,,,,,,,,,,,,,,,
CODD_TRAINING_05237,90.jpg,tile,,Construction and Demolition Waste,,,,,,,,,,,,,,,,,,,,,
CODD_TRAINING_05238,90.jpg,brick,,Construction and Demolition Waste,,,,,,,,,,,,,,,,,,,,,
CODD_TRAINING_05239,90.jpg,concrete,,Construction and Demolition Waste,,,,,,,,,,,,,,,,,,,,,
CODD_TRAINING_05240,90.jpg,tile,,Construction and Demolition Waste,,,,,,,,,,,,,,,,,,,,,
CODD_TRAINING_05241,90.jpg,brick,,Construction and Demolition Waste,,,,,,,,,,,,,,,,,,,,,
CODD_TRAINING_05242,90.jpg,concrete,,Construction and Demolition Waste,,,,,,,,,,,,,,,,,,,,,
CODD_TRAINING_05243,90.jpg,tile,,Construction and Demolition Waste,,,,,,,,,,,,,,,,,,,,,
CODD_TRAINING_05244,91.jpg,brick,,Construction and Demolition Waste,,,,,,,,,,,,,,,,,,,,,
CODD_TRAINING_05245,91.jpg,concrete,,Construction and Demolition Waste,,,,,,,,,,,,,,,,,,,,,
CODD_TRAINING_05246,91.jpg,tile,,Construction and Demolition Waste,,,,,,,,,,,,,,,,,,,,,
CODD_TRAINING_05247,91.jpg,brick,,Construction and Demolition Waste,,,,,,,,,,,,,,,,,,,,,
CODD_TRAINING_05248,91.jpg,concrete,,Construction and Demolition Waste,,,,,,,,,,,,,,,,,,,,,
CODD_TRAINING_05249,91.jpg,tile,,Construction and Demolition Waste,,,,,,,,,,,,,,,,,,,,,
CODD_TRAINING_05250,91.jpg,brick,,Construction and Demolition Waste,,,,,,,,,,,,,,,,,,,,,
CODD_TRAINING_05251,91.jpg,concrete,,Construction and Demolition Waste,,,,,,,,,,,,,,,,,,,,,
CODD_TRAINING_05252,91.jpg,tile,,Construction and Demolition Waste,,,,,,,,,,,,,,,,,,,,,
CODD_TRAINING_05253,91.jpg,brick,,Construction and Demolition Waste,,,,,,,,,,,,,,,,,,,,,
CODD_TRAINING_05254,91.jpg,concrete,,Construction and Demolition Waste,,,,,,,,,,,,,,,,,,,,,
CODD_TRAINING_05255,91.jpg,tile,,Construction and Demolition Waste,,,,,,,,,,,,,,,,,,,,,
CODD_TRAINING_05256,92.jpg,brick,,Construction and Demolition Waste,,,,,,,,,,,,,,,,,,,,,
CODD_TRAINING_05257,92.jpg,concrete,,Construction and Demolition Waste,,,,,,,,,,,,,,,,,,,,,
CODD_TRAINING_05258,92.jpg,tile,,Construction and Demolition Waste,,,,,,,,,,,,,,,,,,,,,
CODD_TRAINING_05259,92.jpg,brick,,Construction and Demolition Waste,,,,,,,,,,,,,,,,,,,,,
CODD_TRAINING_05260,92.jpg,concrete,,Construction and Demolition Waste,,,,,,,,,,,,,,,,,,,,,
CODD_TRAINING_05261,92.jpg,tile,,Construction and Demolition Waste,,,,,,,,,,,,,,,,,,,,,
CODD_TRAINING_05262,92.jpg,brick,,Construction and Demolition Waste,,,,,,,,,,,,,,,,,,,,,
CODD_TRAINING_05263,92.jpg,concrete,,Construction and Demolition Waste,,,,,,,,,,,,,,,,,,,,,
CODD_TRAINING_05264,92.jpg,tile,,Construction and Demolition Waste,,,,,,,,,,,,,,,,,,,,,
CODD_TRAINING_05265,92.jpg,brick,,Construction and Demolition Waste,,,,,,,,,,,,,,,,,,,,,
CODD_TRAINING_05266,92.jpg,concrete,,Construction and Demolition Waste,,,,,,,,,,,,,,,,,,,,,
CODD_TRAINING_05267,92.jpg,tile,,Construction and Demolition Waste,,,,,,,,,,,,,,,,,,,,,
CODD_TRAINING_05268,94.jpg,brick,,Construction and Demolition Waste,,,,,,,,,,,,,,,,,,,,,
CODD_TRAINING_05269,94.jpg,concrete,,Construction and Demolition Waste,,,,,,,,,,,,,,,,,,,,,
CODD_TRAINING_05270,94.jpg,tile,,Construction and Demolition Waste,,,,,,,,,,,,,,,,,,,,,
CODD_TRAINING_05271,94.jpg,brick,,Construction and Demolition Waste,,,,,,,,,,,,,,,,,,,,,
CODD_TRAINING_05272,94.jpg,concrete,,Construction and Demolition Waste,,,,,,,,,,,,,,,,,,,,,
CODD_TRAINING_05273,94.jpg,tile,,Construction and Demolition Waste,,,,,,,,,,,,,,,,,,,,,
CODD_TRAINING_05274,94.jpg,brick,,Construction and Demolition Waste,,,,,,,,,,,,,,,,,,,,,
CODD_TRAINING_05275,94.jpg,concrete,,Construction and Demolition Waste,,,,,,,,,,,,,,,,,,,,,
CODD_TRAINING_05276,94.jpg,tile,,Construction and Demolition Waste,,,,,,,,,,,,,,,,,,,,,
CODD_TRAINING_05277,94.jpg,brick,,Construction and Demolition Waste,,,,,,,,,,,,,,,,,,,,,
CODD_TRAINING_05278,94.jpg,concrete,,Construction and Demolition Waste,,,,,,,,,,,,,,,,,,,,,
CODD_TRAINING_05279,94.jpg,tile,,Construction and Demolition Waste,,,,,,,,,,,,,,,,,,,,,
CODD_TRAINING_05280,95.jpg,brick,,Construction and Demolition Waste,,,,,,,,,,,,,,,,,,,,,
CODD_TRAINING_05281,95.jpg,concrete,,Construction and Demolition Waste,,,,,,,,,,,,,,,,,,,,,
CODD_TRAINING_05282,95.jpg,tile,,Construction and Demolition Waste,,,,,,,,,,,,,,,,,,,,,
CODD_TRAINING_05283,95.jpg,brick,,Construction and Demolition Waste,,,,,,,,,,,,,,,,,,,,,
CODD_TRAINING_05284,95.jpg,concrete,,Construction and Demolition Waste,,,,,,,,,,,,,,,,,,,,,
CODD_TRAINING_05285,95.jpg,tile,,Construction and Demolition Waste,,,,,,,,,,,,,,,,,,,,,
CODD_TRAINING_05286,95.jpg,brick,,Construction and Demolition Waste,,,,,,,,,,,,,,,,,,,,,
CODD_TRAINING_05287,95.jpg,concrete,,Construction and Demolition Waste,,,,,,,,,,,,,,,,,,,,,
CODD_TRAINING_05288,95.jpg,tile,,Construction and Demolition Waste,,,,,,,,,,,,,,,,,,,,,
CODD_TRAINING_05289,95.jpg,brick,,Construction and Demolition Waste,,,,,,,,,,,,,,,,,,,,,
CODD_TRAINING_05290,95.jpg,concrete,,Construction and Demolition Waste,,,,,,,,,,,,,,,,,,,,,
CODD_TRAINING_05291,95.jpg,tile,,Construction and Demolition Waste,,,,,,,,,,,,,,,,,,,,,
CODD_TRAINING_05292,97.jpg,brick,,Construction and Demolition Waste,,,,,,,,,,,,,,,,,,,,,
CODD_TRAINING_05293,97.jpg,concrete,,Construction and Demolition Waste,,,,,,,,,,,,,,,,,,,,,
CODD_TRAINING_05294,97.jpg,tile,,Construction and Demolition Waste,,,,,,,,,,,,,,,,,,,,,
CODD_TRAINING_05295,97.jpg,brick,,Construction and Demolition Waste,,,,,,,,,,,,,,,,,,,,,
CODD_TRAINING_05296,97.jpg,concrete,,Construction and Demolition Waste,,,,,,,,,,,,,,,,,,,,,
CODD_TRAINING_05297,97.jpg,tile,,Construction and Demolition Waste,,,,,,,,,,,,,,,,,,,,,
CODD_TRAINING_05298,97.jpg,brick,,Construction and Demolition Waste,,,,,,,,,,,,,,,,,,,,,
CODD_TRAINING_05299,97.jpg,concrete,,Construction and Demolition Waste,,,,,,,,,,,,,,,,,,,,,
CODD_TRAINING_05300,97.jpg,tile,,Construction and Demolition Waste,,,,,,,,,,,,,,,,,,,,,
CODD_TRAINING_05301,97.jpg,brick,,Construction and Demolition Waste,,,,,,,,,,,,,,,,,,,,,
CODD_TRAINING_05302,97.jpg,concrete,,Construction and Demolition Waste,,,,,,,,,,,,,,,,,,,,,
CODD_TRAINING_05303,97.jpg,tile,,Construction and Demolition Waste,,,,,,,,,,,,,,,,,,,,,
CODD_TRAINING_05304,99.jpg,brick,,Construction and Demolition Waste,,,,,,,,,,,,,,,,,,,,,
CODD_TRAINING_05305,99.jpg,concrete,,Construction and Demolition Waste,,,,,,,,,,,,,,,,,,,,,
CODD_TRAINING_05306,99.jpg,tile,,Construction and Demolition Waste,,,,,,,,,,,,,,,,,,,,,
CODD_TRAINING_05307,99.jpg,brick,,Construction and Demolition Waste,,,,,,,,,,,,,,,,,,,,,
CODD_TRAINING_05308,99.jpg,concrete,,Construction and Demolition Waste,,,,,,,,,,,,,,,,,,,,,
CODD_TRAINING_05309,99.jpg,tile,,Construction and Demolition Waste,,,,,,,,,,,,,,,,,,,,,
CODD_TRAINING_05310,99.jpg,brick,,Construction and Demolition Waste,,,,,,,,,,,,,,,,,,,,,
CODD_TRAINING_05311,99.jpg,concrete,,Construction and Demolition Waste,,,,,,,,,,,,,,,,,,,,,
CODD_TRAINING_05312,99.jpg,tile,,Construction and Demolition Waste,,,,,,,,,,,,,,,,,,,,,
CODD_TRAINING_05313,99.jpg,brick,,Construction and Demolition Waste,,,,,,,,,,,,,,,,,,,,,
CODD_TRAINING_05314,99.jpg,concrete,,Construction and Demolition Waste,,,,,,,,,,,,,,,,,,,,,
CODD_TRAINING_05315,99.jpg,tile,,Construction and Demolition Waste,,,,,,,,,,,,,,,,,,,,,
CODD_TRAINING_05316,foam-2729.jpg,gypsum_board,,Construction and Demolition Waste,,,,,,,,,,,,,,,,,,,,,
CODD_TRAINING_05317,foam-2729.jpg,gypsum_board,,Construction and Demolition Waste,,,,,,,,,,,,,,,,,,,,,
CODD_TRAINING_05318,foam-2729.jpg,gypsum_board,,Construction and Demolition Waste,,,,,,,,,,,,,,,,,,,,,
CODD_TRAINING_05319,foam-2729.jpg,gypsum_board,,Construction and Demolition Waste,,,,,,,,,,,,,,,,,,,,,
CODD_TRAINING_05320,foam-2730.jpg,gypsum_board,,Construction and Demolition Waste,,,,,,,,,,,,,,,,,,,,,
CODD_TRAINING_05321,foam-2730.jpg,gypsum_board,,Construction and Demolition Waste,,,,,,,,,,,,,,,,,,,,,
CODD_TRAINING_05322,foam-2730.jpg,gypsum_board,,Construction and Demolition Waste,,,,,,,,,,,,,,,,,,,,,
CODD_TRAINING_05323,foam-2730.jpg,gypsum_board,,Construction and Demolition Waste,,,,,,,,,,,,,,,,,,,,,
CODD_TRAINING_05324,foam-2731.jpg,gypsum_board,,Construction and Demolition Waste,,,,,,,,,,,,,,,,,,,,,
CODD_TRAINING_05325,foam-2731.jpg,gypsum_board,,Construction and Demolition Waste,,,,,,,,,,,,,,,,,,,,,
CODD_TRAINING_05326,foam-2732.jpg,gypsum_board,,Construction and Demolition Waste,,,,,,,,,,,,,,,,,,,,,
CODD_TRAINING_05327,foam-2732.jpg,gypsum_board,,Construction and Demolition Waste,,,,,,,,,,,,,,,,,,,,,
CODD_TRAINING_05328,foam-2733.jpg,gypsum_board,,Construction and Demolition Waste,,,,,,,,,,,,,,,,,,,,,
CODD_TRAINING_05329,foam-2733.jpg,gypsum_board,,Construction and Demolition Waste,,,,,,,,,,,,,,,,,,,,,
CODD_TRAINING_05330,foam-2733.jpg,gypsum_board,,Construction and Demolition Waste,,,,,,,,,,,,,,,,,,,,,
CODD_TRAINING_05331,foam-2733.jpg,gypsum_board,,Construction and Demolition Waste,,,,,,,,,,,,,,,,,,,,,
CODD_TRAINING_05332,foam-2733.jpg,gypsum_board,,Construction and Demolition Waste,,,,,,,,,,,,,,,,,,,,,
CODD_TRAINING_05333,foam-2733.jpg,gypsum_board,,Construction and Demolition Waste,,,,,,,,,,,,,,,,,,,,,
CODD_TRAINING_05334,foam-2733.jpg,gypsum_board,,Construction and Demolition Waste,,,,,,,,,,,,,,,,,,,,,
CODD_TRAINING_05335,foam-2733.jpg,gypsum_board,,Construction and Demolition Waste,,,,,,,,,,,,,,,,,,,,,
CODD_TRAINING_05336,foam-2734.jpg,gypsum_board,,Construction and Demolition Waste,,,,,,,,,,,,,,,,,,,,,
CODD_TRAINING_05337,foam-2734.jpg,gypsum_board,,Construction and Demolition Waste,,,,,,,,,,,,,,,,,,,,,
CODD_TRAINING_05338,foam-2734.jpg,gypsum_board,,Construction and Demolition Waste,,,,,,,,,,,,,,,,,,,,,
CODD_TRAINING_05339,foam-2734.jpg,gypsum_board,,Construction and Demolition Waste,,,,,,,,,,,,,,,,,,,,,
CODD_TRAINING_05340,foam-2734.jpg,gypsum_board,,Construction and Demolition Waste,,,,,,,,,,,,,,,,,,,,,
CODD_TRAINING_05341,foam-2734.jpg,gypsum_board,,Construction and Demolition Waste,,,,,,,,,,,,,,,,,,,,,
CODD_TRAINING_05342,foam-2734.jpg,gypsum_board,,Construction and Demolition Waste,,,,,,,,,,,,,,,,,,,,,
CODD_TRAINING_05343,foam-2734.jpg,gypsum_board,,Construction and Demolition Waste,,,,,,,,,,,,,,,,,,,,,
CODD_TRAINING_05344,foam-2741.jpg,gypsum_board,,Construction and Demolition Waste,,,,,,,,,,,,,,,,,,,,,
CODD_TRAINING_05345,foam-2741.jpg,gypsum_board,,Construction and Demolition Waste,,,,,,,,,,,,,,,,,,,,,
CODD_TRAINING_05346,foam-2742.jpg,gypsum_board,,Construction and Demolition Waste,,,,,,,,,,,,,,,,,,,,,
CODD_TRAINING_05347,foam-2742.jpg,gypsum_board,,Construction and Demolition Waste,,,,,,,,,,,,,,,,,,,,,
CODD_TRAINING_05348,foam-2743.jpg,gypsum_board,,Construction and Demolition Waste,,,,,,,,,,,,,,,,,,,,,
CODD_TRAINING_05349,foam-2743.jpg,gypsum_board,,Construction and Demolition Waste,,,,,,,,,,,,,,,,,,,,,
CODD_TRAINING_05350,foam-2744.jpg,gypsum_board,,Construction and Demolition Waste,,,,,,,,,,,,,,,,,,,,,
CODD_TRAINING_05351,foam-2744.jpg,gypsum_board,,Construction and Demolition Waste,,,,,,,,,,,,,,,,,,,,,
CODD_TRAINING_05352,foam-2745.jpg,gypsum_board,,Construction and Demolition Waste,,,,,,,,,,,,,,,,,,,,,
CODD_TRAINING_05353,foam-2745.jpg,gypsum_board,,Construction and Demolition Waste,,,,,,,,,,,,,,,,,,,,,
CODD_TRAINING_05354,foam-2745.jpg,gypsum_board,,Construction and Demolition Waste,,,,,,,,,,,,,,,,,,,,,
CODD_TRAINING_05355,foam-2745.jpg,gypsum_board,,Construction and Demolition Waste,,,,,,,,,,,,,,,,,,,,,
CODD_TRAINING_05356,foam-2746.jpg,gypsum_board,,Construction and Demolition Waste,,,,,,,,,,,,,,,,,,,,,
CODD_TRAINING_05357,foam-2746.jpg,gypsum_board,,Construction and Demolition Waste,,,,,,,,,,,,,,,,,,,,,
CODD_TRAINING_05358,foam-2746.jpg,gypsum_board,,Construction and Demolition Waste,,,,,,,,,,,,,,,,,,,,,
CODD_TRAINING_05359,foam-2746.jpg,gypsum_board,,Construction and Demolition Waste,,,,,,,,,,,,,,,,,,,,,
CODD_TRAINING_05360,foam-2747.jpg,gypsum_board,,Construction and Demolition Waste,,,,,,,,,,,,,,,,,,,,,
CODD_TRAINING_05361,foam-2747.jpg,gypsum_board,,Construction and Demolition Waste,,,,,,,,,,,,,,,,,,,,,
CODD_TRAINING_05362,foam-2748.jpg,gypsum_board,,Construction and Demolition Waste,,,,,,,,,,,,,,,,,,,,,
CODD_TRAINING_05363,foam-2748.jpg,gypsum_board,,Construction and Demolition Waste,,,,,,,,,,,,,,,,,,,,,
CODD_TRAINING_05364,foam-2749.jpg,gypsum_board,,Construction and Demolition Waste,,,,,,,,,,,,,,,,,,,,,
CODD_TRAINING_05365,foam-2750.jpg,gypsum_board,,Construction and Demolition Waste,,,,,,,,,,,,,,,,,,,,,
CODD_TRAINING_05366,foam-2751.jpg,gypsum_board,,Construction and Demolition Waste,,,,,,,,,,,,,,,,,,,,,
CODD_TRAINING_05367,foam-2751.jpg,gypsum_board,,Construction and Demolition Waste,,,,,,,,,,,,,,,,,,,,,
CODD_TRAINING_05368,foam-2751.jpg,gypsum_board,,Construction and Demolition Waste,,,,,,,,,,,,,,,,,,,,,
CODD_TRAINING_05369,foam-2751.jpg,gypsum_board,,Construction and Demolition Waste,,,,,,,,,,,,,,,,,,,,,
CODD_TRAINING_05370,foam-2752.jpg,gypsum_board,,Construction and Demolition Waste,,,,,,,,,,,,,,,,,,,,,
CODD_TRAINING_05371,foam-2752.jpg,gypsum_board,,Construction and Demolition Waste,,,,,,,,,,,,,,,,,,,,,
CODD_TRAINING_05372,foam-2752.jpg,gypsum_board,,Construction and Demolition Waste,,,,,,,,,,,,,,,,,,,,,
CODD_TRAINING_05373,foam-2752.jpg,gypsum_board,,Construction and Demolition Waste,,,,,,,,,,,,,,,,,,,,,
CODD_TRAINING_05374,foam-2753.jpg,gypsum_board,,Construction and Demolition Waste,,,,,,,,,,,,,,,,,,,,,
CODD_TRAINING_05375,foam-2753.jpg,gypsum_board,,Construction and Demolition Waste,,,,,,,,,,,,,,,,,,,,,
CODD_TRAINING_05376,foam-2753.jpg,gypsum_board,,Construction and Demolition Waste,,,,,,,,,,,,,,,,,,,,,
CODD_TRAINING_05377,foam-2753.jpg,gypsum_board,,Construction and Demolition Waste,,,,,,,,,,,,,,,,,,,,,
CODD_TRAINING_05378,foam-2753.jpg,gypsum_board,,Construction and Demolition Waste,,,,,,,,,,,,,,,,,,,,,
CODD_TRAINING_05379,foam-2753.jpg,gypsum_board,,Construction and Demolition Waste,,,,,,,,,,,,,,,,,,,,,
CODD_TRAINING_05380,foam-2753.jpg,gypsum_board,,Construction and Demolition Waste,,,,,,,,,,,,,,,,,,,,,
CODD_TRAINING_05381,foam-2754.jpg,gypsum_board,,Construction and Demolition Waste,,,,,,,,,,,,,,,,,,,,,
CODD_TRAINING_05382,foam-2754.jpg,gypsum_board,,Construction and Demolition Waste,,,,,,,,,,,,,,,,,,,,,
CODD_TRAINING_05383,foam-2754.jpg,gypsum_board,,Construction and Demolition Waste,,,,,,,,,,,,,,,,,,,,,
CODD_TRAINING_05384,foam-2754.jpg,gypsum_board,,Construction and Demolition Waste,,,,,,,,,,,,,,,,,,,,,
CODD_TRAINING_05385,foam-2754.jpg,gypsum_board,,Construction and Demolition Waste,,,,,,,,,,,,,,,,,,,,,
CODD_TRAINING_05386,foam-2754.jpg,gypsum_board,,Construction and Demolition Waste,,,,,,,,,,,,,,,,,,,,,
CODD_TRAINING_05387,foam-2754.jpg,gypsum_board,,Construction and Demolition Waste,,,,,,,,,,,,,,,,,,,,,
CODD_TRAINING_05388,foam-2756.jpg,gypsum_board,,Construction and Demolition Waste,,,,,,,,,,,,,,,,,,,,,
CODD_TRAINING_05389,foam-2756.jpg,gypsum_board,,Construction and Demolition Waste,,,,,,,,,,,,,,,,,,,,,
CODD_TRAINING_05390,foam-2756.jpg,gypsum_board,,Construction and Demolition Waste,,,,,,,,,,,,,,,,,,,,,
CODD_TRAINING_05391,foam-2756.jpg,gypsum_board,,Construction and Demolition Waste,,,,,,,,,,,,,,,,,,,,,
CODD_TRAINING_05392,foam-2756.jpg,gypsum_board,,Construction and Demolition Waste,,,,,,,,,,,,,,,,,,,,,
CODD_TRAINING_05393,foam-2756.jpg,gypsum_board,,Construction and Demolition Waste,,,,,,,,,,,,,,,,,,,,,
CODD_TRAINING_05394,foam-2756.jpg,gypsum_board,,Construction and Demolition Waste,,,,,,,,,,,,,,,,,,,,,
CODD_TRAINING_05395,foam-2756.jpg,gypsum_board,,Construction and Demolition Waste,,,,,,,,,,,,,,,,,,,,,
CODD_TRAINING_05396,foam-2756.jpg,gypsum_board,,Construction and Demolition Waste,,,,,,,,,,,,,,,,,,,,,
CODD_TRAINING_05397,foam-2756.jpg,gypsum_board,,Construction and Demolition Waste,,,,,,,,,,,,,,,,,,,,,
CODD_TRAINING_05398,foam-2756.jpg,gypsum_board,,Construction and Demolition Waste,,,,,,,,,,,,,,,,,,,,,
CODD_TRAINING_05399,foam-2756.jpg,gypsum_board,,Construction and Demolition Waste,,,,,,,,,,,,,,,,,,,,,
CODD_TRAINING_05400,foam-2757.jpg,gypsum_board,,Construction and Demolition Waste,,,,,,,,,,,,,,,,,,,,,
CODD_TRAINING_05401,foam-2757.jpg,gypsum_board,,Construction and Demolition Waste,,,,,,,,,,,,,,,,,,,,,
CODD_TRAINING_05402,foam-2757.jpg,gypsum_board,,Construction and Demolition Waste,,,,,,,,,,,,,,,,,,,,,
CODD_TRAINING_05403,foam-2757.jpg,gypsum_board,,Construction and Demolition Waste,,,,,,,,,,,,,,,,,,,,,
CODD_TRAINING_05404,foam-2758.jpg,gypsum_board,,Construction and Demolition Waste,,,,,,,,,,,,,,,,,,,,,
CODD_TRAINING_05405,foam-2758.jpg,gypsum_board,,Construction and Demolition Waste,,,,,,,,,,,,,,,,,,,,,
CODD_TRAINING_05406,foam-2758.jpg,gypsum_board,,Construction and Demolition Waste,,,,,,,,,,,,,,,,,,,,,
CODD_TRAINING_05407,foam-2758.jpg,gypsum_board,,Construction and Demolition Waste,,,,,,,,,,,,,,,,,,,,,
CODD_TRAINING_05408,foam-2759.jpg,gypsum_board,,Construction and Demolition Waste,,,,,,,,,,,,,,,,,,,,,
CODD_TRAINING_05409,foam-2759.jpg,gypsum_board,,Construction and Demolition Waste,,,,,,,,,,,,,,,,,,,,,
CODD_TRAINING_05410,foam-2759.jpg,gypsum_board,,Construction and Demolition Waste,,,,,,,,,,,,,,,,,,,,,
CODD_TRAINING_05411,foam-2759.jpg,gypsum_board,,Construction and Demolition Waste,,,,,,,,,,,,,,,,,,,,,
CODD_TRAINING_05412,foam-2759.jpg,gypsum_board,,Construction and Demolition Waste,,,,,,,,,,,,,,,,,,,,,
CODD_TRAINING_05413,foam-2759.jpg,gypsum_board,,Construction and Demolition Waste,,,,,,,,,,,,,,,,,,,,,
CODD_TRAINING_05414,foam-2759.jpg,gypsum_board,,Construction and Demolition Waste,,,,,,,,,,,,,,,,,,,,,
CODD_TRAINING_05415,foam-2760.jpg,gypsum_board,,Construction and Demolition Waste,,,,,,,,,,,,,,,,,,,,,
CODD_TRAINING_05416,foam-2760.jpg,gypsum_board,,Construction and Demolition Waste,,,,,,,,,,,,,,,,,,,,,
CODD_TRAINING_05417,foam-2760.jpg,gypsum_board,,Construction and Demolition Waste,,,,,,,,,,,,,,,,,,,,,
CODD_TRAINING_05418,foam-2760.jpg,gypsum_board,,Construction and Demolition Waste,,,,,,,,,,,,,,,,,,,,,
CODD_TRAINING_05419,foam-2760.jpg,gypsum_board,,Construction and Demolition Waste,,,,,,,,,,,,,,,,,,,,,
CODD_TRAINING_05420,foam-2760.jpg,gypsum_board,,Construction and Demolition Waste,,,,,,,,,,,,,,,,,,,,,
CODD_TRAINING_05421,foam-2760.jpg,gypsum_board,,Construction and Demolition Waste,,,,,,,,,,,,,,,,,,,,,
CODD_TRAINING_05422,foam-2761.jpg,gypsum_board,,Construction and Demolition Waste,,,,,,,,,,,,,,,,,,,,,
CODD_TRAINING_05423,foam-2761.jpg,gypsum_board,,Construction and Demolition Waste,,,,,,,,,,,,,,,,,,,,,
CODD_TRAINING_05424,foam-2761.jpg,gypsum_board,,Construction and Demolition Waste,,,,,,,,,,,,,,,,,,,,,
CODD_TRAINING_05425,foam-2761.jpg,gypsum_board,,Construction and Demolition Waste,,,,,,,,,,,,,,,,,,,,,
CODD_TRAINING_05426,foam-2761.jpg,gypsum_board,,Construction and Demolition Waste,,,,,,,,,,,,,,,,,,,,,
CODD_TRAINING_05427,foam-2761.jpg,gypsum_board,,Construction and Demolition Waste,,,,,,,,,,,,,,,,,,,,,
CODD_TRAINING_05428,foam-2761.jpg,gypsum_board,,Construction and Demolition Waste,,,,,,,,,,,,,,,,,,,,,
CODD_TRAINING_05429,foam-2762.jpg,gypsum_board,,Construction and Demolition Waste,,,,,,,,,,,,,,,,,,,,,
CODD_TRAINING_05430,foam-2762.jpg,gypsum_board,,Construction and Demolition Waste,,,,,,,,,,,,,,,,,,,,,
CODD_TRAINING_05431,foam-2762.jpg,gypsum_board,,Construction and Demolition Waste,,,,,,,,,,,,,,,,,,,,,
CODD_TRAINING_05432,foam-2762.jpg,gypsum_board,,Construction and Demolition Waste,,,,,,,,,,,,,,,,,,,,,
CODD_TRAINING_05433,foam-2762.jpg,gypsum_board,,Construction and Demolition Waste,,,,,,,,,,,,,,,,,,,,,
CODD_TRAINING_05434,foam-2762.jpg,gypsum_board,,Construction and Demolition Waste,,,,,,,,,,,,,,,,,,,,,
CODD_TRAINING_05435,foam-2762.jpg,gypsum_board,,Construction and Demolition Waste,,,,,,,,,,,,,,,,,,,,,
CODD_TRAINING_05436,foam-2763.jpg,gypsum_board,,Construction and Demolition Waste,,,,,,,,,,,,,,,,,,,,,
CODD_TRAINING_05437,foam-2763.jpg,gypsum_board,,Construction and Demolition Waste,,,,,,,,,,,,,,,,,,,,,
CODD_TRAINING_05438,foam-2763.jpg,gypsum_board,,Construction and Demolition Waste,,,,,,,,,,,,,,,,,,,,,
CODD_TRAINING_05439,foam-2763.jpg,gypsum_board,,Construction and Demolition Waste,,,,,,,,,,,,,,,,,,,,,
CODD_TRAINING_05440,foam-2763.jpg,gypsum_board,,Construction and Demolition Waste,,,,,,,,,,,,,,,,,,,,,
CODD_TRAINING_05441,foam-2763.jpg,gypsum_board,,Construction and Demolition Waste,,,,,,,,,,,,,,,,,,,,,
CODD_TRAINING_05442,foam-2763.jpg,gypsum_board,,Construction and Demolition Waste,,,,,,,,,,,,,,,,,,,,,
CODD_TRAINING_05443,foam-2763.jpg,gypsum_board,,Construction and Demolition Waste,,,,,,,,,,,,,,,,,,,,,
CODD_TRAINING_05444,foam-2763.jpg,gypsum_board,,Construction and Demolition Waste,,,,,,,,,,,,,,,,,,,,,
CODD_TRAINING_05445,foam-2763.jpg,gypsum_board,,Construction and Demolition Waste,,,,,,,,,,,,,,,,,,,,,
CODD_TRAINING_05446,foam-2764.jpg,gypsum_board,,Construction and Demolition Waste,,,,,,,,,,,,,,,,,,,,,
CODD_TRAINING_05447,foam-2764.jpg,gypsum_board,,Construction and Demolition Waste,,,,,,,,,,,,,,,,,,,,,
CODD_TRAINING_05448,foam-2764.jpg,gypsum_board,,Construction and Demolition Waste,,,,,,,,,,,,,,,,,,,,,
CODD_TRAINING_05449,foam-2764.jpg,gypsum_board,,Construction and Demolition Waste,,,,,,,,,,,,,,,,,,,,,
CODD_TRAINING_05450,foam-2764.jpg,gypsum_board,,Construction and Demolition Waste,,,,,,,,,,,,,,,,,,,,,
CODD_TRAINING_05451,foam-2764.jpg,gypsum_board,,Construction and Demolition Waste,,,,,,,,,,,,,,,,,,,,,
CODD_TRAINING_05452,foam-2764.jpg,gypsum_board,,Construction and Demolition Waste,,,,,,,,,,,,,,,,,,,,,
CODD_TRAINING_05453,foam-2764.jpg,gypsum_board,,Construction and Demolition Waste,,,,,,,,,,,,,,,,,,,,,
CODD_TRAINING_05454,foam-2764.jpg,gypsum_board,,Construction and Demolition Waste,,,,,,,,,,,,,,,,,,,,,
CODD_TRAINING_05455,foam-2764.jpg,gypsum_board,,Construction and Demolition Waste,,,,,,,,,,,,,,,,,,,,,
CODD_TRAINING_05456,foam-2765.jpg,gypsum_board,,Construction and Demolition Waste,,,,,,,,,,,,,,,,,,,,,
CODD_TRAINING_05457,foam-2765.jpg,gypsum_board,,Construction and Demolition Waste,,,,,,,,,,,,,,,,,,,,,
CODD_TRAINING_05458,foam-2765.jpg,gypsum_board,,Construction and Demolition Waste,,,,,,,,,,,,,,,,,,,,,
CODD_TRAINING_05459,foam-2765.jpg,gypsum_board,,Construction and Demolition Waste,,,,,,,,,,,,,,,,,,,,,
CODD_TRAINING_05460,foam-2765.jpg,gypsum_board,,Construction and Demolition Waste,,,,,,,,,,,,,,,,,,,,,
CODD_TRAINING_05461,foam-2765.jpg,gypsum_board,,Construction and Demolition Waste,,,,,,,,,,,,,,,,,,,,,
CODD_TRAINING_05462,foam-2765.jpg,gypsum_board,,Construction and Demolition Waste,,,,,,,,,,,,,,,,,,,,,
CODD_TRAINING_05463,foam-2765.jpg,gypsum_board,,Construction and Demolition Waste,,,,,,,,,,,,,,,,,,,,,
CODD_TRAINING_05464,foam-2765.jpg,gypsum_board,,Construction and Demolition Waste,,,,,,,,,,,,,,,,,,,,,
CODD_TRAINING_05465,foam-2766.jpg,gypsum_board,,Construction and Demolition Waste,,,,,,,,,,,,,,,,,,,,,
CODD_TRAINING_05466,foam-2766.jpg,gypsum_board,,Construction and Demolition Waste,,,,,,,,,,,,,,,,,,,,,
CODD_TRAINING_05467,foam-2766.jpg,gypsum_board,,Construction and Demolition Waste,,,,,,,,,,,,,,,,,,,,,
CODD_TRAINING_05468,foam-2766.jpg,gypsum_board,,Construction and Demolition Waste,,,,,,,,,,,,,,,,,,,,,
CODD_TRAINING_05469,foam-2766.jpg,gypsum_board,,Construction and Demolition Waste,,,,,,,,,,,,,,,,,,,,,
CODD_TRAINING_05470,foam-2766.jpg,gypsum_board,,Construction and Demolition Waste,,,,,,,,,,,,,,,,,,,,,
CODD_TRAINING_05471,foam-2766.jpg,gypsum_board,,Construction and Demolition Waste,,,,,,,,,,,,,,,,,,,,,
CODD_TRAINING_05472,foam-2766.jpg,gypsum_board,,Construction and Demolition Waste,,,,,,,,,,,,,,,,,,,,,
CODD_TRAINING_05473,foam-2766.jpg,gypsum_board,,Construction and Demolition Waste,,,,,,,,,,,,,,,,,,,,,
CODD_TRAINING_05474,foam-2767.jpg,gypsum_board,,Construction and Demolition Waste,,,,,,,,,,,,,,,,,,,,,
CODD_TRAINING_05475,foam-2767.jpg,gypsum_board,,Construction and Demolition Waste,,,,,,,,,,,,,,,,,,,,,
CODD_TRAINING_05476,foam-2767.jpg,gypsum_board,,Construction and Demolition Waste,,,,,,,,,,,,,,,,,,,,,
CODD_TRAINING_05477,foam-2767.jpg,gypsum_board,,Construction and Demolition Waste,,,,,,,,,,,,,,,,,,,,,
CODD_TRAINING_05478,foam-2767.jpg,gypsum_board,,Construction and Demolition Waste,,,,,,,,,,,,,,,,,,,,,
CODD_TRAINING_05479,foam-2767.jpg,gypsum_board,,Construction and Demolition Waste,,,,,,,,,,,,,,,,,,,,,
CODD_TRAINING_05480,foam-2767.jpg,gypsum_board,,Construction and Demolition Waste,,,,,,,,,,,,,,,,,,,,,
CODD_TRAINING_05481,foam-2768.jpg,gypsum_board,,Construction and Demolition Waste,,,,,,,,,,,,,,,,,,,,,
CODD_TRAINING_05482,foam-2768.jpg,gypsum_board,,Construction and Demolition Waste,,,,,,,,,,,,,,,,,,,,,
CODD_TRAINING_05483,foam-2768.jpg,gypsum_board,,Construction and Demolition Waste,,,,,,,,,,,,,,,,,,,,,
CODD_TRAINING_05484,foam-2768.jpg,gypsum_board,,Construction and Demolition Waste,,,,,,,,,,,,,,,,,,,,,
CODD_TRAINING_05485,foam-2768.jpg,gypsum_board,,Construction and Demolition Waste,,,,,,,,,,,,,,,,,,,,,
CODD_TRAINING_05486,foam-2768.jpg,gypsum_board,,Construction and Demolition Waste,,,,,,,,,,,,,,,,,,,,,
CODD_TRAINING_05487,foam-2768.jpg,gypsum_board,,Construction and Demolition Waste,,,,,,,,,,,,,,,,,,,,,
CODD_TRAINING_05488,foam-2769.jpg,gypsum_board,,Construction and Demolition Waste,,,,,,,,,,,,,,,,,,,,,
CODD_TRAINING_05489,foam-2769.jpg,gypsum_board,,Construction and Demolition Waste,,,,,,,,,,,,,,,,,,,,,
CODD_TRAINING_05490,foam-2769.jpg,gypsum_board,,Construction and Demolition Waste,,,,,,,,,,,,,,,,,,,,,
CODD_TRAINING_05491,foam-2769.jpg,gypsum_board,,Construction and Demolition Waste,,,,,,,,,,,,,,,,,,,,,
CODD_TRAINING_05492,foam-2769.jpg,gypsum_board,,Construction and Demolition Waste,,,,,,,,,,,,,,,,,,,,,
CODD_TRAINING_05493,foam-2769.jpg,gypsum_board,,Construction and Demolition Waste,,,,,,,,,,,,,,,,,,,,,
CODD_TRAINING_05494,foam-2770.jpg,gypsum_board,,Construction and Demolition Waste,,,,,,,,,,,,,,,,,,,,,
CODD_TRAINING_05495,foam-2770.jpg,gypsum_board,,Construction and Demolition Waste,,,,,,,,,,,,,,,,,,,,,
CODD_TRAINING_05496,foam-2770.jpg,gypsum_board,,Construction and Demolition Waste,,,,,,,,,,,,,,,,,,,,,
CODD_TRAINING_05497,foam-2770.jpg,gypsum_board,,Construction and Demolition Waste,,,,,,,,,,,,,,,,,,,,,
CODD_TRAINING_05498,foam-2770.jpg,gypsum_board,,Construction and Demolition Waste,,,,,,,,,,,,,,,,,,,,,
CODD_TRAINING_05499,foam-2770.jpg,gypsum_board,,Construction and Demolition Waste,,,,,,,,,,,,,,,,,,,,,
CODD_TRAINING_05500,foam-2771.jpg,gypsum_board,,Construction and Demolition Waste,,,,,,,,,,,,,,,,,,,,,
CODD_TRAINING_05501,foam-2771.jpg,gypsum_board,,Construction and Demolition Waste,,,,,,,,,,,,,,,,,,,,,
CODD_TRAINING_05502,foam-2771.jpg,gypsum_board,,Construction and Demolition Waste,,,,,,,,,,,,,,,,,,,,,
CODD_TRAINING_05503,foam-2773.jpg,gypsum_board,,Construction and Demolition Waste,,,,,,,,,,,,,,,,,,,,,
CODD_TRAINING_05504,foam-2773.jpg,gypsum_board,,Construction and Demolition Waste,,,,,,,,,,,,,,,,,,,,,
CODD_TRAINING_05505,foam-2773.jpg,gypsum_board,,Construction and Demolition Waste,,,,,,,,,,,,,,,,,,,,,
CODD_TRAINING_05506,foam-2773.jpg,gypsum_board,,Construction and Demolition Waste,,,,,,,,,,,,,,,,,,,,,
CODD_TRAINING_05507,foam-2773.jpg,gypsum_board,,Construction and Demolition Waste,,,,,,,,,,,,,,,,,,,,,
CODD_TRAINING_05508,foam-2773.jpg,gypsum_board,,Construction and Demolition Waste,,,,,,,,,,,,,,,,,,,,,
CODD_TRAINING_05509,foam-2773.jpg,gypsum_board,,Construction and Demolition Waste,,,,,,,,,,,,,,,,,,,,,
CODD_TRAINING_05510,foam-2773.jpg,gypsum_board,,Construction and Demolition Waste,,,,,,,,,,,,,,,,,,,,,
CODD_TRAINING_05511,foam-2774.jpg,gypsum_board,,Construction and Demolition Waste,,,,,,,,,,,,,,,,,,,,,
CODD_TRAINING_05512,foam-2774.jpg,gypsum_board,,Construction and Demolition Waste,,,,,,,,,,,,,,,,,,,,,
CODD_TRAINING_05513,foam-2774.jpg,gypsum_board,,Construction and Demolition Waste,,,,,,,,,,,,,,,,,,,,,
CODD_TRAINING_05514,foam-2774.jpg,gypsum_board,,Construction and Demolition Waste,,,,,,,,,,,,,,,,,,,,,
CODD_TRAINING_05515,foam-2774.jpg,gypsum_board,,Construction and Demolition Waste,,,,,,,,,,,,,,,,,,,,,
CODD_TRAINING_05516,foam-2774.jpg,gypsum_board,,Construction and Demolition Waste,,,,,,,,,,,,,,,,,,,,,
CODD_TRAINING_05517,foam-2774.jpg,gypsum_board,,Construction and Demolition Waste,,,,,,,,,,,,,,,,,,,,,
CODD_TRAINING_05518,foam-2774.jpg,gypsum_board,,Construction and Demolition Waste,,,,,,,,,,,,,,,,,,,,,
CODD_TRAINING_05519,foam-2776.jpg,gypsum_board,,Construction and Demolition Waste,,,,,,,,,,,,,,,,,,,,,
CODD_TRAINING_05520,foam-2776.jpg,gypsum_board,,Construction and Demolition Waste,,,,,,,,,,,,,,,,,,,,,
CODD_TRAINING_05521,foam-2776.jpg,gypsum_board,,Construction and Demolition Waste,,,,,,,,,,,,,,,,,,,,,
CODD_TRAINING_05522,foam-2776.jpg,gypsum_board,,Construction and Demolition Waste,,,,,,,,,,,,,,,,,,,,,
CODD_TRAINING_05523,foam-2777.jpg,gypsum_board,,Construction and Demolition Waste,,,,,,,,,,,,,,,,,,,,,
CODD_TRAINING_05524,foam-2777.jpg,gypsum_board,,Construction and Demolition Waste,,,,,,,,,,,,,,,,,,,,,
CODD_TRAINING_05525,foam-2777.jpg,gypsum_board,,Construction and Demolition Waste,,,,,,,,,,,,,,,,,,,,,
CODD_TRAINING_05526,foam-2777.jpg,gypsum_board,,Construction and Demolition Waste,,,,,,,,,,,,,,,,,,,,,
CODD_TRAINING_05527,foam-2777.jpg,gypsum_board,,Construction and Demolition Waste,,,,,,,,,,,,,,,,,,,,,
CODD_TRAINING_05528,foam-2777.jpg,gypsum_board,,Construction and Demolition Waste,,,,,,,,,,,,,,,,,,,,,
CODD_TRAINING_05529,foam-2777.jpg,gypsum_board,,Construction and Demolition Waste,,,,,,,,,,,,,,,,,,,,,
CODD_TRAINING_05530,foam-2777.jpg,gypsum_board,,Construction and Demolition Waste,,,,,,,,,,,,,,,,,,,,,
CODD_TRAINING_05531,foam-2777.jpg,gypsum_board,,Construction and Demolition Waste,,,,,,,,,,,,,,,,,,,,,
CODD_TRAINING_05532,foam-2778.jpg,gypsum_board,,Construction and Demolition Waste,,,,,,,,,,,,,,,,,,,,,
CODD_TRAINING_05533,foam-2778.jpg,gypsum_board,,Construction and Demolition Waste,,,,,,,,,,,,,,,,,,,,,
CODD_TRAINING_05534,foam-2778.jpg,gypsum_board,,Construction and Demolition Waste,,,,,,,,,,,,,,,,,,,,,
CODD_TRAINING_05535,foam-2778.jpg,gypsum_board,,Construction and Demolition Waste,,,,,,,,,,,,,,,,,,,,,
CODD_TRAINING_05536,foam-2778.jpg,gypsum_board,,Construction and Demolition Waste,,,,,,,,,,,,,,,,,,,,,
CODD_TRAINING_05537,foam-2778.jpg,gypsum_board,,Construction and Demolition Waste,,,,,,,,,,,,,,,,,,,,,
CODD_TRAINING_05538,foam-2778.jpg,gypsum_board,,Construction and Demolition Waste,,,,,,,,,,,,,,,,,,,,,
CODD_TRAINING_05539,foam-2778.jpg,gypsum_board,,Construction and Demolition Waste,,,,,,,,,,,,,,,,,,,,,
CODD_TRAINING_05540,foam-2778.jpg,gypsum_board,,Construction and Demolition Waste,,,,,,,,,,,,,,,,,,,,,
CODD_TRAINING_05541,foam-2779.jpg,gypsum_board,,Construction and Demolition Waste,,,,,,,,,,,,,,,,,,,,,
CODD_TRAINING_05542,foam-2779.jpg,gypsum_board,,Construction and Demolition Waste,,,,,,,,,,,,,,,,,,,,,
CODD_TRAINING_05543,foam-2779.jpg,gypsum_board,,Construction and Demolition Waste,,,,,,,,,,,,,,,,,,,,,
CODD_TRAINING_05544,foam-2779.jpg,gypsum_board,,Construction and Demolition Waste,,,,,,,,,,,,,,,,,,,,,
CODD_TRAINING_05545,foam-2779.jpg,gypsum_board,,Construction and Demolition Waste,,,,,,,,,,,,,,,,,,,,,
CODD_TRAINING_05546,foam-2779.jpg,gypsum_board,,Construction and Demolition Waste,,,,,,,,,,,,,,,,,,,,,
CODD_TRAINING_05547,foam-2779.jpg,gypsum_board,,Construction and Demolition Waste,,,,,,,,,,,,,,,,,,,,,
CODD_TRAINING_05548,foam-2779.jpg,gypsum_board,,Construction and Demolition Waste,,,,,,,,,,,,,,,,,,,,,
CODD_TRAINING_05549,foam-2779.jpg,gypsum_board,,Construction and Demolition Waste,,,,,,,,,,,,,,,,,,,,,
CODD_TRAINING_05550,foam-2779.jpg,gypsum_board,,Construction and Demolition Waste,,,,,,,,,,,,,,,,,,,,,
CODD_TRAINING_05551,foam-2780.jpg,gypsum_board,,Construction and Demolition Waste,,,,,,,,,,,,,,,,,,,,,
CODD_TRAINING_05552,foam-2780.jpg,gypsum_board,,Construction and Demolition Waste,,,,,,,,,,,,,,,,,,,,,
CODD_TRAINING_05553,foam-2780.jpg,gypsum_board,,Construction and Demolition Waste,,,,,,,,,,,,,,,,,,,,,
CODD_TRAINING_05554,foam-2780.jpg,gypsum_board,,Construction and Demolition Waste,,,,,,,,,,,,,,,,,,,,,
CODD_TRAINING_05555,foam-2780.jpg,gypsum_board,,Construction and Demolition Waste,,,,,,,,,,,,,,,,,,,,,
CODD_TRAINING_05556,foam-2780.jpg,gypsum_board,,Construction and Demolition Waste,,,,,,,,,,,,,,,,,,,,,
CODD_TRAINING_05557,foam-2780.jpg,gypsum_board,,Construction and Demolition Waste,,,,,,,,,,,,,,,,,,,,,
CODD_TRAINING_05558,foam-2780.jpg,gypsum_board,,Construction and Demolition Waste,,,,,,,,,,,,,,,,,,,,,
CODD_TRAINING_05559,foam-2780.jpg,gypsum_board,,Construction and Demolition Waste,,,,,,,,,,,,,,,,,,,,,
CODD_TRAINING_05560,foam-2780.jpg,gypsum_board,,Construction and Demolition Waste,,,,,,,,,,,,,,,,,,,,,
CODD_TRAINING_05561,foam-2780.jpg,gypsum_board,,Construction and Demolition Waste,,,,,,,,,,,,,,,,,,,,,
CODD_TRAINING_05562,foam-2781.jpg,gypsum_board,,Construction and Demolition Waste,,,,,,,,,,,,,,,,,,,,,
CODD_TRAINING_05563,foam-2781.jpg,gypsum_board,,Construction and Demolition Waste,,,,,,,,,,,,,,,,,,,,,
CODD_TRAINING_05564,foam-2781.jpg,gypsum_board,,Construction and Demolition Waste,,,,,,,,,,,,,,,,,,,,,
CODD_TRAINING_05565,foam-2781.jpg,gypsum_board,,Construction and Demolition Waste,,,,,,,,,,,,,,,,,,,,,
CODD_TRAINING_05566,foam-2781.jpg,gypsum_board,,Construction and Demolition Waste,,,,,,,,,,,,,,,,,,,,,
CODD_TRAINING_05567,foam-2781.jpg,gypsum_board,,Construction and Demolition Waste,,,,,,,,,,,,,,,,,,,,,
CODD_TRAINING_05568,foam-2781.jpg,gypsum_board,,Construction and Demolition Waste,,,,,,,,,,,,,,,,,,,,,
CODD_TRAINING_05569,foam-2781.jpg,gypsum_board,,Construction and Demolition Waste,,,,,,,,,,,,,,,,,,,,,
CODD_TRAINING_05570,foam-2781.jpg,gypsum_board,,Construction and Demolition Waste,,,,,,,,,,,,,,,,,,,,,
CODD_TRAINING_05571,foam-2781.jpg,gypsum_board,,Construction and Demolition Waste,,,,,,,,,,,,,,,,,,,,,
CODD_TRAINING_05572,foam-2781.jpg,gypsum_board,,Construction and Demolition Waste,,,,,,,,,,,,,,,,,,,,,
CODD_TRAINING_05573,foam-2781.jpg,gypsum_board,,Construction and Demolition Waste,,,,,,,,,,,,,,,,,,,,,
CODD_TRAINING_05574,foam-2782.jpg,gypsum_board,,Construction and Demolition Waste,,,,,,,,,,,,,,,,,,,,,
CODD_TRAINING_05575,foam-2782.jpg,gypsum_board,,Construction and Demolition Waste,,,,,,,,,,,,,,,,,,,,,
CODD_TRAINING_05576,foam-2782.jpg,gypsum_board,,Construction and Demolition Waste,,,,,,,,,,,,,,,,,,,,,
CODD_TRAINING_05577,foam-2782.jpg,gypsum_board,,Construction and Demolition Waste,,,,,,,,,,,,,,,,,,,,,
CODD_TRAINING_05578,foam-2782.jpg,gypsum_board,,Construction and Demolition Waste,,,,,,,,,,,,,,,,,,,,,
CODD_TRAINING_05579,foam-2782.jpg,gypsum_board,,Construction and Demolition Waste,,,,,,,,,,,,,,,,,,,,,
CODD_TRAINING_05580,foam-2782.jpg,gypsum_board,,Construction and Demolition Waste,,,,,,,,,,,,,,,,,,,,,
CODD_TRAINING_05581,foam-2782.jpg,gypsum_board,,Construction and Demolition Waste,,,,,,,,,,,,,,,,,,,,,
CODD_TRAINING_05582,foam-2782.jpg,gypsum_board,,Construction and Demolition Waste,,,,,,,,,,,,,,,,,,,,,
CODD_TRAINING_05583,foam-2782.jpg,gypsum_board,,Construction and Demolition Waste,,,,,,,,,,,,,,,,,,,,,
CODD_TRAINING_05584,foam-2782.jpg,gypsum_board,,Construction and Demolition Waste,,,,,,,,,,,,,,,,,,,,,
CODD_TRAINING_05585,foam-2782.jpg,gypsum_board,,Construction and Demolition Waste,,,,,,,,,,,,,,,,,,,,,
CODD_TRAINING_05586,foam-2783.jpg,gypsum_board,,Construction and Demolition Waste,,,,,,,,,,,,,,,,,,,,,
CODD_TRAINING_05587,foam-2783.jpg,gypsum_board,,Construction and Demolition Waste,,,,,,,,,,,,,,,,,,,,,
CODD_TRAINING_05588,foam-2783.jpg,gypsum_board,,Construction and Demolition Waste,,,,,,,,,,,,,,,,,,,,,
CODD_TRAINING_05589,foam-2783.jpg,gypsum_board,,Construction and Demolition Waste,,,,,,,,,,,,,,,,,,,,,
CODD_TRAINING_05590,foam-2783.jpg,gypsum_board,,Construction and Demolition Waste,,,,,,,,,,,,,,,,,,,,,
CODD_TRAINING_05591,foam-2783.jpg,gypsum_board,,Construction and Demolition Waste,,,,,,,,,,,,,,,,,,,,,
CODD_TRAINING_05592,foam-2783.jpg,gypsum_board,,Construction and Demolition Waste,,,,,,,,,,,,,,,,,,,,,
CODD_TRAINING_05593,foam-2783.jpg,gypsum_board,,Construction and Demolition Waste,,,,,,,,,,,,,,,,,,,,,
CODD_TRAINING_05594,foam-2783.jpg,gypsum_board,,Construction and Demolition Waste,,,,,,,,,,,,,,,,,,,,,
CODD_TRAINING_05595,foam-2783.jpg,gypsum_board,,Construction and Demolition Waste,,,,,,,,,,,,,,,,,,,,,
CODD_TRAINING_05596,foam-2783.jpg,gypsum_board,,Construction and Demolition Waste,,,,,,,,,,,,,,,,,,,,,
CODD_TRAINING_05597,foam-2783.jpg,gypsum_board,,Construction and Demolition Waste,,,,,,,,,,,,,,,,,,,,,
CODD_TRAINING_05598,foam-2783.jpg,gypsum_board,,Construction and Demolition Waste,,,,,,,,,,,,,,,,,,,,,
CODD_TRAINING_05599,foam-2783.jpg,gypsum_board,,Construction and Demolition Waste,,,,,,,,,,,,,,,,,,,,,
CODD_TRAINING_05600,foam-2784.jpg,gypsum_board,,Construction and Demolition Waste,,,,,,,,,,,,,,,,,,,,,
CODD_TRAINING_05601,foam-2784.jpg,gypsum_board,,Construction and Demolition Waste,,,,,,,,,,,,,,,,,,,,,
CODD_TRAINING_05602,foam-2784.jpg,gypsum_board,,Construction and Demolition Waste,,,,,,,,,,,,,,,,,,,,,
CODD_TRAINING_05603,foam-2784.jpg,gypsum_board,,Construction and Demolition Waste,,,,,,,,,,,,,,,,,,,,,
CODD_TRAINING_05604,foam-2784.jpg,gypsum_board,,Construction and Demolition Waste,,,,,,,,,,,,,,,,,,,,,
CODD_TRAINING_05605,foam-2784.jpg,gypsum_board,,Construction and Demolition Waste,,,,,,,,,,,,,,,,,,,,,
CODD_TRAINING_05606,foam-2784.jpg,gypsum_board,,Construction and Demolition Waste,,,,,,,,,,,,,,,,,,,,,
CODD_TRAINING_05607,foam-2784.jpg,gypsum_board,,Construction and Demolition Waste,,,,,,,,,,,,,,,,,,,,,
CODD_TRAINING_05608,foam-2784.jpg,gypsum_board,,Construction and Demolition Waste,,,,,,,,,,,,,,,,,,,,,
CODD_TRAINING_05609,foam-2784.jpg,gypsum_board,,Construction and Demolition Waste,,,,,,,,,,,,,,,,,,,,,
CODD_TRAINING_05610,foam-2784.jpg,gypsum_board,,Construction and Demolition Waste,,,,,,,,,,,,,,,,,,,,,
CODD_TRAINING_05611,foam-2784.jpg,gypsum_board,,Construction and Demolition Waste,,,,,,,,,,,,,,,,,,,,,
CODD_TRAINING_05612,foam-2784.jpg,gypsum_board,,Construction and Demolition Waste,,,,,,,,,,,,,,,,,,,,,
CODD_TRAINING_05613,foam-2784.jpg,gypsum_board,,Construction and Demolition Waste,,,,,,,,,,,,,,,,,,,,,
CODD_TRAINING_05614,foam-2786.jpg,gypsum_board,,Construction and Demolition Waste,,,,,,,,,,,,,,,,,,,,,
CODD_TRAINING_05615,foam-2786.jpg,gypsum_board,,Construction and Demolition Waste,,,,,,,,,,,,,,,,,,,,,
CODD_TRAINING_05616,foam-2786.jpg,gypsum_board,,Construction and Demolition Waste,,,,,,,,,,,,,,,,,,,,,
CODD_TRAINING_05617,foam-2786.jpg,gypsum_board,,Construction and Demolition Waste,,,,,,,,,,,,,,,,,,,,,
CODD_TRAINING_05618,foam-2786.jpg,gypsum_board,,Construction and Demolition Waste,,,,,,,,,,,,,,,,,,,,,
CODD_TRAINING_05619,foam-2786.jpg,gypsum_board,,Construction and Demolition Waste,,,,,,,,,,,,,,,,,,,,,
CODD_TRAINING_05620,foam-2786.jpg,gypsum_board,,Construction and Demolition Waste,,,,,,,,,,,,,,,,,,,,,
CODD_TRAINING_05621,foam-2786.jpg,gypsum_board,,Construction and Demolition Waste,,,,,,,,,,,,,,,,,,,,,
CODD_TRAINING_05622,foam-2786.jpg,gypsum_board,,Construction and Demolition Waste,,,,,,,,,,,,,,,,,,,,,
CODD_TRAINING_05623,foam-2786.jpg,gypsum_board,,Construction and Demolition Waste,,,,,,,,,,,,,,,,,,,,,
CODD_TRAINING_05624,foam-2786.jpg,gypsum_board,,Construction and Demolition Waste,,,,,,,,,,,,,,,,,,,,,
CODD_TRAINING_05625,foam-2787.jpg,gypsum_board,,Construction and Demolition Waste,,,,,,,,,,,,,,,,,,,,,
CODD_TRAINING_05626,foam-2787.jpg,gypsum_board,,Construction and Demolition Waste,,,,,,,,,,,,,,,,,,,,,
CODD_TRAINING_05627,foam-2787.jpg,gypsum_board,,Construction and Demolition Waste,,,,,,,,,,,,,,,,,,,,,
CODD_TRAINING_05628,foam-2787.jpg,gypsum_board,,Construction and Demolition Waste,,,,,,,,,,,,,,,,,,,,,
CODD_TRAINING_05629,foam-2787.jpg,gypsum_board,,Construction and Demolition Waste,,,,,,,,,,,,,,,,,,,,,
CODD_TRAINING_05630,foam-2787.jpg,gypsum_board,,Construction and Demolition Waste,,,,,,,,,,,,,,,,,,,,,
CODD_TRAINING_05631,foam-2787.jpg,gypsum_board,,Construction and Demolition Waste,,,,,,,,,,,,,,,,,,,,,
CODD_TRAINING_05632,foam-2787.jpg,gypsum_board,,Construction and Demolition Waste,,,,,,,,,,,,,,,,,,,,,
CODD_TRAINING_05633,foam-2787.jpg,gypsum_board,,Construction and Demolition Waste,,,,,,,,,,,,,,,,,,,,,
CODD_TRAINING_05634,foam-2787.jpg,gypsum_board,,Construction and Demolition Waste,,,,,,,,,,,,,,,,,,,,,
CODD_TRAINING_05635,foam-2787.jpg,gypsum_board,,Construction and Demolition Waste,,,,,,,,,,,,,,,,,,,,,
CODD_TRAINING_05636,foam-2787.jpg,gypsum_board,,Construction and Demolition Waste,,,,,,,,,,,,,,,,,,,,,
CODD_TRAINING_05637,foam-2789.jpg,foam,,Construction and Demolition Waste,,,,,,,,,,,,,,,,,,,,,
CODD_TRAINING_05638,foam-2789.jpg,foam,,Construction and Demolition Waste,,,,,,,,,,,,,,,,,,,,,
CODD_TRAINING_05639,foam-2789.jpg,foam,,Construction and Demolition Waste,,,,,,,,,,,,,,,,,,,,,
CODD_TRAINING_05640,foam-2789.jpg,foam,,Construction and Demolition Waste,,,,,,,,,,,,,,,,,,,,,
CODD_TRAINING_05641,foam-2789.jpg,foam,,Construction and Demolition Waste,,,,,,,,,,,,,,,,,,,,,
CODD_TRAINING_05642,foam-2789.jpg,foam,,Construction and Demolition Waste,,,,,,,,,,,,,,,,,,,,,
CODD_TRAINING_05643,foam-2790.jpg,foam,,Construction and Demolition Waste,,,,,,,,,,,,,,,,,,,,,
CODD_TRAINING_05644,foam-2790.jpg,foam,,Construction and Demolition Waste,,,,,,,,,,,,,,,,,,,,,
CODD_TRAINING_05645,foam-2790.jpg,foam,,Construction and Demolition Waste,,,,,,,,,,,,,,,,,,,,,
CODD_TRAINING_05646,foam-2790.jpg,foam,,Construction and Demolition Waste,,,,,,,,,,,,,,,,,,,,,
CODD_TRAINING_05647,foam-2790.jpg,foam,,Construction and Demolition Waste,,,,,,,,,,,,,,,,,,,,,
CODD_TRAINING_05648,foam-2790.jpg,foam,,Construction and Demolition Waste,,,,,,,,,,,,,,,,,,,,,
CODD_TRAINING_05649,foam-2791.jpg,foam,,Construction and Demolition Waste,,,,,,,,,,,,,,,,,,,,,
CODD_TRAINING_05650,foam-2791.jpg,foam,,Construction and Demolition Waste,,,,,,,,,,,,,,,,,,,,,
CODD_TRAINING_05651,foam-2791.jpg,foam,,Construction and Demolition Waste,,,,,,,,,,,,,,,,,,,,,
CODD_TRAINING_05652,foam-2791.jpg,foam,,Construction and Demolition Waste,,,,,,,,,,,,,,,,,,,,,
CODD_TRAINING_05653,foam-2791.jpg,foam,,Construction and Demolition Waste,,,,,,,,,,,,,,,,,,,,,
CODD_TRAINING_05654,foam-2792.jpg,foam,,Construction and Demolition Waste,,,,,,,,,,,,,,,,,,,,,
CODD_TRAINING_05655,foam-2792.jpg,foam,,Construction and Demolition Waste,,,,,,,,,,,,,,,,,,,,,
CODD_TRAINING_05656,foam-2792.jpg,foam,,Construction and Demolition Waste,,,,,,,,,,,,,,,,,,,,,
CODD_TRAINING_05657,foam-2792.jpg,foam,,Construction and Demolition Waste,,,,,,,,,,,,,,,,,,,,,
CODD_TRAINING_05658,foam-2792.jpg,foam,,Construction and Demolition Waste,,,,,,,,,,,,,,,,,,,,,
CODD_TRAINING_05659,foam-2792.jpg,foam,,Construction and Demolition Waste,,,,,,,,,,,,,,,,,,,,,
CODD_TRAINING_05660,foam-2796.jpg,foam,,Construction and Demolition Waste,,,,,,,,,,,,,,,,,,,,,
CODD_TRAINING_05661,foam-2796.jpg,foam,,Construction and Demolition Waste,,,,,,,,,,,,,,,,,,,,,
CODD_TRAINING_05662,foam-2796.jpg,foam,,Construction and Demolition Waste,,,,,,,,,,,,,,,,,,,,,
CODD_TRAINING_05663,foam-2796.jpg,foam,,Construction and Demolition Waste,,,,,,,,,,,,,,,,,,,,,
CODD_TRAINING_05664,foam-2798.jpg,foam,,Construction and Demolition Waste,,,,,,,,,,,,,,,,,,,,,
CODD_TRAINING_05665,foam-2798.jpg,foam,,Construction and Demolition Waste,,,,,,,,,,,,,,,,,,,,,
CODD_TRAINING_05666,foam-2798.jpg,foam,,Construction and Demolition Waste,,,,,,,,,,,,,,,,,,,,,
CODD_TRAINING_05667,foam-2798.jpg,foam,,Construction and Demolition Waste,,,,,,,,,,,,,,,,,,,,,
CODD_TRAINING_05668,foam-2798.jpg,foam,,Construction and Demolition Waste,,,,,,,,,,,,,,,,,,,,,
CODD_TRAINING_05669,foam-2798.jpg,foam,,Construction and Demolition Waste,,,,,,,,,,,,,,,,,,,,,
CODD_TRAINING_05670,foam-2798.jpg,foam,,Construction and Demolition Waste,,,,,,,,,,,,,,,,,,,,,
CODD_TRAINING_05671,foam-2798.jpg,foam,,Construction and Demolition Waste,,,,,,,,,,,,,,,,,,,,,
CODD_TRAINING_05672,foam-2801.jpg,foam,,Construction and Demolition Waste,,,,,,,,,,,,,,,,,,,,,
CODD_TRAINING_05673,foam-2801.jpg,foam,,Construction and Demolition Waste,,,,,,,,,,,,,,,,,,,,,
CODD_TRAINING_05674,foam-2801.jpg,foam,,Construction and Demolition Waste,,,,,,,,,,,,,,,,,,,,,
CODD_TRAINING_05675,foam-2801.jpg,foam,,Construction and Demolition Waste,,,,,,,,,,,,,,,,,,,,,
CODD_TRAINING_05676,foam-2801.jpg,foam,,Construction and Demolition Waste,,,,,,,,,,,,,,,,,,,,,
CODD_TRAINING_05677,foam-2801.jpg,foam,,Construction and Demolition Waste,,,,,,,,,,,,,,,,,,,,,
CODD_TRAINING_05678,foam-2802.jpg,foam,,Construction and Demolition Waste,,,,,,,,,,,,,,,,,,,,,
CODD_TRAINING_05679,foam-2802.jpg,foam,,Construction and Demolition Waste,,,,,,,,,,,,,,,,,,,,,
CODD_TRAINING_05680,foam-2802.jpg,foam,,Construction and Demolition Waste,,,,,,,,,,,,,,,,,,,,,
CODD_TRAINING_05681,foam-2802.jpg,foam,,Construction and Demolition Waste,,,,,,,,,,,,,,,,,,,,,
CODD_TRAINING_05682,foam-2802.jpg,foam,,Construction and Demolition Waste,,,,,,,,,,,,,,,,,,,,,
CODD_TRAINING_05683,foam-2802.jpg,foam,,Construction and Demolition Waste,,,,,,,,,,,,,,,,,,,,,
CODD_TRAINING_05684,foam-2803.jpg,foam,,Construction and Demolition Waste,,,,,,,,,,,,,,,,,,,,,
CODD_TRAINING_05685,foam-2803.jpg,foam,,Construction and Demolition Waste,,,,,,,,,,,,,,,,,,,,,
CODD_TRAINING_05686,foam-2803.jpg,foam,,Construction and Demolition Waste,,,,,,,,,,,,,,,,,,,,,
CODD_TRAINING_05687,foam-2803.jpg,foam,,Construction and Demolition Waste,,,,,,,,,,,,,,,,,,,,,
CODD_TRAINING_05688,foam-2803.jpg,foam,,Construction and Demolition Waste,,,,,,,,,,,,,,,,,,,,,
CODD_TRAINING_05689,foam-2803.jpg,foam,,Construction and Demolition Waste,,,,,,,,,,,,,,,,,,,,,
CODD_TRAINING_05690,foam-2803.jpg,foam,,Construction and Demolition Waste,,,,,,,,,,,,,,,,,,,,,
CODD_TRAINING_05691,foam-2803.jpg,foam,,Construction and Demolition Waste,,,,,,,,,,,,,,,,,,,,,
CODD_TRAINING_05692,foam-2803.jpg,foam,,Construction and Demolition Waste,,,,,,,,,,,,,,,,,,,,,
CODD_TRAINING_05693,foam-2805.jpg,foam,,Construction and Demolition Waste,,,,,,,,,,,,,,,,,,,,,
CODD_TRAINING_05694,foam-2805.jpg,foam,,Construction and Demolition Waste,,,,,,,,,,,,,,,,,,,,,
CODD_TRAINING_05695,foam-2805.jpg,foam,,Construction and Demolition Waste,,,,,,,,,,,,,,,,,,,,,
CODD_TRAINING_05696,foam-2805.jpg,foam,,Construction and Demolition Waste,,,,,,,,,,,,,,,,,,,,,
CODD_TRAINING_05697,foam-2805.jpg,foam,,Construction and Demolition Waste,,,,,,,,,,,,,,,,,,,,,
CODD_TRAINING_05698,foam-2805.jpg,foam,,Construction and Demolition Waste,,,,,,,,,,,,,,,,,,,,,
CODD_TRAINING_05699,foam-2805.jpg,foam,,Construction and Demolition Waste,,,,,,,,,,,,,,,,,,,,,
CODD_TRAINING_05700,foam-2805.jpg,foam,,Construction and Demolition Waste,,,,,,,,,,,,,,,,,,,,,
CODD_TRAINING_05701,foam-2805.jpg,foam,,Construction and Demolition Waste,,,,,,,,,,,,,,,,,,,,,
CODD_TRAINING_05702,foam-2807.jpg,foam,,Construction and Demolition Waste,,,,,,,,,,,,,,,,,,,,,
CODD_TRAINING_05703,foam-2808.jpg,foam,,Construction and Demolition Waste,,,,,,,,,,,,,,,,,,,,,
CODD_TRAINING_05704,foam-2809.jpg,foam,,Construction and Demolition Waste,,,,,,,,,,,,,,,,,,,,,
CODD_TRAINING_05705,foam-2810.jpg,foam,,Construction and Demolition Waste,,,,,,,,,,,,,,,,,,,,,
CODD_TRAINING_05706,foam-2812.jpg,foam,,Construction and Demolition Waste,,,,,,,,,,,,,,,,,,,,,
CODD_TRAINING_05707,foam-2812.jpg,foam,,Construction and Demolition Waste,,,,,,,,,,,,,,,,,,,,,
CODD_TRAINING_05708,foam-2812.jpg,foam,,Construction and Demolition Waste,,,,,,,,,,,,,,,,,,,,,
CODD_TRAINING_05709,foam-2812.jpg,foam,,Construction and Demolition Waste,,,,,,,,,,,,,,,,,,,,,
CODD_TRAINING_05710,foam-2813.jpg,foam,,Construction and Demolition Waste,,,,,,,,,,,,,,,,,,,,,
CODD_TRAINING_05711,foam-2813.jpg,foam,,Construction and Demolition Waste,,,,,,,,,,,,,,,,,,,,,
CODD_TRAINING_05712,foam-2813.jpg,foam,,Construction and Demolition Waste,,,,,,,,,,,,,,,,,,,,,
CODD_TRAINING_05713,foam-2813.jpg,foam,,Construction and Demolition Waste,,,,,,,,,,,,,,,,,,,,,
CODD_TRAINING_05714,foam-2814.jpg,foam,,Construction and Demolition Waste,,,,,,,,,,,,,,,,,,,,,
CODD_TRAINING_05715,foam-2814.jpg,foam,,Construction and Demolition Waste,,,,,,,,,,,,,,,,,,,,,
CODD_TRAINING_05716,foam-2814.jpg,foam,,Construction and Demolition Waste,,,,,,,,,,,,,,,,,,,,,
CODD_TRAINING_05717,foam-2814.jpg,foam,,Construction and Demolition Waste,,,,,,,,,,,,,,,,,,,,,
CODD_TRAINING_05718,foam-2816.jpg,foam,,Construction and Demolition Waste,,,,,,,,,,,,,,,,,,,,,
CODD_TRAINING_05719,foam-2816.jpg,foam,,Construction and Demolition Waste,,,,,,,,,,,,,,,,,,,,,
CODD_TRAINING_05720,foam-2816.jpg,foam,,Construction and Demolition Waste,,,,,,,,,,,,,,,,,,,,,
CODD_TRAINING_05721,foam-2816.jpg,foam,,Construction and Demolition Waste,,,,,,,,,,,,,,,,,,,,,
CODD_TRAINING_05722,foam-2816.jpg,foam,,Construction and Demolition Waste,,,,,,,,,,,,,,,,,,,,,
CODD_TRAINING_05723,foam-2816.jpg,foam,,Construction and Demolition Waste,,,,,,,,,,,,,,,,,,,,,
CODD_TRAINING_05724,foam-2816.jpg,foam,,Construction and Demolition Waste,,,,,,,,,,,,,,,,,,,,,
CODD_TRAINING_05725,foam-2818.jpg,foam,,Construction and Demolition Waste,,,,,,,,,,,,,,,,,,,,,
CODD_TRAINING_05726,foam-2818.jpg,foam,,Construction and Demolition Waste,,,,,,,,,,,,,,,,,,,,,
CODD_TRAINING_05727,foam-2818.jpg,foam,,Construction and Demolition Waste,,,,,,,,,,,,,,,,,,,,,
CODD_TRAINING_05728,foam-2818.jpg,foam,,Construction and Demolition Waste,,,,,,,,,,,,,,,,,,,,,
CODD_TRAINING_05729,foam-2818.jpg,foam,,Construction and Demolition Waste,,,,,,,,,,,,,,,,,,,,,
CODD_TRAINING_05730,foam-2818.jpg,foam,,Construction and Demolition Waste,,,,,,,,,,,,,,,,,,,,,
CODD_TRAINING_05731,foam-2819.jpg,foam,,Construction and Demolition Waste,,,,,,,,,,,,,,,,,,,,,
CODD_TRAINING_05732,foam-2819.jpg,foam,,Construction and Demolition Waste,,,,,,,,,,,,,,,,,,,,,
CODD_TRAINING_05733,foam-2819.jpg,foam,,Construction and Demolition Waste,,,,,,,,,,,,,,,,,,,,,
CODD_TRAINING_05734,foam-2819.jpg,foam,,Construction and Demolition Waste,,,,,,,,,,,,,,,,,,,,,
CODD_TRAINING_05735,foam-2819.jpg,foam,,Construction and Demolition Waste,,,,,,,,,,,,,,,,,,,,,
CODD_TRAINING_05736,foam-2819.jpg,foam,,Construction and Demolition Waste,,,,,,,,,,,,,,,,,,,,,
CODD_TRAINING_05737,foam-2820.jpg,foam,,Construction and Demolition Waste,,,,,,,,,,,,,,,,,,,,,
CODD_TRAINING_05738,foam-2820.jpg,foam,,Construction and Demolition Waste,,,,,,,,,,,,,,,,,,,,,
CODD_TRAINING_05739,foam-2820.jpg,foam,,Construction and Demolition Waste,,,,,,,,,,,,,,,,,,,,,
CODD_TRAINING_05740,foam-2820.jpg,foam,,Construction and Demolition Waste,,,,,,,,,,,,,,,,,,,,,
CODD_TRAINING_05741,foam-2820.jpg,foam,,Construction and Demolition Waste,,,,,,,,,,,,,,,,,,,,,
CODD_TRAINING_05742,foam-2820.jpg,foam,,Construction and Demolition Waste,,,,,,,,,,,,,,,,,,,,,
CODD_TRAINING_05743,foam-2822.jpg,foam,,Construction and Demolition Waste,,,,,,,,,,,,,,,,,,,,,
CODD_TRAINING_05744,foam-2822.jpg,foam,,Construction and Demolition Waste,,,,,,,,,,,,,,,,,,,,,
CODD_TRAINING_05745,foam-2824.jpg,foam,,Construction and Demolition Waste,,,,,,,,,,,,,,,,,,,,,
CODD_TRAINING_05746,foam-2824.jpg,foam,,Construction and Demolition Waste,,,,,,,,,,,,,,,,,,,,,
CODD_TRAINING_05747,foam-2825.jpg,foam,,Construction and Demolition Waste,,,,,,,,,,,,,,,,,,,,,
CODD_TRAINING_05748,foam-2825.jpg,foam,,Construction and Demolition Waste,,,,,,,,,,,,,,,,,,,,,
CODD_TRAINING_05749,foam-2827.jpg,foam,,Construction and Demolition Waste,,,,,,,,,,,,,,,,,,,,,
CODD_TRAINING_05750,foam-2827.jpg,foam,,Construction and Demolition Waste,,,,,,,,,,,,,,,,,,,,,
CODD_TRAINING_05751,foam-2828.jpg,foam,,Construction and Demolition Waste,,,,,,,,,,,,,,,,,,,,,
CODD_TRAINING_05752,foam-2828.jpg,foam,,Construction and Demolition Waste,,,,,,,,,,,,,,,,,,,,,
CODD_TRAINING_05753,foam-2828.jpg,foam,,Construction and Demolition Waste,,,,,,,,,,,,,,,,,,,,,
CODD_TRAINING_05754,foam-2829.jpg,foam,,Construction and Demolition Waste,,,,,,,,,,,,,,,,,,,,,
CODD_TRAINING_05755,foam-2829.jpg,foam,,Construction and Demolition Waste,,,,,,,,,,,,,,,,,,,,,
CODD_TRAINING_05756,foam-2829.jpg,foam,,Construction and Demolition Waste,,,,,,,,,,,,,,,,,,,,,
CODD_TRAINING_05757,foam-2831.jpg,foam,,Construction and Demolition Waste,,,,,,,,,,,,,,,,,,,,,
CODD_TRAINING_05758,foam-2831.jpg,foam,,Construction and Demolition Waste,,,,,,,,,,,,,,,,,,,,,
CODD_TRAINING_05759,foam-2831.jpg,foam,,Construction and Demolition Waste,,,,,,,,,,,,,,,,,,,,,
CODD_TRAINING_05760,foam-2831.jpg,foam,,Construction and Demolition Waste,,,,,,,,,,,,,,,,,,,,,
CODD_TRAINING_05761,foam-2831.jpg,foam,,Construction and Demolition Waste,,,,,,,,,,,,,,,,,,,,,
CODD_TRAINING_05762,foam-2831.jpg,foam,,Construction and Demolition Waste,,,,,,,,,,,,,,,,,,,,,
CODD_TRAINING_05763,foam-2831.jpg,foam,,Construction and Demolition Waste,,,,,,,,,,,,,,,,,,,,,
CODD_TRAINING_05764,foam-2831.jpg,foam,,Construction and Demolition Waste,,,,,,,,,,,,,,,,,,,,,
CODD_TRAINING_05765,foam-2831.jpg,foam,,Construction and Demolition Waste,,,,,,,,,,,,,,,,,,,,,
CODD_TRAINING_05766,foam-2831.jpg,foam,,Construction and Demolition Waste,,,,,,,,,,,,,,,,,,,,,
CODD_TRAINING_05767,foam-2831.jpg,foam,,Construction and Demolition Waste,,,,,,,,,,,,,,,,,,,,,
CODD_TRAINING_05768,foam-2832.jpg,foam,,Construction and Demolition Waste,,,,,,,,,,,,,,,,,,,,,
CODD_TRAINING_05769,foam-2832.jpg,foam,,Construction and Demolition Waste,,,,,,,,,,,,,,,,,,,,,
CODD_TRAINING_05770,foam-2832.jpg,foam,,Construction and Demolition Waste,,,,,,,,,,,,,,,,,,,,,
CODD_TRAINING_05771,foam-2832.jpg,foam,,Construction and Demolition Waste,,,,,,,,,,,,,,,,,,,,,
CODD_TRAINING_05772,foam-2832.jpg,foam,,Construction and Demolition Waste,,,,,,,,,,,,,,,,,,,,,
CODD_TRAINING_05773,foam-2832.jpg,foam,,Construction and Demolition Waste,,,,,,,,,,,,,,,,,,,,,
CODD_TRAINING_05774,foam-2833.jpg,foam,,Construction and Demolition Waste,,,,,,,,,,,,,,,,,,,,,
CODD_TRAINING_05775,foam-2833.jpg,foam,,Construction and Demolition Waste,,,,,,,,,,,,,,,,,,,,,
CODD_TRAINING_05776,foam-2833.jpg,foam,,Construction and Demolition Waste,,,,,,,,,,,,,,,,,,,,,
CODD_TRAINING_05777,foam-2833.jpg,foam,,Construction and Demolition Waste,,,,,,,,,,,,,,,,,,,,,
CODD_TRAINING_05778,foam-2833.jpg,foam,,Construction and Demolition Waste,,,,,,,,,,,,,,,,,,,,,
CODD_TRAINING_05779,foam-2833.jpg,foam,,Construction and Demolition Waste,,,,,,,,,,,,,,,,,,,,,
CODD_TRAINING_05780,foam-2834.jpg,foam,,Construction and Demolition Waste,,,,,,,,,,,,,,,,,,,,,
CODD_TRAINING_05781,foam-2834.jpg,foam,,Construction and Demolition Waste,,,,,,,,,,,,,,,,,,,,,
CODD_TRAINING_05782,foam-2834.jpg,foam,,Construction and Demolition Waste,,,,,,,,,,,,,,,,,,,,,
CODD_TRAINING_05783,foam-2834.jpg,foam,,Construction and Demolition Waste,,,,,,,,,,,,,,,,,,,,,
CODD_TRAINING_05784,foam-2834.jpg,foam,,Construction and Demolition Waste,,,,,,,,,,,,,,,,,,,,,
CODD_TRAINING_05785,foam-2834.jpg,foam,,Construction and Demolition Waste,,,,,,,,,,,,,,,,,,,,,
CODD_TRAINING_05786,foam-2834.jpg,foam,,Construction and Demolition Waste,,,,,,,,,,,,,,,,,,,,,
CODD_TRAINING_05787,gen-1001.jpg,general_w,,Construction and Demolition Waste,,,,,,,,,,,,,,,,,,,,,
CODD_TRAINING_05788,gen-1001.jpg,general_w,,Construction and Demolition Waste,,,,,,,,,,,,,,,,,,,,,
CODD_TRAINING_05789,gen-1003.jpg,general_w,,Construction and Demolition Waste,,,,,,,,,,,,,,,,,,,,,
CODD_TRAINING_05790,gen-1003.jpg,general_w,,Construction and Demolition Waste,,,,,,,,,,,,,,,,,,,,,
CODD_TRAINING_05791,gen-1004.jpg,general_w,,Construction and Demolition Waste,,,,,,,,,,,,,,,,,,,,,
CODD_TRAINING_05792,gen-1004.jpg,general_w,,Construction and Demolition Waste,,,,,,,,,,,,,,,,,,,,,
CODD_TRAINING_05793,gen-1004.jpg,general_w,,Construction and Demolition Waste,,,,,,,,,,,,,,,,,,,,,
CODD_TRAINING_05794,gen-1004.jpg,general_w,,Construction and Demolition Waste,,,,,,,,,,,,,,,,,,,,,
CODD_TRAINING_05795,gen-1006.jpg,general_w,,Construction and Demolition Waste,,,,,,,,,,,,,,,,,,,,,
CODD_TRAINING_05796,gen-1006.jpg,general_w,,Construction and Demolition Waste,,,,,,,,,,,,,,,,,,,,,
CODD_TRAINING_05797,gen-1006.jpg,general_w,,Construction and Demolition Waste,,,,,,,,,,,,,,,,,,,,,
CODD_TRAINING_05798,gen-1006.jpg,general_w,,Construction and Demolition Waste,,,,,,,,,,,,,,,,,,,,,
CODD_TRAINING_05799,gen-1007.jpg,general_w,,Construction and Demolition Waste,,,,,,,,,,,,,,,,,,,,,
CODD_TRAINING_05800,gen-1008.jpg,general_w,,Construction and Demolition Waste,,,,,,,,,,,,,,,,,,,,,
CODD_TRAINING_05801,gen-1009.jpg,general_w,,Construction and Demolition Waste,,,,,,,,,,,,,,,,,,,,,
CODD_TRAINING_05802,gen-1009.jpg,general_w,,Construction and Demolition Waste,,,,,,,,,,,,,,,,,,,,,
CODD_TRAINING_05803,gen-1011.jpg,general_w,,Construction and Demolition Waste,,,,,,,,,,,,,,,,,,,,,
CODD_TRAINING_05804,gen-1011.jpg,general_w,,Construction and Demolition Waste,,,,,,,,,,,,,,,,,,,,,
CODD_TRAINING_05805,gen-1013.jpg,plastic,,Construction and Demolition Waste,,,,,,,,,,,,,,,,,,,,,
CODD_TRAINING_05806,gen-1013.jpg,general_w,,Construction and Demolition Waste,,,,,,,,,,,,,,,,,,,,,
CODD_TRAINING_05807,gen-1014.jpg,plastic,,Construction and Demolition Waste,,,,,,,,,,,,,,,,,,,,,
CODD_TRAINING_05808,gen-1014.jpg,general_w,,Construction and Demolition Waste,,,,,,,,,,,,,,,,,,,,,
CODD_TRAINING_05809,gen-1015.jpg,plastic,,Construction and Demolition Waste,,,,,,,,,,,,,,,,,,,,,
CODD_TRAINING_05810,gen-1015.jpg,general_w,,Construction and Demolition Waste,,,,,,,,,,,,,,,,,,,,,
CODD_TRAINING_05811,gen-1017.jpg,plastic,,Construction and Demolition Waste,,,,,,,,,,,,,,,,,,,,,
CODD_TRAINING_05812,gen-1017.jpg,general_w,,Construction and Demolition Waste,,,,,,,,,,,,,,,,,,,,,
CODD_TRAINING_05813,gen-1018.jpg,plastic,,Construction and Demolition Waste,,,,,,,,,,,,,,,,,,,,,
CODD_TRAINING_05814,gen-1018.jpg,general_w,,Construction and Demolition Waste,,,,,,,,,,,,,,,,,,,,,
CODD_TRAINING_05815,gen-1019.jpg,plastic,,Construction and Demolition Waste,,,,,,,,,,,,,,,,,,,,,
CODD_TRAINING_05816,gen-1019.jpg,general_w,,Construction and Demolition Waste,,,,,,,,,,,,,,,,,,,,,
CODD_TRAINING_05817,gen-1021.jpg,general_w,,Construction and Demolition Waste,,,,,,,,,,,,,,,,,,,,,
CODD_TRAINING_05818,gen-1021.jpg,general_w,,Construction and Demolition Waste,,,,,,,,,,,,,,,,,,,,,
CODD_TRAINING_05819,gen-1022.jpg,general_w,,Construction and Demolition Waste,,,,,,,,,,,,,,,,,,,,,
CODD_TRAINING_05820,gen-1023.jpg,general_w,,Construction and Demolition Waste,,,,,,,,,,,,,,,,,,,,,
CODD_TRAINING_05821,gen-1023.jpg,general_w,,Construction and Demolition Waste,,,,,,,,,,,,,,,,,,,,,
CODD_TRAINING_05822,gen-1024.jpg,plastic,,Construction and Demolition Waste,,,,,,,,,,,,,,,,,,,,,
CODD_TRAINING_05823,gen-1026.jpg,general_w,,Construction and Demolition Waste,,,,,,,,,,,,,,,,,,,,,
CODD_TRAINING_05824,gen-1027.jpg,plastic,,Construction and Demolition Waste,,,,,,,,,,,,,,,,,,,,,
CODD_TRAINING_05825,gen-1027.jpg,general_w,,Construction and Demolition Waste,,,,,,,,,,,,,,,,,,,,,
CODD_TRAINING_05826,gen-1027.jpg,general_w,,Construction and Demolition Waste,,,,,,,,,,,,,,,,,,,,,
CODD_TRAINING_05827,gen-1028.jpg,general_w,,Construction and Demolition Waste,,,,,,,,,,,,,,,,,,,,,
CODD_TRAINING_05828,gen-1028.jpg,general_w,,Construction and Demolition Waste,,,,,,,,,,,,,,,,,,,,,
CODD_TRAINING_05829,gen-1030.jpg,plastic,,Construction and Demolition Waste,,,,,,,,,,,,,,,,,,,,,
CODD_TRAINING_05830,gen-1030.jpg,general_w,,Construction and Demolition Waste,,,,,,,,,,,,,,,,,,,,,
CODD_TRAINING_05831,gen-1031.jpg,general_w,,Construction and Demolition Waste,,,,,,,,,,,,,,,,,,,,,
CODD_TRAINING_05832,gen-1031.jpg,general_w,,Construction and Demolition Waste,,,,,,,,,,,,,,,,,,,,,
CODD_TRAINING_05833,gen-1032.jpg,general_w,,Construction and Demolition Waste,,,,,,,,,,,,,,,,,,,,,
CODD_TRAINING_05834,gen-1032.jpg,general_w,,Construction and Demolition Waste,,,,,,,,,,,,,,,,,,,,,
CODD_TRAINING_05835,gen-1033.jpg,general_w,,Construction and Demolition Waste,,,,,,,,,,,,,,,,,,,,,
CODD_TRAINING_05836,gen-1033.jpg,general_w,,Construction and Demolition Waste,,,,,,,,,,,,,,,,,,,,,
CODD_TRAINING_05837,gen-1036.jpg,general_w,,Construction and Demolition Waste,,,,,,,,,,,,,,,,,,,,,
CODD_TRAINING_05838,gen-1036.jpg,general_w,,Construction and Demolition Waste,,,,,,,,,,,,,,,,,,,,,
CODD_TRAINING_05839,gen-1037.jpg,general_w,,Construction and Demolition Waste,,,,,,,,,,,,,,,,,,,,,
CODD_TRAINING_05840,gen-1037.jpg,general_w,,Construction and Demolition Waste,,,,,,,,,,,,,,,,,,,,,
CODD_TRAINING_05841,gen-1038.jpg,general_w,,Construction and Demolition Waste,,,,,,,,,,,,,,,,,,,,,
CODD_TRAINING_05842,gen-1038.jpg,general_w,,Construction and Demolition Waste,,,,,,,,,,,,,,,,,,,,,
CODD_TRAINING_05843,gen-1039.jpg,general_w,,Construction and Demolition Waste,,,,,,,,,,,,,,,,,,,,,
CODD_TRAINING_05844,gen-1039.jpg,general_w,,Construction and Demolition Waste,,,,,,,,,,,,,,,,,,,,,
CODD_TRAINING_05845,gen-1039.jpg,general_w,,Construction and Demolition Waste,,,,,,,,,,,,,,,,,,,,,
CODD_TRAINING_05846,gen-1039.jpg,general_w,,Construction and Demolition Waste,,,,,,,,,,,,,,,,,,,,,
CODD_TRAINING_05847,gen-1040.jpg,general_w,,Construction and Demolition Waste,,,,,,,,,,,,,,,,,,,,,
CODD_TRAINING_05848,gen-1040.jpg,general_w,,Construction and Demolition Waste,,,,,,,,,,,,,,,,,,,,,
CODD_TRAINING_05849,gen-1040.jpg,general_w,,Construction and Demolition Waste,,,,,,,,,,,,,,,,,,,,,
CODD_TRAINING_05850,gen-1040.jpg,general_w,,Construction and Demolition Waste,,,,,,,,,,,,,,,,,,,,,
CODD_TRAINING_05851,gen-1043.jpg,general_w,,Construction and Demolition Waste,,,,,,,,,,,,,,,,,,,,,
CODD_TRAINING_05852,gen-1043.jpg,general_w,,Construction and Demolition Waste,,,,,,,,,,,,,,,,,,,,,
CODD_TRAINING_05853,gen-1044.jpg,general_w,,Construction and Demolition Waste,,,,,,,,,,,,,,,,,,,,,
CODD_TRAINING_05854,gen-1044.jpg,general_w,,Construction and Demolition Waste,,,,,,,,,,,,,,,,,,,,,
CODD_TRAINING_05855,gen-1045.jpg,general_w,,Construction and Demolition Waste,,,,,,,,,,,,,,,,,,,,,
CODD_TRAINING_05856,gen-1045.jpg,general_w,,Construction and Demolition Waste,,,,,,,,,,,,,,,,,,,,,
CODD_TRAINING_05857,gen-1046.jpg,general_w,,Construction and Demolition Waste,,,,,,,,,,,,,,,,,,,,,
CODD_TRAINING_05858,gen-1046.jpg,general_w,,Construction and Demolition Waste,,,,,,,,,,,,,,,,,,,,,
CODD_TRAINING_05859,gen-1047.jpg,general_w,,Construction and Demolition Waste,,,,,,,,,,,,,,,,,,,,,
CODD_TRAINING_05860,gen-1047.jpg,general_w,,Construction and Demolition Waste,,,,,,,,,,,,,,,,,,,,,
CODD_TRAINING_05861,gen-1048.jpg,general_w,,Construction and Demolition Waste,,,,,,,,,,,,,,,,,,,,,
CODD_TRAINING_05862,gen-1048.jpg,general_w,,Construction and Demolition Waste,,,,,,,,,,,,,,,,,,,,,
CODD_TRAINING_05863,gen-1048.jpg,general_w,,Construction and Demolition Waste,,,,,,,,,,,,,,,,,,,,,
CODD_TRAINING_05864,gen-1048.jpg,general_w,,Construction and Demolition Waste,,,,,,,,,,,,,,,,,,,,,
CODD_TRAINING_05865,gen-1049.jpg,general_w,,Construction and Demolition Waste,,,,,,,,,,,,,,,,,,,,,
CODD_TRAINING_05866,gen-1049.jpg,general_w,,Construction and Demolition Waste,,,,,,,,,,,,,,,,,,,,,
CODD_TRAINING_05867,gen-1049.jpg,general_w,,Construction and Demolition Waste,,,,,,,,,,,,,,,,,,,,,
CODD_TRAINING_05868,gen-1049.jpg,general_w,,Construction and Demolition Waste,,,,,,,,,,,,,,,,,,,,,
CODD_TRAINING_05869,gen-1050.jpg,general_w,,Construction and Demolition Waste,,,,,,,,,,,,,,,,,,,,,
CODD_TRAINING_05870,gen-1050.jpg,general_w,,Construction and Demolition Waste,,,,,,,,,,,,,,,,,,,,,
CODD_TRAINING_05871,gen-1050.jpg,general_w,,Construction and Demolition Waste,,,,,,,,,,,,,,,,,,,,,
CODD_TRAINING_05872,gen-1051.jpg,general_w,,Construction and Demolition Waste,,,,,,,,,,,,,,,,,,,,,
CODD_TRAINING_05873,gen-1051.jpg,general_w,,Construction and Demolition Waste,,,,,,,,,,,,,,,,,,,,,
CODD_TRAINING_05874,gen-1051.jpg,general_w,,Construction and Demolition Waste,,,,,,,,,,,,,,,,,,,,,
CODD_TRAINING_05875,gen-1052.jpg,general_w,,Construction and Demolition Waste,,,,,,,,,,,,,,,,,,,,,
CODD_TRAINING_05876,gen-1052.jpg,general_w,,Construction and Demolition Waste,,,,,,,,,,,,,,,,,,,,,
CODD_TRAINING_05877,gen-1054.jpg,general_w,,Construction and Demolition Waste,,,,,,,,,,,,,,,,,,,,,
CODD_TRAINING_05878,gen-1054.jpg,general_w,,Construction and Demolition Waste,,,,,,,,,,,,,,,,,,,,,
CODD_TRAINING_05879,gen-1054.jpg,general_w,,Construction and Demolition Waste,,,,,,,,,,,,,,,,,,,,,
CODD_TRAINING_05880,gen-1055.jpg,general_w,,Construction and Demolition Waste,,,,,,,,,,,,,,,,,,,,,
CODD_TRAINING_05881,gen-1055.jpg,general_w,,Construction and Demolition Waste,,,,,,,,,,,,,,,,,,,,,
CODD_TRAINING_05882,gen-1058.jpg,general_w,,Construction and Demolition Waste,,,,,,,,,,,,,,,,,,,,,
CODD_TRAINING_05883,gen-1059.jpg,general_w,,Construction and Demolition Waste,,,,,,,,,,,,,,,,,,,,,
CODD_TRAINING_05884,gen-1059.jpg,general_w,,Construction and Demolition Waste,,,,,,,,,,,,,,,,,,,,,
CODD_TRAINING_05885,gen-1061.jpg,pipes,,Construction and Demolition Waste,,,,,,,,,,,,,,,,,,,,,
CODD_TRAINING_05886,gen-1061.jpg,plastic,,Construction and Demolition Waste,,,,,,,,,,,,,,,,,,,,,
CODD_TRAINING_05887,gen-1061.jpg,general_w,,Construction and Demolition Waste,,,,,,,,,,,,,,,,,,,,,
CODD_TRAINING_05888,gen-1061.jpg,pipes,,Construction and Demolition Waste,,,,,,,,,,,,,,,,,,,,,
CODD_TRAINING_05889,gen-1061.jpg,general_w,,Construction and Demolition Waste,,,,,,,,,,,,,,,,,,,,,
CODD_TRAINING_05890,gen-1061.jpg,general_w,,Construction and Demolition Waste,,,,,,,,,,,,,,,,,,,,,
CODD_TRAINING_05891,gen-1062.jpg,plastic,,Construction and Demolition Waste,,,,,,,,,,,,,,,,,,,,,
CODD_TRAINING_05892,gen-1062.jpg,general_w,,Construction and Demolition Waste,,,,,,,,,,,,,,,,,,,,,
CODD_TRAINING_05893,gen-1064.jpg,plastic,,Construction and Demolition Waste,,,,,,,,,,,,,,,,,,,,,
CODD_TRAINING_05894,gen-1064.jpg,general_w,,Construction and Demolition Waste,,,,,,,,,,,,,,,,,,,,,
CODD_TRAINING_05895,gen-1066.jpg,plastic,,Construction and Demolition Waste,,,,,,,,,,,,,,,,,,,,,
CODD_TRAINING_05896,gen-1066.jpg,general_w,,Construction and Demolition Waste,,,,,,,,,,,,,,,,,,,,,
CODD_TRAINING_05897,gen-1066.jpg,general_w,,Construction and Demolition Waste,,,,,,,,,,,,,,,,,,,,,
CODD_TRAINING_05898,gen-1067.jpg,pipes,,Construction and Demolition Waste,,,,,,,,,,,,,,,,,,,,,
CODD_TRAINING_05899,gen-1067.jpg,general_w,,Construction and Demolition Waste,,,,,,,,,,,,,,,,,,,,,
CODD_TRAINING_05900,gen-1067.jpg,pipes,,Construction and Demolition Waste,,,,,,,,,,,,,,,,,,,,,
CODD_TRAINING_05901,gen-1067.jpg,general_w,,Construction and Demolition Waste,,,,,,,,,,,,,,,,,,,,,
CODD_TRAINING_05902,gen-1068.jpg,general_w,,Construction and Demolition Waste,,,,,,,,,,,,,,,,,,,,,
CODD_TRAINING_05903,gen-1068.jpg,general_w,,Construction and Demolition Waste,,,,,,,,,,,,,,,,,,,,,
CODD_TRAINING_05904,gen-1069.jpg,general_w,,Construction and Demolition Waste,,,,,,,,,,,,,,,,,,,,,
CODD_TRAINING_05905,gen-1069.jpg,general_w,,Construction and Demolition Waste,,,,,,,,,,,,,,,,,,,,,
CODD_TRAINING_05906,gen-1072.jpg,general_w,,Construction and Demolition Waste,,,,,,,,,,,,,,,,,,,,,
CODD_TRAINING_05907,gen-1072.jpg,general_w,,Construction and Demolition Waste,,,,,,,,,,,,,,,,,,,,,
CODD_TRAINING_05908,gen-1072.jpg,general_w,,Construction and Demolition Waste,,,,,,,,,,,,,,,,,,,,,
CODD_TRAINING_05909,gen-1073.jpg,general_w,,Construction and Demolition Waste,,,,,,,,,,,,,,,,,,,,,
CODD_TRAINING_05910,gen-1073.jpg,general_w,,Construction and Demolition Waste,,,,,,,,,,,,,,,,,,,,,
CODD_TRAINING_05911,gen-1073.jpg,general_w,,Construction and Demolition Waste,,,,,,,,,,,,,,,,,,,,,
CODD_TRAINING_05912,gen-1074.jpg,pipes,,Construction and Demolition Waste,,,,,,,,,,,,,,,,,,,,,
CODD_TRAINING_05913,gen-1077.jpg,pipes,,Construction and Demolition Waste,,,,,,,,,,,,,,,,,,,,,
CODD_TRAINING_05914,gen-1077.jpg,pipes,,Construction and Demolition Waste,,,,,,,,,,,,,,,,,,,,,
CODD_TRAINING_05915,gen-1078.jpg,pipes,,Construction and Demolition Waste,,,,,,,,,,,,,,,,,,,,,
CODD_TRAINING_05916,gen-1078.jpg,plastic,,Construction and Demolition Waste,,,,,,,,,,,,,,,,,,,,,
CODD_TRAINING_05917,gen-1079.jpg,pipes,,Construction and Demolition Waste,,,,,,,,,,,,,,,,,,,,,
CODD_TRAINING_05918,gen-1079.jpg,plastic,,Construction and Demolition Waste,,,,,,,,,,,,,,,,,,,,,
CODD_TRAINING_05919,gen-1080.jpg,pipes,,Construction and Demolition Waste,,,,,,,,,,,,,,,,,,,,,
CODD_TRAINING_05920,gen-1080.jpg,plastic,,Construction and Demolition Waste,,,,,,,,,,,,,,,,,,,,,
CODD_TRAINING_05921,gen-1082.jpg,pipes,,Construction and Demolition Waste,,,,,,,,,,,,,,,,,,,,,
CODD_TRAINING_05922,gen-1082.jpg,general_w,,Construction and Demolition Waste,,,,,,,,,,,,,,,,,,,,,
CODD_TRAINING_05923,gen-1082.jpg,general_w,,Construction and Demolition Waste,,,,,,,,,,,,,,,,,,,,,
CODD_TRAINING_05924,gen-1083.jpg,pipes,,Construction and Demolition Waste,,,,,,,,,,,,,,,,,,,,,
CODD_TRAINING_05925,gen-1083.jpg,general_w,,Construction and Demolition Waste,,,,,,,,,,,,,,,,,,,,,
CODD_TRAINING_05926,gen-1086.jpg,pipes,,Construction and Demolition Waste,,,,,,,,,,,,,,,,,,,,,
CODD_TRAINING_05927,gen-1086.jpg,general_w,,Construction and Demolition Waste,,,,,,,,,,,,,,,,,,,,,
CODD_TRAINING_05928,gen-1087.jpg,plastic,,Construction and Demolition Waste,,,,,,,,,,,,,,,,,,,,,
CODD_TRAINING_05929,gen-1087.jpg,general_w,,Construction and Demolition Waste,,,,,,,,,,,,,,,,,,,,,
CODD_TRAINING_05930,gen-1088.jpg,plastic,,Construction and Demolition Waste,,,,,,,,,,,,,,,,,,,,,
CODD_TRAINING_05931,gen-1088.jpg,general_w,,Construction and Demolition Waste,,,,,,,,,,,,,,,,,,,,,
CODD_TRAINING_05932,gen-1090.jpg,plastic,,Construction and Demolition Waste,,,,,,,,,,,,,,,,,,,,,
CODD_TRAINING_05933,gen-1090.jpg,general_w,,Construction and Demolition Waste,,,,,,,,,,,,,,,,,,,,,
CODD_TRAINING_05934,gen-1090.jpg,general_w,,Construction and Demolition Waste,,,,,,,,,,,,,,,,,,,,,
CODD_TRAINING_05935,gen-718.jpg,general_w,,Construction and Demolition Waste,,,,,,,,,,,,,,,,,,,,,
CODD_TRAINING_05936,gen-718.jpg,general_w,,Construction and Demolition Waste,,,,,,,,,,,,,,,,,,,,,
CODD_TRAINING_05937,gen-718.jpg,general_w,,Construction and Demolition Waste,,,,,,,,,,,,,,,,,,,,,
CODD_TRAINING_05938,gen-718.jpg,general_w,,Construction and Demolition Waste,,,,,,,,,,,,,,,,,,,,,
CODD_TRAINING_05939,gen-718.jpg,general_w,,Construction and Demolition Waste,,,,,,,,,,,,,,,,,,,,,
CODD_TRAINING_05940,gen-720.jpg,general_w,,Construction and Demolition Waste,,,,,,,,,,,,,,,,,,,,,
CODD_TRAINING_05941,gen-720.jpg,general_w,,Construction and Demolition Waste,,,,,,,,,,,,,,,,,,,,,
CODD_TRAINING_05942,gen-720.jpg,general_w,,Construction and Demolition Waste,,,,,,,,,,,,,,,,,,,,,
CODD_TRAINING_05943,gen-720.jpg,general_w,,Construction and Demolition Waste,,,,,,,,,,,,,,,,,,,,,
CODD_TRAINING_05944,gen-720.jpg,general_w,,Construction and Demolition Waste,,,,,,,,,,,,,,,,,,,,,
CODD_TRAINING_05945,gen-721.jpg,general_w,,Construction and Demolition Waste,,,,,,,,,,,,,,,,,,,,,
CODD_TRAINING_05946,gen-721.jpg,general_w,,Construction and Demolition Waste,,,,,,,,,,,,,,,,,,,,,
CODD_TRAINING_05947,gen-721.jpg,general_w,,Construction and Demolition Waste,,,,,,,,,,,,,,,,,,,,,
CODD_TRAINING_05948,gen-721.jpg,general_w,,Construction and Demolition Waste,,,,,,,,,,,,,,,,,,,,,
CODD_TRAINING_05949,gen-722.jpg,general_w,,Construction and Demolition Waste,,,,,,,,,,,,,,,,,,,,,
CODD_TRAINING_05950,gen-722.jpg,general_w,,Construction and Demolition Waste,,,,,,,,,,,,,,,,,,,,,
CODD_TRAINING_05951,gen-722.jpg,general_w,,Construction and Demolition Waste,,,,,,,,,,,,,,,,,,,,,
CODD_TRAINING_05952,gen-722.jpg,general_w,,Construction and Demolition Waste,,,,,,,,,,,,,,,,,,,,,
CODD_TRAINING_05953,gen-723.jpg,general_w,,Construction and Demolition Waste,,,,,,,,,,,,,,,,,,,,,
CODD_TRAINING_05954,gen-723.jpg,general_w,,Construction and Demolition Waste,,,,,,,,,,,,,,,,,,,,,
CODD_TRAINING_05955,gen-723.jpg,general_w,,Construction and Demolition Waste,,,,,,,,,,,,,,,,,,,,,
CODD_TRAINING_05956,gen-723.jpg,general_w,,Construction and Demolition Waste,,,,,,,,,,,,,,,,,,,,,
CODD_TRAINING_05957,gen-724.jpg,general_w,,Construction and Demolition Waste,,,,,,,,,,,,,,,,,,,,,
CODD_TRAINING_05958,gen-726.jpg,general_w,,Construction and Demolition Waste,,,,,,,,,,,,,,,,,,,,,
CODD_TRAINING_05959,gen-726.jpg,general_w,,Construction and Demolition Waste,,,,,,,,,,,,,,,,,,,,,
CODD_TRAINING_05960,gen-726.jpg,general_w,,Construction and Demolition Waste,,,,,,,,,,,,,,,,,,,,,
CODD_TRAINING_05961,gen-728.jpg,general_w,,Construction and Demolition Waste,,,,,,,,,,,,,,,,,,,,,
CODD_TRAINING_05962,gen-728.jpg,general_w,,Construction and Demolition Waste,,,,,,,,,,,,,,,,,,,,,
CODD_TRAINING_05963,gen-728.jpg,general_w,,Construction and Demolition Waste,,,,,,,,,,,,,,,,,,,,,
CODD_TRAINING_05964,gen-729.jpg,general_w,,Construction and Demolition Waste,,,,,,,,,,,,,,,,,,,,,
CODD_TRAINING_05965,gen-729.jpg,general_w,,Construction and Demolition Waste,,,,,,,,,,,,,,,,,,,,,
CODD_TRAINING_05966,gen-729.jpg,general_w,,Construction and Demolition Waste,,,,,,,,,,,,,,,,,,,,,
CODD_TRAINING_05967,gen-732.jpg,general_w,,Construction and Demolition Waste,,,,,,,,,,,,,,,,,,,,,
CODD_TRAINING_05968,gen-732.jpg,general_w,,Construction and Demolition Waste,,,,,,,,,,,,,,,,,,,,,
CODD_TRAINING_05969,gen-732.jpg,general_w,,Construction and Demolition Waste,,,,,,,,,,,,,,,,,,,,,
CODD_TRAINING_05970,gen-732.jpg,general_w,,Construction and Demolition Waste,,,,,,,,,,,,,,,,,,,,,
CODD_TRAINING_05971,gen-733.jpg,pipes,,Construction and Demolition Waste,,,,,,,,,,,,,,,,,,,,,
CODD_TRAINING_05972,gen-733.jpg,plastic,,Construction and Demolition Waste,,,,,,,,,,,,,,,,,,,,,
CODD_TRAINING_05973,gen-733.jpg,general_w,,Construction and Demolition Waste,,,,,,,,,,,,,,,,,,,,,
CODD_TRAINING_05974,gen-733.jpg,general_w,,Construction and Demolition Waste,,,,,,,,,,,,,,,,,,,,,
CODD_TRAINING_05975,gen-733.jpg,general_w,,Construction and Demolition Waste,,,,,,,,,,,,,,,,,,,,,
CODD_TRAINING_05976,gen-733.jpg,general_w,,Construction and Demolition Waste,,,,,,,,,,,,,,,,,,,,,
CODD_TRAINING_05977,gen-734.jpg,pipes,,Construction and Demolition Waste,,,,,,,,,,,,,,,,,,,,,
CODD_TRAINING_05978,gen-734.jpg,plastic,,Construction and Demolition Waste,,,,,,,,,,,,,,,,,,,,,
CODD_TRAINING_05979,gen-734.jpg,general_w,,Construction and Demolition Waste,,,,,,,,,,,,,,,,,,,,,
CODD_TRAINING_05980,gen-734.jpg,general_w,,Construction and Demolition Waste,,,,,,,,,,,,,,,,,,,,,
CODD_TRAINING_05981,gen-734.jpg,general_w,,Construction and Demolition Waste,,,,,,,,,,,,,,,,,,,,,
CODD_TRAINING_05982,gen-734.jpg,general_w,,Construction and Demolition Waste,,,,,,,,,,,,,,,,,,,,,
CODD_TRAINING_05983,gen-735.jpg,pipes,,Construction and Demolition Waste,,,,,,,,,,,,,,,,,,,,,
CODD_TRAINING_05984,gen-735.jpg,plastic,,Construction and Demolition Waste,,,,,,,,,,,,,,,,,,,,,
CODD_TRAINING_05985,gen-735.jpg,general_w,,Construction and Demolition Waste,,,,,,,,,,,,,,,,,,,,,
CODD_TRAINING_05986,gen-735.jpg,general_w,,Construction and Demolition Waste,,,,,,,,,,,,,,,,,,,,,
CODD_TRAINING_05987,gen-735.jpg,general_w,,Construction and Demolition Waste,,,,,,,,,,,,,,,,,,,,,
CODD_TRAINING_05988,gen-736.jpg,plastic,,Construction and Demolition Waste,,,,,,,,,,,,,,,,,,,,,
CODD_TRAINING_05989,gen-736.jpg,general_w,,Construction and Demolition Waste,,,,,,,,,,,,,,,,,,,,,
CODD_TRAINING_05990,gen-736.jpg,general_w,,Construction and Demolition Waste,,,,,,,,,,,,,,,,,,,,,
CODD_TRAINING_05991,gen-736.jpg,general_w,,Construction and Demolition Waste,,,,,,,,,,,,,,,,,,,,,
CODD_TRAINING_05992,gen-736.jpg,general_w,,Construction and Demolition Waste,,,,,,,,,,,,,,,,,,,,,
CODD_TRAINING_05993,gen-740.jpg,plastic,,Construction and Demolition Waste,,,,,,,,,,,,,,,,,,,,,
CODD_TRAINING_05994,gen-740.jpg,general_w,,Construction and Demolition Waste,,,,,,,,,,,,,,,,,,,,,
CODD_TRAINING_05995,gen-740.jpg,general_w,,Construction and Demolition Waste,,,,,,,,,,,,,,,,,,,,,
CODD_TRAINING_05996,gen-740.jpg,general_w,,Construction and Demolition Waste,,,,,,,,,,,,,,,,,,,,,
CODD_TRAINING_05997,gen-740.jpg,general_w,,Construction and Demolition Waste,,,,,,,,,,,,,,,,,,,,,
CODD_TRAINING_05998,gen-742.jpg,general_w,,Construction and Demolition Waste,,,,,,,,,,,,,,,,,,,,,
CODD_TRAINING_05999,gen-742.jpg,general_w,,Construction and Demolition Waste,,,,,,,,,,,,,,,,,,,,,
CODD_TRAINING_06000,gen-742.jpg,general_w,,Construction and Demolition Waste,,,,,,,,,,,,,,,,,,,,,
CODD_TRAINING_06001,gen-743.jpg,general_w,,Construction and Demolition Waste,,,,,,,,,,,,,,,,,,,,,
CODD_TRAINING_06002,gen-743.jpg,general_w,,Construction and Demolition Waste,,,,,,,,,,,,,,,,,,,,,
CODD_TRAINING_06003,gen-743.jpg,general_w,,Construction and Demolition Waste,,,,,,,,,,,,,,,,,,,,,
CODD_TRAINING_06004,gen-746.jpg,general_w,,Construction and Demolition Waste,,,,,,,,,,,,,,,,,,,,,
CODD_TRAINING_06005,gen-746.jpg,general_w,,Construction and Demolition Waste,,,,,,,,,,,,,,,,,,,,,
CODD_TRAINING_06006,gen-746.jpg,general_w,,Construction and Demolition Waste,,,,,,,,,,,,,,,,,,,,,
CODD_TRAINING_06007,gen-746.jpg,general_w,,Construction and Demolition Waste,,,,,,,,,,,,,,,,,,,,,
CODD_TRAINING_06008,gen-746.jpg,general_w,,Construction and Demolition Waste,,,,,,,,,,,,,,,,,,,,,
CODD_TRAINING_06009,gen-746.jpg,general_w,,Construction and Demolition Waste,,,,,,,,,,,,,,,,,,,,,
CODD_TRAINING_06010,gen-748.jpg,general_w,,Construction and Demolition Waste,,,,,,,,,,,,,,,,,,,,,
CODD_TRAINING_06011,gen-748.jpg,general_w,,Construction and Demolition Waste,,,,,,,,,,,,,,,,,,,,,
CODD_TRAINING_06012,gen-748.jpg,general_w,,Construction and Demolition Waste,,,,,,,,,,,,,,,,,,,,,
CODD_TRAINING_06013,gen-748.jpg,general_w,,Construction and Demolition Waste,,,,,,,,,,,,,,,,,,,,,
CODD_TRAINING_06014,gen-749.jpg,general_w,,Construction and Demolition Waste,,,,,,,,,,,,,,,,,,,,,
CODD_TRAINING_06015,gen-749.jpg,general_w,,Construction and Demolition Waste,,,,,,,,,,,,,,,,,,,,,
CODD_TRAINING_06016,gen-749.jpg,general_w,,Construction and Demolition Waste,,,,,,,,,,,,,,,,,,,,,
CODD_TRAINING_06017,gen-749.jpg,general_w,,Construction and Demolition Waste,,,,,,,,,,,,,,,,,,,,,
CODD_TRAINING_06018,gen-751.jpg,general_w,,Construction and Demolition Waste,,,,,,,,,,,,,,,,,,,,,
CODD_TRAINING_06019,gen-751.jpg,general_w,,Construction and Demolition Waste,,,,,,,,,,,,,,,,,,,,,
CODD_TRAINING_06020,gen-751.jpg,general_w,,Construction and Demolition Waste,,,,,,,,,,,,,,,,,,,,,
CODD_TRAINING_06021,gen-752.jpg,general_w,,Construction and Demolition Waste,,,,,,,,,,,,,,,,,,,,,
CODD_TRAINING_06022,gen-752.jpg,general_w,,Construction and Demolition Waste,,,,,,,,,,,,,,,,,,,,,
CODD_TRAINING_06023,gen-752.jpg,general_w,,Construction and Demolition Waste,,,,,,,,,,,,,,,,,,,,,
CODD_TRAINING_06024,gen-753.jpg,general_w,,Construction and Demolition Waste,,,,,,,,,,,,,,,,,,,,,
CODD_TRAINING_06025,gen-753.jpg,general_w,,Construction and Demolition Waste,,,,,,,,,,,,,,,,,,,,,
CODD_TRAINING_06026,gen-757.jpg,general_w,,Construction and Demolition Waste,,,,,,,,,,,,,,,,,,,,,
CODD_TRAINING_06027,gen-757.jpg,general_w,,Construction and Demolition Waste,,,,,,,,,,,,,,,,,,,,,
CODD_TRAINING_06028,gen-757.jpg,general_w,,Construction and Demolition Waste,,,,,,,,,,,,,,,,,,,,,
CODD_TRAINING_06029,gen-757.jpg,general_w,,Construction and Demolition Waste,,,,,,,,,,,,,,,,,,,,,
CODD_TRAINING_06030,gen-757.jpg,general_w,,Construction and Demolition Waste,,,,,,,,,,,,,,,,,,,,,
CODD_TRAINING_06031,gen-759.jpg,general_w,,Construction and Demolition Waste,,,,,,,,,,,,,,,,,,,,,
CODD_TRAINING_06032,gen-762.jpg,general_w,,Construction and Demolition Waste,,,,,,,,,,,,,,,,,,,,,
CODD_TRAINING_06033,gen-762.jpg,general_w,,Construction and Demolition Waste,,,,,,,,,,,,,,,,,,,,,
CODD_TRAINING_06034,gen-762.jpg,general_w,,Construction and Demolition Waste,,,,,,,,,,,,,,,,,,,,,
CODD_TRAINING_06035,gen-762.jpg,general_w,,Construction and Demolition Waste,,,,,,,,,,,,,,,,,,,,,
CODD_TRAINING_06036,gen-764.jpg,general_w,,Construction and Demolition Waste,,,,,,,,,,,,,,,,,,,,,
CODD_TRAINING_06037,gen-764.jpg,general_w,,Construction and Demolition Waste,,,,,,,,,,,,,,,,,,,,,
CODD_TRAINING_06038,gen-764.jpg,general_w,,Construction and Demolition Waste,,,,,,,,,,,,,,,,,,,,,
CODD_TRAINING_06039,gen-764.jpg,general_w,,Construction and Demolition Waste,,,,,,,,,,,,,,,,,,,,,
CODD_TRAINING_06040,gen-765.jpg,general_w,,Construction and Demolition Waste,,,,,,,,,,,,,,,,,,,,,
CODD_TRAINING_06041,gen-765.jpg,general_w,,Construction and Demolition Waste,,,,,,,,,,,,,,,,,,,,,
CODD_TRAINING_06042,gen-766.jpg,general_w,,Construction and Demolition Waste,,,,,,,,,,,,,,,,,,,,,
CODD_TRAINING_06043,gen-766.jpg,general_w,,Construction and Demolition Waste,,,,,,,,,,,,,,,,,,,,,
CODD_TRAINING_06044,gen-767.jpg,general_w,,Construction and Demolition Waste,,,,,,,,,,,,,,,,,,,,,
CODD_TRAINING_06045,gen-767.jpg,general_w,,Construction and Demolition Waste,,,,,,,,,,,,,,,,,,,,,
CODD_TRAINING_06046,gen-768.jpg,general_w,,Construction and Demolition Waste,,,,,,,,,,,,,,,,,,,,,
CODD_TRAINING_06047,gen-768.jpg,general_w,,Construction and Demolition Waste,,,,,,,,,,,,,,,,,,,,,
CODD_TRAINING_06048,gen-768.jpg,general_w,,Construction and Demolition Waste,,,,,,,,,,,,,,,,,,,,,
CODD_TRAINING_06049,gen-768.jpg,general_w,,Construction and Demolition Waste,,,,,,,,,,,,,,,,,,,,,
CODD_TRAINING_06050,gen-771.jpg,general_w,,Construction and Demolition Waste,,,,,,,,,,,,,,,,,,,,,
CODD_TRAINING_06051,gen-771.jpg,general_w,,Construction and Demolition Waste,,,,,,,,,,,,,,,,,,,,,
CODD_TRAINING_06052,gen-771.jpg,general_w,,Construction and Demolition Waste,,,,,,,,,,,,,,,,,,,,,
CODD_TRAINING_06053,gen-771.jpg,general_w,,Construction and Demolition Waste,,,,,,,,,,,,,,,,,,,,,
CODD_TRAINING_06054,gen-774.jpg,general_w,,Construction and Demolition Waste,,,,,,,,,,,,,,,,,,,,,
CODD_TRAINING_06055,gen-774.jpg,general_w,,Construction and Demolition Waste,,,,,,,,,,,,,,,,,,,,,
CODD_TRAINING_06056,gen-776.jpg,general_w,,Construction and Demolition Waste,,,,,,,,,,,,,,,,,,,,,
CODD_TRAINING_06057,gen-776.jpg,general_w,,Construction and Demolition Waste,,,,,,,,,,,,,,,,,,,,,
CODD_TRAINING_06058,gen-778.jpg,general_w,,Construction and Demolition Waste,,,,,,,,,,,,,,,,,,,,,
CODD_TRAINING_06059,gen-778.jpg,general_w,,Construction and Demolition Waste,,,,,,,,,,,,,,,,,,,,,
CODD_TRAINING_06060,gen-779.jpg,plastic,,Construction and Demolition Waste,,,,,,,,,,,,,,,,,,,,,
CODD_TRAINING_06061,gen-779.jpg,general_w,,Construction and Demolition Waste,,,,,,,,,,,,,,,,,,,,,
CODD_TRAINING_06062,gen-779.jpg,general_w,,Construction and Demolition Waste,,,,,,,,,,,,,,,,,,,,,
CODD_TRAINING_06063,gen-780.jpg,plastic,,Construction and Demolition Waste,,,,,,,,,,,,,,,,,,,,,
CODD_TRAINING_06064,gen-780.jpg,general_w,,Construction and Demolition Waste,,,,,,,,,,,,,,,,,,,,,
CODD_TRAINING_06065,gen-780.jpg,general_w,,Construction and Demolition Waste,,,,,,,,,,,,,,,,,,,,,
CODD_TRAINING_06066,gen-781.jpg,plastic,,Construction and Demolition Waste,,,,,,,,,,,,,,,,,,,,,
CODD_TRAINING_06067,gen-781.jpg,general_w,,Construction and Demolition Waste,,,,,,,,,,,,,,,,,,,,,
CODD_TRAINING_06068,gen-781.jpg,general_w,,Construction and Demolition Waste,,,,,,,,,,,,,,,,,,,,,
CODD_TRAINING_06069,gen-781.jpg,general_w,,Construction and Demolition Waste,,,,,,,,,,,,,,,,,,,,,
CODD_TRAINING_06070,gen-783.jpg,plastic,,Construction and Demolition Waste,,,,,,,,,,,,,,,,,,,,,
CODD_TRAINING_06071,gen-783.jpg,general_w,,Construction and Demolition Waste,,,,,,,,,,,,,,,,,,,,,
CODD_TRAINING_06072,gen-785.jpg,general_w,,Construction and Demolition Waste,,,,,,,,,,,,,,,,,,,,,
CODD_TRAINING_06073,gen-787.jpg,general_w,,Construction and Demolition Waste,,,,,,,,,,,,,,,,,,,,,
CODD_TRAINING_06074,gen-787.jpg,general_w,,Construction and Demolition Waste,,,,,,,,,,,,,,,,,,,,,
CODD_TRAINING_06075,gen-788.jpg,general_w,,Construction and Demolition Waste,,,,,,,,,,,,,,,,,,,,,
CODD_TRAINING_06076,gen-788.jpg,general_w,,Construction and Demolition Waste,,,,,,,,,,,,,,,,,,,,,
CODD_TRAINING_06077,gen-789.jpg,general_w,,Construction and Demolition Waste,,,,,,,,,,,,,,,,,,,,,
CODD_TRAINING_06078,gen-791.jpg,plastic,,Construction and Demolition Waste,,,,,,,,,,,,,,,,,,,,,
CODD_TRAINING_06079,gen-791.jpg,plastic,,Construction and Demolition Waste,,,,,,,,,,,,,,,,,,,,,
CODD_TRAINING_06080,gen-792.jpg,plastic,,Construction and Demolition Waste,,,,,,,,,,,,,,,,,,,,,
CODD_TRAINING_06081,gen-792.jpg,plastic,,Construction and Demolition Waste,,,,,,,,,,,,,,,,,,,,,
CODD_TRAINING_06082,gen-795.jpg,plastic,,Construction and Demolition Waste,,,,,,,,,,,,,,,,,,,,,
CODD_TRAINING_06083,gen-795.jpg,plastic,,Construction and Demolition Waste,,,,,,,,,,,,,,,,,,,,,
CODD_TRAINING_06084,gen-797.jpg,general_w,,Construction and Demolition Waste,,,,,,,,,,,,,,,,,,,,,
CODD_TRAINING_06085,gen-797.jpg,general_w,,Construction and Demolition Waste,,,,,,,,,,,,,,,,,,,,,
CODD_TRAINING_06086,gen-798.jpg,general_w,,Construction and Demolition Waste,,,,,,,,,,,,,,,,,,,,,
CODD_TRAINING_06087,gen-798.jpg,general_w,,Construction and Demolition Waste,,,,,,,,,,,,,,,,,,,,,
CODD_TRAINING_06088,gen-799.jpg,general_w,,Construction and Demolition Waste,,,,,,,,,,,,,,,,,,,,,
CODD_TRAINING_06089,gen-799.jpg,general_w,,Construction and Demolition Waste,,,,,,,,,,,,,,,,,,,,,
CODD_TRAINING_06090,gen-800.jpg,general_w,,Construction and Demolition Waste,,,,,,,,,,,,,,,,,,,,,
CODD_TRAINING_06091,gen-800.jpg,general_w,,Construction and Demolition Waste,,,,,,,,,,,,,,,,,,,,,
CODD_TRAINING_06092,gen-801.jpg,general_w,,Construction and Demolition Waste,,,,,,,,,,,,,,,,,,,,,
CODD_TRAINING_06093,gen-801.jpg,general_w,,Construction and Demolition Waste,,,,,,,,,,,,,,,,,,,,,
CODD_TRAINING_06094,gen-801.jpg,general_w,,Construction and Demolition Waste,,,,,,,,,,,,,,,,,,,,,
CODD_TRAINING_06095,gen-803.jpg,pipes,,Construction and Demolition Waste,,,,,,,,,,,,,,,,,,,,,
CODD_TRAINING_06096,gen-804.jpg,pipes,,Construction and Demolition Waste,,,,,,,,,,,,,,,,,,,,,
CODD_TRAINING_06097,gen-805.jpg,pipes,,Construction and Demolition Waste,,,,,,,,,,,,,,,,,,,,,
CODD_TRAINING_06098,gen-807.jpg,plastic,,Construction and Demolition Waste,,,,,,,,,,,,,,,,,,,,,
CODD_TRAINING_06099,gen-807.jpg,general_w,,Construction and Demolition Waste,,,,,,,,,,,,,,,,,,,,,
CODD_TRAINING_06100,gen-807.jpg,general_w,,Construction and Demolition Waste,,,,,,,,,,,,,,,,,,,,,
CODD_TRAINING_06101,gen-807.jpg,general_w,,Construction and Demolition Waste,,,,,,,,,,,,,,,,,,,,,
CODD_TRAINING_06102,gen-808.jpg,plastic,,Construction and Demolition Waste,,,,,,,,,,,,,,,,,,,,,
CODD_TRAINING_06103,gen-808.jpg,general_w,,Construction and Demolition Waste,,,,,,,,,,,,,,,,,,,,,
CODD_TRAINING_06104,gen-808.jpg,general_w,,Construction and Demolition Waste,,,,,,,,,,,,,,,,,,,,,
CODD_TRAINING_06105,gen-808.jpg,general_w,,Construction and Demolition Waste,,,,,,,,,,,,,,,,,,,,,
CODD_TRAINING_06106,gen-809.jpg,plastic,,Construction and Demolition Waste,,,,,,,,,,,,,,,,,,,,,
CODD_TRAINING_06107,gen-809.jpg,general_w,,Construction and Demolition Waste,,,,,,,,,,,,,,,,,,,,,
CODD_TRAINING_06108,gen-809.jpg,general_w,,Construction and Demolition Waste,,,,,,,,,,,,,,,,,,,,,
CODD_TRAINING_06109,gen-809.jpg,general_w,,Construction and Demolition Waste,,,,,,,,,,,,,,,,,,,,,
CODD_TRAINING_06110,gen-811.jpg,general_w,,Construction and Demolition Waste,,,,,,,,,,,,,,,,,,,,,
CODD_TRAINING_06111,gen-812.jpg,general_w,,Construction and Demolition Waste,,,,,,,,,,,,,,,,,,,,,
CODD_TRAINING_06112,gen-812.jpg,general_w,,Construction and Demolition Waste,,,,,,,,,,,,,,,,,,,,,
CODD_TRAINING_06113,gen-813.jpg,general_w,,Construction and Demolition Waste,,,,,,,,,,,,,,,,,,,,,
CODD_TRAINING_06114,gen-813.jpg,general_w,,Construction and Demolition Waste,,,,,,,,,,,,,,,,,,,,,
CODD_TRAINING_06115,gen-816.jpg,general_w,,Construction and Demolition Waste,,,,,,,,,,,,,,,,,,,,,
CODD_TRAINING_06116,gen-817.jpg,general_w,,Construction and Demolition Waste,,,,,,,,,,,,,,,,,,,,,
CODD_TRAINING_06117,gen-819.jpg,general_w,,Construction and Demolition Waste,,,,,,,,,,,,,,,,,,,,,
CODD_TRAINING_06118,gen-819.jpg,general_w,,Construction and Demolition Waste,,,,,,,,,,,,,,,,,,,,,
CODD_TRAINING_06119,gen-820.jpg,general_w,,Construction and Demolition Waste,,,,,,,,,,,,,,,,,,,,,
CODD_TRAINING_06120,gen-820.jpg,general_w,,Construction and Demolition Waste,,,,,,,,,,,,,,,,,,,,,
CODD_TRAINING_06121,gen-821.jpg,general_w,,Construction and Demolition Waste,,,,,,,,,,,,,,,,,,,,,
CODD_TRAINING_06122,gen-821.jpg,general_w,,Construction and Demolition Waste,,,,,,,,,,,,,,,,,,,,,
CODD_TRAINING_06123,gen-821.jpg,general_w,,Construction and Demolition Waste,,,,,,,,,,,,,,,,,,,,,
CODD_TRAINING_06124,gen-822.jpg,general_w,,Construction and Demolition Waste,,,,,,,,,,,,,,,,,,,,,
CODD_TRAINING_06125,gen-822.jpg,general_w,,Construction and Demolition Waste,,,,,,,,,,,,,,,,,,,,,
CODD_TRAINING_06126,gen-822.jpg,general_w,,Construction and Demolition Waste,,,,,,,,,,,,,,,,,,,,,
CODD_TRAINING_06127,gen-822.jpg,general_w,,Construction and Demolition Waste,,,,,,,,,,,,,,,,,,,,,
CODD_TRAINING_06128,gen-825.jpg,general_w,,Construction and Demolition Waste,,,,,,,,,,,,,,,,,,,,,
CODD_TRAINING_06129,gen-825.jpg,general_w,,Construction and Demolition Waste,,,,,,,,,,,,,,,,,,,,,
CODD_TRAINING_06130,gen-827.jpg,general_w,,Construction and Demolition Waste,,,,,,,,,,,,,,,,,,,,,
CODD_TRAINING_06131,gen-827.jpg,general_w,,Construction and Demolition Waste,,,,,,,,,,,,,,,,,,,,,
CODD_TRAINING_06132,gen-829.jpg,general_w,,Construction and Demolition Waste,,,,,,,,,,,,,,,,,,,,,
CODD_TRAINING_06133,gen-829.jpg,general_w,,Construction and Demolition Waste,,,,,,,,,,,,,,,,,,,,,
CODD_TRAINING_06134,gen-831.jpg,general_w,,Construction and Demolition Waste,,,,,,,,,,,,,,,,,,,,,
CODD_TRAINING_06135,gen-831.jpg,general_w,,Construction and Demolition Waste,,,,,,,,,,,,,,,,,,,,,
CODD_TRAINING_06136,gen-831.jpg,general_w,,Construction and Demolition Waste,,,,,,,,,,,,,,,,,,,,,
CODD_TRAINING_06137,gen-832.jpg,general_w,,Construction and Demolition Waste,,,,,,,,,,,,,,,,,,,,,
CODD_TRAINING_06138,gen-832.jpg,general_w,,Construction and Demolition Waste,,,,,,,,,,,,,,,,,,,,,
CODD_TRAINING_06139,gen-834.jpg,general_w,,Construction and Demolition Waste,,,,,,,,,,,,,,,,,,,,,
CODD_TRAINING_06140,gen-835.jpg,general_w,,Construction and Demolition Waste,,,,,,,,,,,,,,,,,,,,,
CODD_TRAINING_06141,gen-835.jpg,general_w,,Construction and Demolition Waste,,,,,,,,,,,,,,,,,,,,,
CODD_TRAINING_06142,gen-836.jpg,general_w,,Construction and Demolition Waste,,,,,,,,,,,,,,,,,,,,,
CODD_TRAINING_06143,gen-837.jpg,general_w,,Construction and Demolition Waste,,,,,,,,,,,,,,,,,,,,,
CODD_TRAINING_06144,gen-838.jpg,general_w,,Construction and Demolition Waste,,,,,,,,,,,,,,,,,,,,,
CODD_TRAINING_06145,gen-840.jpg,general_w,,Construction and Demolition Waste,,,,,,,,,,,,,,,,,,,,,
CODD_TRAINING_06146,gen-841.jpg,general_w,,Construction and Demolition Waste,,,,,,,,,,,,,,,,,,,,,
CODD_TRAINING_06147,gen-841.jpg,general_w,,Construction and Demolition Waste,,,,,,,,,,,,,,,,,,,,,
CODD_TRAINING_06148,gen-842.jpg,general_w,,Construction and Demolition Waste,,,,,,,,,,,,,,,,,,,,,
CODD_TRAINING_06149,gen-842.jpg,general_w,,Construction and Demolition Waste,,,,,,,,,,,,,,,,,,,,,
CODD_TRAINING_06150,gen-844.jpg,general_w,,Construction and Demolition Waste,,,,,,,,,,,,,,,,,,,,,
CODD_TRAINING_06151,gen-844.jpg,general_w,,Construction and Demolition Waste,,,,,,,,,,,,,,,,,,,,,
CODD_TRAINING_06152,gen-844.jpg,general_w,,Construction and Demolition Waste,,,,,,,,,,,,,,,,,,,,,
CODD_TRAINING_06153,gen-846.jpg,general_w,,Construction and Demolition Waste,,,,,,,,,,,,,,,,,,,,,
CODD_TRAINING_06154,gen-846.jpg,general_w,,Construction and Demolition Waste,,,,,,,,,,,,,,,,,,,,,
CODD_TRAINING_06155,gen-847.jpg,general_w,,Construction and Demolition Waste,,,,,,,,,,,,,,,,,,,,,
CODD_TRAINING_06156,gen-847.jpg,general_w,,Construction and Demolition Waste,,,,,,,,,,,,,,,,,,,,,
CODD_TRAINING_06157,gen-848.jpg,general_w,,Construction and Demolition Waste,,,,,,,,,,,,,,,,,,,,,
CODD_TRAINING_06158,gen-848.jpg,general_w,,Construction and Demolition Waste,,,,,,,,,,,,,,,,,,,,,
CODD_TRAINING_06159,gen-849.jpg,general_w,,Construction and Demolition Waste,,,,,,,,,,,,,,,,,,,,,
CODD_TRAINING_06160,gen-849.jpg,general_w,,Construction and Demolition Waste,,,,,,,,,,,,,,,,,,,,,
CODD_TRAINING_06161,gen-850.jpg,general_w,,Construction and Demolition Waste,,,,,,,,,,,,,,,,,,,,,
CODD_TRAINING_06162,gen-850.jpg,general_w,,Construction and Demolition Waste,,,,,,,,,,,,,,,,,,,,,
CODD_TRAINING_06163,gen-850.jpg,general_w,,Construction and Demolition Waste,,,,,,,,,,,,,,,,,,,,,
CODD_TRAINING_06164,gen-851.jpg,general_w,,Construction and Demolition Waste,,,,,,,,,,,,,,,,,,,,,
CODD_TRAINING_06165,gen-851.jpg,general_w,,Construction and Demolition Waste,,,,,,,,,,,,,,,,,,,,,
CODD_TRAINING_06166,gen-852.jpg,general_w,,Construction and Demolition Waste,,,,,,,,,,,,,,,,,,,,,
CODD_TRAINING_06167,gen-852.jpg,general_w,,Construction and Demolition Waste,,,,,,,,,,,,,,,,,,,,,
CODD_TRAINING_06168,gen-853.jpg,general_w,,Construction and Demolition Waste,,,,,,,,,,,,,,,,,,,,,
CODD_TRAINING_06169,gen-853.jpg,general_w,,Construction and Demolition Waste,,,,,,,,,,,,,,,,,,,,,
CODD_TRAINING_06170,gen-856.jpg,plastic,,Construction and Demolition Waste,,,,,,,,,,,,,,,,,,,,,
CODD_TRAINING_06171,gen-857.jpg,plastic,,Construction and Demolition Waste,,,,,,,,,,,,,,,,,,,,,
CODD_TRAINING_06172,gen-858.jpg,general_w,,Construction and Demolition Waste,,,,,,,,,,,,,,,,,,,,,
CODD_TRAINING_06173,gen-858.jpg,general_w,,Construction and Demolition Waste,,,,,,,,,,,,,,,,,,,,,
CODD_TRAINING_06174,gen-859.jpg,general_w,,Construction and Demolition Waste,,,,,,,,,,,,,,,,,,,,,
CODD_TRAINING_06175,gen-859.jpg,general_w,,Construction and Demolition Waste,,,,,,,,,,,,,,,,,,,,,
CODD_TRAINING_06176,gen-861.jpg,general_w,,Construction and Demolition Waste,,,,,,,,,,,,,,,,,,,,,
CODD_TRAINING_06177,gen-861.jpg,general_w,,Construction and Demolition Waste,,,,,,,,,,,,,,,,,,,,,
CODD_TRAINING_06178,gen-862.jpg,general_w,,Construction and Demolition Waste,,,,,,,,,,,,,,,,,,,,,
CODD_TRAINING_06179,gen-862.jpg,general_w,,Construction and Demolition Waste,,,,,,,,,,,,,,,,,,,,,
CODD_TRAINING_06180,gen-862.jpg,general_w,,Construction and Demolition Waste,,,,,,,,,,,,,,,,,,,,,
CODD_TRAINING_06181,gen-862.jpg,general_w,,Construction and Demolition Waste,,,,,,,,,,,,,,,,,,,,,
CODD_TRAINING_06182,gen-863.jpg,general_w,,Construction and Demolition Waste,,,,,,,,,,,,,,,,,,,,,
CODD_TRAINING_06183,gen-863.jpg,general_w,,Construction and Demolition Waste,,,,,,,,,,,,,,,,,,,,,
CODD_TRAINING_06184,gen-863.jpg,general_w,,Construction and Demolition Waste,,,,,,,,,,,,,,,,,,,,,
CODD_TRAINING_06185,gen-863.jpg,general_w,,Construction and Demolition Waste,,,,,,,,,,,,,,,,,,,,,
CODD_TRAINING_06186,gen-865.jpg,general_w,,Construction and Demolition Waste,,,,,,,,,,,,,,,,,,,,,
CODD_TRAINING_06187,gen-865.jpg,general_w,,Construction and Demolition Waste,,,,,,,,,,,,,,,,,,,,,
CODD_TRAINING_06188,gen-865.jpg,general_w,,Construction and Demolition Waste,,,,,,,,,,,,,,,,,,,,,
CODD_TRAINING_06189,gen-865.jpg,general_w,,Construction and Demolition Waste,,,,,,,,,,,,,,,,,,,,,
CODD_TRAINING_06190,gen-866.jpg,plastic,,Construction and Demolition Waste,,,,,,,,,,,,,,,,,,,,,
CODD_TRAINING_06191,gen-866.jpg,plastic,,Construction and Demolition Waste,,,,,,,,,,,,,,,,,,,,,
CODD_TRAINING_06192,gen-870.jpg,plastic,,Construction and Demolition Waste,,,,,,,,,,,,,,,,,,,,,
CODD_TRAINING_06193,gen-872.jpg,plastic,,Construction and Demolition Waste,,,,,,,,,,,,,,,,,,,,,
CODD_TRAINING_06194,gen-873.jpg,plastic,,Construction and Demolition Waste,,,,,,,,,,,,,,,,,,,,,
CODD_TRAINING_06195,gen-874.jpg,plastic,,Construction and Demolition Waste,,,,,,,,,,,,,,,,,,,,,
CODD_TRAINING_06196,gen-875.jpg,plastic,,Construction and Demolition Waste,,,,,,,,,,,,,,,,,,,,,
CODD_TRAINING_06197,gen-877.jpg,general_w,,Construction and Demolition Waste,,,,,,,,,,,,,,,,,,,,,
CODD_TRAINING_06198,gen-877.jpg,general_w,,Construction and Demolition Waste,,,,,,,,,,,,,,,,,,,,,
CODD_TRAINING_06199,gen-877.jpg,general_w,,Construction and Demolition Waste,,,,,,,,,,,,,,,,,,,,,
CODD_TRAINING_06200,gen-877.jpg,general_w,,Construction and Demolition Waste,,,,,,,,,,,,,,,,,,,,,
CODD_TRAINING_06201,gen-878.jpg,general_w,,Construction and Demolition Waste,,,,,,,,,,,,,,,,,,,,,
CODD_TRAINING_06202,gen-878.jpg,general_w,,Construction and Demolition Waste,,,,,,,,,,,,,,,,,,,,,
CODD_TRAINING_06203,gen-879.jpg,general_w,,Construction and Demolition Waste,,,,,,,,,,,,,,,,,,,,,
CODD_TRAINING_06204,gen-879.jpg,general_w,,Construction and Demolition Waste,,,,,,,,,,,,,,,,,,,,,
CODD_TRAINING_06205,gen-880.jpg,general_w,,Construction and Demolition Waste,,,,,,,,,,,,,,,,,,,,,
CODD_TRAINING_06206,gen-880.jpg,general_w,,Construction and Demolition Waste,,,,,,,,,,,,,,,,,,,,,
CODD_TRAINING_06207,gen-880.jpg,general_w,,Construction and Demolition Waste,,,,,,,,,,,,,,,,,,,,,
CODD_TRAINING_06208,gen-881.jpg,general_w,,Construction and Demolition Waste,,,,,,,,,,,,,,,,,,,,,
CODD_TRAINING_06209,gen-881.jpg,general_w,,Construction and Demolition Waste,,,,,,,,,,,,,,,,,,,,,
CODD_TRAINING_06210,gen-882.jpg,general_w,,Construction and Demolition Waste,,,,,,,,,,,,,,,,,,,,,
CODD_TRAINING_06211,gen-882.jpg,general_w,,Construction and Demolition Waste,,,,,,,,,,,,,,,,,,,,,
CODD_TRAINING_06212,gen-883.jpg,general_w,,Construction and Demolition Waste,,,,,,,,,,,,,,,,,,,,,
CODD_TRAINING_06213,gen-884.jpg,general_w,,Construction and Demolition Waste,,,,,,,,,,,,,,,,,,,,,
CODD_TRAINING_06214,gen-885.jpg,general_w,,Construction and Demolition Waste,,,,,,,,,,,,,,,,,,,,,
CODD_TRAINING_06215,gen-888.jpg,general_w,,Construction and Demolition Waste,,,,,,,,,,,,,,,,,,,,,
CODD_TRAINING_06216,gen-891.jpg,general_w,,Construction and Demolition Waste,,,,,,,,,,,,,,,,,,,,,
CODD_TRAINING_06217,gen-893.jpg,plastic,,Construction and Demolition Waste,,,,,,,,,,,,,,,,,,,,,
CODD_TRAINING_06218,gen-893.jpg,general_w,,Construction and Demolition Waste,,,,,,,,,,,,,,,,,,,,,
CODD_TRAINING_06219,gen-895.jpg,plastic,,Construction and Demolition Waste,,,,,,,,,,,,,,,,,,,,,
CODD_TRAINING_06220,gen-895.jpg,general_w,,Construction and Demolition Waste,,,,,,,,,,,,,,,,,,,,,
CODD_TRAINING_06221,gen-896.jpg,plastic,,Construction and Demolition Waste,,,,,,,,,,,,,,,,,,,,,
CODD_TRAINING_06222,gen-896.jpg,general_w,,Construction and Demolition Waste,,,,,,,,,,,,,,,,,,,,,
CODD_TRAINING_06223,gen-897.jpg,pipes,,Construction and Demolition Waste,,,,,,,,,,,,,,,,,,,,,
CODD_TRAINING_06224,gen-897.jpg,plastic,,Construction and Demolition Waste,,,,,,,,,,,,,,,,,,,,,
CODD_TRAINING_06225,gen-899.jpg,pipes,,Construction and Demolition Waste,,,,,,,,,,,,,,,,,,,,,
CODD_TRAINING_06226,gen-899.jpg,plastic,,Construction and Demolition Waste,,,,,,,,,,,,,,,,,,,,,
CODD_TRAINING_06227,gen-900.jpg,plastic,,Construction and Demolition Waste,,,,,,,,,,,,,,,,,,,,,
CODD_TRAINING_06228,gen-900.jpg,plastic,,Construction and Demolition Waste,,,,,,,,,,,,,,,,,,,,,
CODD_TRAINING_06229,gen-901.jpg,plastic,,Construction and Demolition Waste,,,,,,,,,,,,,,,,,,,,,
CODD_TRAINING_06230,gen-902.jpg,plastic,,Construction and Demolition Waste,,,,,,,,,,,,,,,,,,,,,
CODD_TRAINING_06231,gen-904.jpg,plastic,,Construction and Demolition Waste,,,,,,,,,,,,,,,,,,,,,
CODD_TRAINING_06232,gen-906.jpg,plastic,,Construction and Demolition Waste,,,,,,,,,,,,,,,,,,,,,
CODD_TRAINING_06233,gen-908.jpg,pipes,,Construction and Demolition Waste,,,,,,,,,,,,,,,,,,,,,
CODD_TRAINING_06234,gen-908.jpg,general_w,,Construction and Demolition Waste,,,,,,,,,,,,,,,,,,,,,
CODD_TRAINING_06235,gen-909.jpg,pipes,,Construction and Demolition Waste,,,,,,,,,,,,,,,,,,,,,
CODD_TRAINING_06236,gen-909.jpg,general_w,,Construction and Demolition Waste,,,,,,,,,,,,,,,,,,,,,
CODD_TRAINING_06237,gen-910.jpg,pipes,,Construction and Demolition Waste,,,,,,,,,,,,,,,,,,,,,
CODD_TRAINING_06238,gen-910.jpg,general_w,,Construction and Demolition Waste,,,,,,,,,,,,,,,,,,,,,
CODD_TRAINING_06239,gen-911.jpg,general_w,,Construction and Demolition Waste,,,,,,,,,,,,,,,,,,,,,
CODD_TRAINING_06240,gen-912.jpg,general_w,,Construction and Demolition Waste,,,,,,,,,,,,,,,,,,,,,
CODD_TRAINING_06241,gen-912.jpg,general_w,,Construction and Demolition Waste,,,,,,,,,,,,,,,,,,,,,
CODD_TRAINING_06242,gen-913.jpg,general_w,,Construction and Demolition Waste,,,,,,,,,,,,,,,,,,,,,
CODD_TRAINING_06243,gen-913.jpg,general_w,,Construction and Demolition Waste,,,,,,,,,,,,,,,,,,,,,
CODD_TRAINING_06244,gen-914.jpg,general_w,,Construction and Demolition Waste,,,,,,,,,,,,,,,,,,,,,
CODD_TRAINING_06245,gen-914.jpg,general_w,,Construction and Demolition Waste,,,,,,,,,,,,,,,,,,,,,
CODD_TRAINING_06246,gen-915.jpg,general_w,,Construction and Demolition Waste,,,,,,,,,,,,,,,,,,,,,
CODD_TRAINING_06247,gen-915.jpg,general_w,,Construction and Demolition Waste,,,,,,,,,,,,,,,,,,,,,
CODD_TRAINING_06248,gen-916.jpg,plastic,,Construction and Demolition Waste,,,,,,,,,,,,,,,,,,,,,
CODD_TRAINING_06249,gen-916.jpg,plastic,,Construction and Demolition Waste,,,,,,,,,,,,,,,,,,,,,
CODD_TRAINING_06250,gen-917.jpg,plastic,,Construction and Demolition Waste,,,,,,,,,,,,,,,,,,,,,
CODD_TRAINING_06251,gen-917.jpg,plastic,,Construction and Demolition Waste,,,,,,,,,,,,,,,,,,,,,
CODD_TRAINING_06252,gen-918.jpg,plastic,,Construction and Demolition Waste,,,,,,,,,,,,,,,,,,,,,
CODD_TRAINING_06253,gen-918.jpg,plastic,,Construction and Demolition Waste,,,,,,,,,,,,,,,,,,,,,
CODD_TRAINING_06254,gen-919.jpg,plastic,,Construction and Demolition Waste,,,,,,,,,,,,,,,,,,,,,
CODD_TRAINING_06255,gen-919.jpg,plastic,,Construction and Demolition Waste,,,,,,,,,,,,,,,,,,,,,
CODD_TRAINING_06256,gen-920.jpg,plastic,,Construction and Demolition Waste,,,,,,,,,,,,,,,,,,,,,
CODD_TRAINING_06257,gen-920.jpg,plastic,,Construction and Demolition Waste,,,,,,,,,,,,,,,,,,,,,
CODD_TRAINING_06258,gen-924.jpg,pipes,,Construction and Demolition Waste,,,,,,,,,,,,,,,,,,,,,
CODD_TRAINING_06259,gen-924.jpg,general_w,,Construction and Demolition Waste,,,,,,,,,,,,,,,,,,,,,
CODD_TRAINING_06260,gen-924.jpg,general_w,,Construction and Demolition Waste,,,,,,,,,,,,,,,,,,,,,
CODD_TRAINING_06261,gen-924.jpg,general_w,,Construction and Demolition Waste,,,,,,,,,,,,,,,,,,,,,
CODD_TRAINING_06262,gen-925.jpg,plastic,,Construction and Demolition Waste,,,,,,,,,,,,,,,,,,,,,
CODD_TRAINING_06263,gen-925.jpg,general_w,,Construction and Demolition Waste,,,,,,,,,,,,,,,,,,,,,
CODD_TRAINING_06264,gen-925.jpg,plastic,,Construction and Demolition Waste,,,,,,,,,,,,,,,,,,,,,
CODD_TRAINING_06265,gen-925.jpg,general_w,,Construction and Demolition Waste,,,,,,,,,,,,,,,,,,,,,
CODD_TRAINING_06266,gen-925.jpg,plastic,,Construction and Demolition Waste,,,,,,,,,,,,,,,,,,,,,
CODD_TRAINING_06267,gen-925.jpg,plastic,,Construction and Demolition Waste,,,,,,,,,,,,,,,,,,,,,
CODD_TRAINING_06268,gen-926.jpg,plastic,,Construction and Demolition Waste,,,,,,,,,,,,,,,,,,,,,
CODD_TRAINING_06269,gen-926.jpg,plastic,,Construction and Demolition Waste,,,,,,,,,,,,,,,,,,,,,
CODD_TRAINING_06270,gen-927.jpg,plastic,,Construction and Demolition Waste,,,,,,,,,,,,,,,,,,,,,
CODD_TRAINING_06271,gen-927.jpg,plastic,,Construction and Demolition Waste,,,,,,,,,,,,,,,,,,,,,
CODD_TRAINING_06272,gen-928.jpg,plastic,,Construction and Demolition Waste,,,,,,,,,,,,,,,,,,,,,
CODD_TRAINING_06273,gen-928.jpg,plastic,,Construction and Demolition Waste,,,,,,,,,,,,,,,,,,,,,
CODD_TRAINING_06274,gen-929.jpg,plastic,,Construction and Demolition Waste,,,,,,,,,,,,,,,,,,,,,
CODD_TRAINING_06275,gen-929.jpg,general_w,,Construction and Demolition Waste,,,,,,,,,,,,,,,,,,,,,
CODD_TRAINING_06276,gen-931.jpg,plastic,,Construction and Demolition Waste,,,,,,,,,,,,,,,,,,,,,
CODD_TRAINING_06277,gen-931.jpg,general_w,,Construction and Demolition Waste,,,,,,,,,,,,,,,,,,,,,
CODD_TRAINING_06278,gen-933.jpg,general_w,,Construction and Demolition Waste,,,,,,,,,,,,,,,,,,,,,
CODD_TRAINING_06279,gen-933.jpg,general_w,,Construction and Demolition Waste,,,,,,,,,,,,,,,,,,,,,
CODD_TRAINING_06280,gen-935.jpg,plastic,,Construction and Demolition Waste,,,,,,,,,,,,,,,,,,,,,
CODD_TRAINING_06281,gen-935.jpg,general_w,,Construction and Demolition Waste,,,,,,,,,,,,,,,,,,,,,
CODD_TRAINING_06282,gen-935.jpg,general_w,,Construction and Demolition Waste,,,,,,,,,,,,,,,,,,,,,
CODD_TRAINING_06283,gen-939.jpg,general_w,,Construction and Demolition Waste,,,,,,,,,,,,,,,,,,,,,
CODD_TRAINING_06284,gen-939.jpg,general_w,,Construction and Demolition Waste,,,,,,,,,,,,,,,,,,,,,
CODD_TRAINING_06285,gen-940.jpg,general_w,,Construction and Demolition Waste,,,,,,,,,,,,,,,,,,,,,
CODD_TRAINING_06286,gen-940.jpg,general_w,,Construction and Demolition Waste,,,,,,,,,,,,,,,,,,,,,
CODD_TRAINING_06287,gen-941.jpg,general_w,,Construction and Demolition Waste,,,,,,,,,,,,,,,,,,,,,
CODD_TRAINING_06288,gen-942.jpg,plastic,,Construction and Demolition Waste,,,,,,,,,,,,,,,,,,,,,
CODD_TRAINING_06289,gen-943.jpg,plastic,,Construction and Demolition Waste,,,,,,,,,,,,,,,,,,,,,
CODD_TRAINING_06290,gen-944.jpg,plastic,,Construction and Demolition Waste,,,,,,,,,,,,,,,,,,,,,
CODD_TRAINING_06291,gen-945.jpg,plastic,,Construction and Demolition Waste,,,,,,,,,,,,,,,,,,,,,
CODD_TRAINING_06292,gen-950.jpg,plastic,,Construction and Demolition Waste,,,,,,,,,,,,,,,,,,,,,
CODD_TRAINING_06293,gen-951.jpg,plastic,,Construction and Demolition Waste,,,,,,,,,,,,,,,,,,,,,
CODD_TRAINING_06294,gen-952.jpg,plastic,,Construction and Demolition Waste,,,,,,,,,,,,,,,,,,,,,
CODD_TRAINING_06295,gen-952.jpg,plastic,,Construction and Demolition Waste,,,,,,,,,,,,,,,,,,,,,
CODD_TRAINING_06296,gen-952.jpg,plastic,,Construction and Demolition Waste,,,,,,,,,,,,,,,,,,,,,
CODD_TRAINING_06297,gen-953.jpg,plastic,,Construction and Demolition Waste,,,,,,,,,,,,,,,,,,,,,
CODD_TRAINING_06298,gen-953.jpg,plastic,,Construction and Demolition Waste,,,,,,,,,,,,,,,,,,,,,
CODD_TRAINING_06299,gen-953.jpg,plastic,,Construction and Demolition Waste,,,,,,,,,,,,,,,,,,,,,
CODD_TRAINING_06300,gen-954.jpg,plastic,,Construction and Demolition Waste,,,,,,,,,,,,,,,,,,,,,
CODD_TRAINING_06301,gen-954.jpg,plastic,,Construction and Demolition Waste,,,,,,,,,,,,,,,,,,,,,
CODD_TRAINING_06302,gen-954.jpg,plastic,,Construction and Demolition Waste,,,,,,,,,,,,,,,,,,,,,
CODD_TRAINING_06303,gen-954.jpg,plastic,,Construction and Demolition Waste,,,,,,,,,,,,,,,,,,,,,
CODD_TRAINING_06304,gen-955.jpg,plastic,,Construction and Demolition Waste,,,,,,,,,,,,,,,,,,,,,
CODD_TRAINING_06305,gen-955.jpg,plastic,,Construction and Demolition Waste,,,,,,,,,,,,,,,,,,,,,
CODD_TRAINING_06306,gen-955.jpg,plastic,,Construction and Demolition Waste,,,,,,,,,,,,,,,,,,,,,
CODD_TRAINING_06307,gen-956.jpg,plastic,,Construction and Demolition Waste,,,,,,,,,,,,,,,,,,,,,
CODD_TRAINING_06308,gen-956.jpg,plastic,,Construction and Demolition Waste,,,,,,,,,,,,,,,,,,,,,
CODD_TRAINING_06309,gen-957.jpg,plastic,,Construction and Demolition Waste,,,,,,,,,,,,,,,,,,,,,
CODD_TRAINING_06310,gen-957.jpg,plastic,,Construction and Demolition Waste,,,,,,,,,,,,,,,,,,,,,
CODD_TRAINING_06311,gen-957.jpg,plastic,,Construction and Demolition Waste,,,,,,,,,,,,,,,,,,,,,
CODD_TRAINING_06312,gen-958.jpg,plastic,,Construction and Demolition Waste,,,,,,,,,,,,,,,,,,,,,
CODD_TRAINING_06313,gen-959.jpg,plastic,,Construction and Demolition Waste,,,,,,,,,,,,,,,,,,,,,
CODD_TRAINING_06314,gen-959.jpg,plastic,,Construction and Demolition Waste,,,,,,,,,,,,,,,,,,,,,
CODD_TRAINING_06315,gen-959.jpg,plastic,,Construction and Demolition Waste,,,,,,,,,,,,,,,,,,,,,
CODD_TRAINING_06316,gen-961.jpg,plastic,,Construction and Demolition Waste,,,,,,,,,,,,,,,,,,,,,
CODD_TRAINING_06317,gen-961.jpg,plastic,,Construction and Demolition Waste,,,,,,,,,,,,,,,,,,,,,
CODD_TRAINING_06318,gen-962.jpg,plastic,,Construction and Demolition Waste,,,,,,,,,,,,,,,,,,,,,
CODD_TRAINING_06319,gen-963.jpg,plastic,,Construction and Demolition Waste,,,,,,,,,,,,,,,,,,,,,
CODD_TRAINING_06320,gen-968.jpg,general_w,,Construction and Demolition Waste,,,,,,,,,,,,,,,,,,,,,
CODD_TRAINING_06321,gen-969.jpg,plastic,,Construction and Demolition Waste,,,,,,,,,,,,,,,,,,,,,
CODD_TRAINING_06322,gen-970.jpg,plastic,,Construction and Demolition Waste,,,,,,,,,,,,,,,,,,,,,
CODD_TRAINING_06323,gen-971.jpg,plastic,,Construction and Demolition Waste,,,,,,,,,,,,,,,,,,,,,
CODD_TRAINING_06324,gen-972.jpg,plastic,,Construction and Demolition Waste,,,,,,,,,,,,,,,,,,,,,
CODD_TRAINING_06325,gen-972.jpg,plastic,,Construction and Demolition Waste,,,,,,,,,,,,,,,,,,,,,
CODD_TRAINING_06326,gen-972.jpg,plastic,,Construction and Demolition Waste,,,,,,,,,,,,,,,,,,,,,
CODD_TRAINING_06327,gen-973.jpg,plastic,,Construction and Demolition Waste,,,,,,,,,,,,,,,,,,,,,
CODD_TRAINING_06328,gen-973.jpg,plastic,,Construction and Demolition Waste,,,,,,,,,,,,,,,,,,,,,
CODD_TRAINING_06329,gen-973.jpg,plastic,,Construction and Demolition Waste,,,,,,,,,,,,,,,,,,,,,
CODD_TRAINING_06330,gen-974.jpg,pipes,,Construction and Demolition Waste,,,,,,,,,,,,,,,,,,,,,
CODD_TRAINING_06331,gen-974.jpg,plastic,,Construction and Demolition Waste,,,,,,,,,,,,,,,,,,,,,
CODD_TRAINING_06332,gen-974.jpg,general_w,,Construction and Demolition Waste,,,,,,,,,,,,,,,,,,,,,
CODD_TRAINING_06333,gen-974.jpg,plastic,,Construction and Demolition Waste,,,,,,,,,,,,,,,,,,,,,
CODD_TRAINING_06334,gen-975.jpg,pipes,,Construction and Demolition Waste,,,,,,,,,,,,,,,,,,,,,
CODD_TRAINING_06335,gen-975.jpg,plastic,,Construction and Demolition Waste,,,,,,,,,,,,,,,,,,,,,
CODD_TRAINING_06336,gen-976.jpg,pipes,,Construction and Demolition Waste,,,,,,,,,,,,,,,,,,,,,
CODD_TRAINING_06337,gen-976.jpg,plastic,,Construction and Demolition Waste,,,,,,,,,,,,,,,,,,,,,
CODD_TRAINING_06338,gen-977.jpg,plastic,,Construction and Demolition Waste,,,,,,,,,,,,,,,,,,,,,
CODD_TRAINING_06339,gen-978.jpg,plastic,,Construction and Demolition Waste,,,,,,,,,,,,,,,,,,,,,
CODD_TRAINING_06340,gen-978.jpg,general_w,,Construction and Demolition Waste,,,,,,,,,,,,,,,,,,,,,
CODD_TRAINING_06341,gen-978.jpg,general_w,,Construction and Demolition Waste,,,,,,,,,,,,,,,,,,,,,
CODD_TRAINING_06342,gen-978.jpg,general_w,,Construction and Demolition Waste,,,,,,,,,,,,,,,,,,,,,
CODD_TRAINING_06343,gen-979.jpg,plastic,,Construction and Demolition Waste,,,,,,,,,,,,,,,,,,,,,
CODD_TRAINING_06344,gen-979.jpg,general_w,,Construction and Demolition Waste,,,,,,,,,,,,,,,,,,,,,
CODD_TRAINING_06345,gen-979.jpg,general_w,,Construction and Demolition Waste,,,,,,,,,,,,,,,,,,,,,
CODD_TRAINING_06346,gen-979.jpg,general_w,,Construction and Demolition Waste,,,,,,,,,,,,,,,,,,,,,
CODD_TRAINING_06347,gen-980.jpg,plastic,,Construction and Demolition Waste,,,,,,,,,,,,,,,,,,,,,
CODD_TRAINING_06348,gen-980.jpg,general_w,,Construction and Demolition Waste,,,,,,,,,,,,,,,,,,,,,
CODD_TRAINING_06349,gen-980.jpg,general_w,,Construction and Demolition Waste,,,,,,,,,,,,,,,,,,,,,
CODD_TRAINING_06350,gen-983.jpg,plastic,,Construction and Demolition Waste,,,,,,,,,,,,,,,,,,,,,
CODD_TRAINING_06351,gen-983.jpg,general_w,,Construction and Demolition Waste,,,,,,,,,,,,,,,,,,,,,
CODD_TRAINING_06352,gen-983.jpg,plastic,,Construction and Demolition Waste,,,,,,,,,,,,,,,,,,,,,
CODD_TRAINING_06353,gen-983.jpg,general_w,,Construction and Demolition Waste,,,,,,,,,,,,,,,,,,,,,
CODD_TRAINING_06354,gen-983.jpg,plastic,,Construction and Demolition Waste,,,,,,,,,,,,,,,,,,,,,
CODD_TRAINING_06355,gen-983.jpg,plastic,,Construction and Demolition Waste,,,,,,,,,,,,,,,,,,,,,
CODD_TRAINING_06356,gen-984.jpg,plastic,,Construction and Demolition Waste,,,,,,,,,,,,,,,,,,,,,
CODD_TRAINING_06357,gen-984.jpg,general_w,,Construction and Demolition Waste,,,,,,,,,,,,,,,,,,,,,
CODD_TRAINING_06358,gen-984.jpg,plastic,,Construction and Demolition Waste,,,,,,,,,,,,,,,,,,,,,
CODD_TRAINING_06359,gen-984.jpg,plastic,,Construction and Demolition Waste,,,,,,,,,,,,,,,,,,,,,
CODD_TRAINING_06360,gen-987.jpg,plastic,,Construction and Demolition Waste,,,,,,,,,,,,,,,,,,,,,
CODD_TRAINING_06361,gen-987.jpg,general_w,,Construction and Demolition Waste,,,,,,,,,,,,,,,,,,,,,
CODD_TRAINING_06362,gen-987.jpg,plastic,,Construction and Demolition Waste,,,,,,,,,,,,,,,,,,,,,
CODD_TRAINING_06363,gen-987.jpg,plastic,,Construction and Demolition Waste,,,,,,,,,,,,,,,,,,,,,
CODD_TRAINING_06364,gen-988.jpg,plastic,,Construction and Demolition Waste,,,,,,,,,,,,,,,,,,,,,
CODD_TRAINING_06365,gen-988.jpg,general_w,,Construction and Demolition Waste,,,,,,,,,,,,,,,,,,,,,
CODD_TRAINING_06366,gen-988.jpg,plastic,,Construction and Demolition Waste,,,,,,,,,,,,,,,,,,,,,
CODD_TRAINING_06367,gen-989.jpg,plastic,,Construction and Demolition Waste,,,,,,,,,,,,,,,,,,,,,
CODD_TRAINING_06368,gen-989.jpg,general_w,,Construction and Demolition Waste,,,,,,,,,,,,,,,,,,,,,
CODD_TRAINING_06369,gen-989.jpg,plastic,,Construction and Demolition Waste,,,,,,,,,,,,,,,,,,,,,
CODD_TRAINING_06370,gen-990.jpg,plastic,,Construction and Demolition Waste,,,,,,,,,,,,,,,,,,,,,
CODD_TRAINING_06371,gen-990.jpg,general_w,,Construction and Demolition Waste,,,,,,,,,,,,,,,,,,,,,
CODD_TRAINING_06372,gen-990.jpg,plastic,,Construction and Demolition Waste,,,,,,,,,,,,,,,,,,,,,
CODD_TRAINING_06373,gen-991.jpg,plastic,,Construction and Demolition Waste,,,,,,,,,,,,,,,,,,,,,
CODD_TRAINING_06374,gen-991.jpg,general_w,,Construction and Demolition Waste,,,,,,,,,,,,,,,,,,,,,
CODD_TRAINING_06375,gen-991.jpg,general_w,,Construction and Demolition Waste,,,,,,,,,,,,,,,,,,,,,
CODD_TRAINING_06376,gen-992.jpg,plastic,,Construction and Demolition Waste,,,,,,,,,,,,,,,,,,,,,
CODD_TRAINING_06377,gen-992.jpg,general_w,,Construction and Demolition Waste,,,,,,,,,,,,,,,,,,,,,
CODD_TRAINING_06378,gen-992.jpg,plastic,,Construction and Demolition Waste,,,,,,,,,,,,,,,,,,,,,
CODD_TRAINING_06379,gen-992.jpg,general_w,,Construction and Demolition Waste,,,,,,,,,,,,,,,,,,,,,
CODD_TRAINING_06380,gen-993.jpg,plastic,,Construction and Demolition Waste,,,,,,,,,,,,,,,,,,,,,
CODD_TRAINING_06381,gen-993.jpg,plastic,,Construction and Demolition Waste,,,,,,,,,,,,,,,,,,,,,
CODD_TRAINING_06382,gen-994.jpg,plastic,,Construction and Demolition Waste,,,,,,,,,,,,,,,,,,,,,
CODD_TRAINING_06383,gen-994.jpg,plastic,,Construction and Demolition Waste,,,,,,,,,,,,,,,,,,,,,
CODD_TRAINING_06384,gen-994.jpg,plastic,,Construction and Demolition Waste,,,,,,,,,,,,,,,,,,,,,
CODD_TRAINING_06385,gen-995.jpg,general_w,,Construction and Demolition Waste,,,,,,,,,,,,,,,,,,,,,
CODD_TRAINING_06386,gen-995.jpg,general_w,,Construction and Demolition Waste,,,,,,,,,,,,,,,,,,,,,
CODD_TRAINING_06387,gen-996.jpg,general_w,,Construction and Demolition Waste,,,,,,,,,,,,,,,,,,,,,
CODD_TRAINING_06388,gen-997.jpg,general_w,,Construction and Demolition Waste,,,,,,,,,,,,,,,,,,,,,
CODD_TRAINING_06389,gen-997.jpg,general_w,,Construction and Demolition Waste,,,,,,,,,,,,,,,,,,,,,
CODD_TRAINING_06390,gen-998.jpg,general_w,,Construction and Demolition Waste,,,,,,,,,,,,,,,,,,,,,
CODD_TRAINING_06391,gen-998.jpg,general_w,,Construction and Demolition Waste,,,,,,,,,,,,,,,,,,,,,
CODD_TRAINING_06392,gen-998.jpg,general_w,,Construction and Demolition Waste,,,,,,,,,,,,,,,,,,,,,
CODD_TRAINING_06393,gen-999.jpg,general_w,,Construction and Demolition Waste,,,,,,,,,,,,,,,,,,,,,
CODD_TRAINING_06394,gen-999.jpg,general_w,,Construction and Demolition Waste,,,,,,,,,,,,,,,,,,,,,
CODD_TRAINING_06395,gen-999.jpg,general_w,,Construction and Demolition Waste,,,,,,,,,,,,,,,,,,,,,
CODD_TRAINING_06396,other-1810.jpg,wood,,Construction and Demolition Waste,,,,,,,,,,,,,,,,,,,,,
CODD_TRAINING_06397,other-1810.jpg,wood,,Construction and Demolition Waste,,,,,,,,,,,,,,,,,,,,,
CODD_TRAINING_06398,other-1810.jpg,wood,,Construction and Demolition Waste,,,,,,,,,,,,,,,,,,,,,
CODD_TRAINING_06399,other-1811.jpg,wood,,Construction and Demolition Waste,,,,,,,,,,,,,,,,,,,,,
CODD_TRAINING_06400,other-1811.jpg,wood,,Construction and Demolition Waste,,,,,,,,,,,,,,,,,,,,,
CODD_TRAINING_06401,other-1811.jpg,wood,,Construction and Demolition Waste,,,,,,,,,,,,,,,,,,,,,
CODD_TRAINING_06402,other-1814.jpg,wood,,Construction and Demolition Waste,,,,,,,,,,,,,,,,,,,,,
CODD_TRAINING_06403,other-1814.jpg,wood,,Construction and Demolition Waste,,,,,,,,,,,,,,,,,,,,,
CODD_TRAINING_06404,other-1814.jpg,wood,,Construction and Demolition Waste,,,,,,,,,,,,,,,,,,,,,
CODD_TRAINING_06405,other-1816.jpg,wood,,Construction and Demolition Waste,,,,,,,,,,,,,,,,,,,,,
CODD_TRAINING_06406,other-1825.jpg,wood,,Construction and Demolition Waste,,,,,,,,,,,,,,,,,,,,,
CODD_TRAINING_06407,other-1834.jpg,wood,,Construction and Demolition Waste,,,,,,,,,,,,,,,,,,,,,
CODD_TRAINING_06408,other-1834.jpg,wood,,Construction and Demolition Waste,,,,,,,,,,,,,,,,,,,,,
CODD_TRAINING_06409,other-1836.jpg,wood,,Construction and Demolition Waste,,,,,,,,,,,,,,,,,,,,,
CODD_TRAINING_06410,other-1842.jpg,wood,,Construction and Demolition Waste,,,,,,,,,,,,,,,,,,,,,
CODD_TRAINING_06411,other-1843.jpg,wood,,Construction and Demolition Waste,,,,,,,,,,,,,,,,,,,,,
CODD_TRAINING_06412,other-1847.jpg,wood,,Construction and Demolition Waste,,,,,,,,,,,,,,,,,,,,,
CODD_TRAINING_06413,other-1849.jpg,wood,,Construction and Demolition Waste,,,,,,,,,,,,,,,,,,,,,
CODD_TRAINING_06414,other-1853.jpg,wood,,Construction and Demolition Waste,,,,,,,,,,,,,,,,,,,,,
CODD_TRAINING_06415,other-1860.jpg,wood,,Construction and Demolition Waste,,,,,,,,,,,,,,,,,,,,,
CODD_TRAINING_06416,other-1861.jpg,wood,,Construction and Demolition Waste,,,,,,,,,,,,,,,,,,,,,
CODD_TRAINING_06417,other-1865.jpg,wood,,Construction and Demolition Waste,,,,,,,,,,,,,,,,,,,,,
CODD_TRAINING_06418,other-1869.jpg,wood,,Construction and Demolition Waste,,,,,,,,,,,,,,,,,,,,,
CODD_TRAINING_06419,other-1869.jpg,wood,,Construction and Demolition Waste,,,,,,,,,,,,,,,,,,,,,
CODD_TRAINING_06420,other-1870.jpg,wood,,Construction and Demolition Waste,,,,,,,,,,,,,,,,,,,,,
CODD_TRAINING_06421,other-1870.jpg,wood,,Construction and Demolition Waste,,,,,,,,,,,,,,,,,,,,,
CODD_TRAINING_06422,other-1872.jpg,wood,,Construction and Demolition Waste,,,,,,,,,,,,,,,,,,,,,
CODD_TRAINING_06423,other-1873.jpg,wood,,Construction and Demolition Waste,,,,,,,,,,,,,,,,,,,,,
CODD_TRAINING_06424,other-1878.jpg,wood,,Construction and Demolition Waste,,,,,,,,,,,,,,,,,,,,,
CODD_TRAINING_06425,other-1879.jpg,wood,,Construction and Demolition Waste,,,,,,,,,,,,,,,,,,,,,
CODD_TRAINING_06426,other-1881.jpg,wood,,Construction and Demolition Waste,,,,,,,,,,,,,,,,,,,,,
CODD_TRAINING_06427,other-1882.jpg,wood,,Construction and Demolition Waste,,,,,,,,,,,,,,,,,,,,,
CODD_TRAINING_06428,other-1885.jpg,wood,,Construction and Demolition Waste,,,,,,,,,,,,,,,,,,,,,
CODD_TRAINING_06429,other-1889.jpg,wood,,Construction and Demolition Waste,,,,,,,,,,,,,,,,,,,,,
CODD_TRAINING_06430,other-1891.jpg,wood,,Construction and Demolition Waste,,,,,,,,,,,,,,,,,,,,,
CODD_TRAINING_06431,other-1893.jpg,wood,,Construction and Demolition Waste,,,,,,,,,,,,,,,,,,,,,
CODD_TRAINING_06432,other-1898.jpg,wood,,Construction and Demolition Waste,,,,,,,,,,,,,,,,,,,,,
CODD_TRAINING_06433,other-1899.jpg,wood,,Construction and Demolition Waste,,,,,,,,,,,,,,,,,,,,,
CODD_TRAINING_06434,other-1900.jpg,wood,,Construction and Demolition Waste,,,,,,,,,,,,,,,,,,,,,
CODD_TRAINING_06435,other-1904.jpg,wood,,Construction and Demolition Waste,,,,,,,,,,,,,,,,,,,,,
CODD_TRAINING_06436,other-1907.jpg,wood,,Construction and Demolition Waste,,,,,,,,,,,,,,,,,,,,,
CODD_TRAINING_06437,other-1908.jpg,wood,,Construction and Demolition Waste,,,,,,,,,,,,,,,,,,,,,
CODD_TRAINING_06438,other-1910.jpg,wood,,Construction and Demolition Waste,,,,,,,,,,,,,,,,,,,,,
CODD_TRAINING_06439,other-1914.jpg,wood,,Construction and Demolition Waste,,,,,,,,,,,,,,,,,,,,,
CODD_TRAINING_06440,other-1916.jpg,wood,,Construction and Demolition Waste,,,,,,,,,,,,,,,,,,,,,
CODD_TRAINING_06441,other-1920.jpg,wood,,Construction and Demolition Waste,,,,,,,,,,,,,,,,,,,,,
CODD_TRAINING_06442,other-1933.jpg,wood,,Construction and Demolition Waste,,,,,,,,,,,,,,,,,,,,,
CODD_TRAINING_06443,other-1933.jpg,wood,,Construction and Demolition Waste,,,,,,,,,,,,,,,,,,,,,
CODD_TRAINING_06444,other-1936.jpg,wood,,Construction and Demolition Waste,,,,,,,,,,,,,,,,,,,,,
CODD_TRAINING_06445,other-1938.jpg,wood,,Construction and Demolition Waste,,,,,,,,,,,,,,,,,,,,,
CODD_TRAINING_06446,other-1940.jpg,wood,,Construction and Demolition Waste,,,,,,,,,,,,,,,,,,,,,
CODD_TRAINING_06447,other-1942.jpg,wood,,Construction and Demolition Waste,,,,,,,,,,,,,,,,,,,,,
CODD_TRAINING_06448,other-1945.jpg,wood,,Construction and Demolition Waste,,,,,,,,,,,,,,,,,,,,,
CODD_TRAINING_06449,other-1946.jpg,wood,,Construction and Demolition Waste,,,,,,,,,,,,,,,,,,,,,
CODD_TRAINING_06450,other-1947.jpg,wood,,Construction and Demolition Waste,,,,,,,,,,,,,,,,,,,,,
CODD_TRAINING_06451,other-1949.jpg,wood,,Construction and Demolition Waste,,,,,,,,,,,,,,,,,,,,,
CODD_TRAINING_06452,other-1957.jpg,wood,,Construction and Demolition Waste,,,,,,,,,,,,,,,,,,,,,
CODD_TRAINING_06453,other-1959.jpg,wood,,Construction and Demolition Waste,,,,,,,,,,,,,,,,,,,,,
CODD_TRAINING_06454,other-1961.jpg,wood,,Construction and Demolition Waste,,,,,,,,,,,,,,,,,,,,,
CODD_TRAINING_06455,other-1962.jpg,wood,,Construction and Demolition Waste,,,,,,,,,,,,,,,,,,,,,
CODD_TRAINING_06456,other-1964.jpg,wood,,Construction and Demolition Waste,,,,,,,,,,,,,,,,,,,,,
CODD_TRAINING_06457,other-1973.jpg,wood,,Construction and Demolition Waste,,,,,,,,,,,,,,,,,,,,,
CODD_TRAINING_06458,other-1976.jpg,wood,,Construction and Demolition Waste,,,,,,,,,,,,,,,,,,,,,
CODD_TRAINING_06459,other-1977.jpg,wood,,Construction and Demolition Waste,,,,,,,,,,,,,,,,,,,,,
CODD_TRAINING_06460,other-1980.jpg,wood,,Construction and Demolition Waste,,,,,,,,,,,,,,,,,,,,,
CODD_TRAINING_06461,other-1981.jpg,wood,,Construction and Demolition Waste,,,,,,,,,,,,,,,,,,,,,
CODD_TRAINING_06462,other-1982.jpg,wood,,Construction and Demolition Waste,,,,,,,,,,,,,,,,,,,,,
CODD_TRAINING_06463,other-1984.jpg,wood,,Construction and Demolition Waste,,,,,,,,,,,,,,,,,,,,,
CODD_TRAINING_06464,other-1985.jpg,wood,,Construction and Demolition Waste,,,,,,,,,,,,,,,,,,,,,
CODD_TRAINING_06465,other-1987.jpg,wood,,Construction and Demolition Waste,,,,,,,,,,,,,,,,,,,,,
CODD_TRAINING_06466,other-1988.jpg,wood,,Construction and Demolition Waste,,,,,,,,,,,,,,,,,,,,,
CODD_TRAINING_06467,other-1992.jpg,wood,,Construction and Demolition Waste,,,,,,,,,,,,,,,,,,,,,
CODD_TRAINING_06468,other-1996.jpg,wood,,Construction and Demolition Waste,,,,,,,,,,,,,,,,,,,,,
CODD_TRAINING_06469,other-2001.jpg,wood,,Construction and Demolition Waste,,,,,,,,,,,,,,,,,,,,,
CODD_TRAINING_06470,other-2004.jpg,wood,,Construction and Demolition Waste,,,,,,,,,,,,,,,,,,,,,
CODD_TRAINING_06471,other-2009.jpg,wood,,Construction and Demolition Waste,,,,,,,,,,,,,,,,,,,,,
CODD_TRAINING_06472,other-2013.jpg,wood,,Construction and Demolition Waste,,,,,,,,,,,,,,,,,,,,,
CODD_TRAINING_06473,other-2015.jpg,wood,,Construction and Demolition Waste,,,,,,,,,,,,,,,,,,,,,
CODD_TRAINING_06474,other-2018.jpg,wood,,Construction and Demolition Waste,,,,,,,,,,,,,,,,,,,,,
CODD_TRAINING_06475,other-2019.jpg,wood,,Construction and Demolition Waste,,,,,,,,,,,,,,,,,,,,,
CODD_TRAINING_06476,other-2025.jpg,wood,,Construction and Demolition Waste,,,,,,,,,,,,,,,,,,,,,
CODD_TRAINING_06477,other-2027.jpg,foam,,Construction and Demolition Waste,,,,,,,,,,,,,,,,,,,,,
CODD_TRAINING_06478,other-2028.jpg,foam,,Construction and Demolition Waste,,,,,,,,,,,,,,,,,,,,,
CODD_TRAINING_06479,other-2030.jpg,foam,,Construction and Demolition Waste,,,,,,,,,,,,,,,,,,,,,
CODD_TRAINING_06480,other-2030.jpg,foam,,Construction and Demolition Waste,,,,,,,,,,,,,,,,,,,,,
CODD_TRAINING_06481,other-2032.jpg,foam,,Construction and Demolition Waste,,,,,,,,,,,,,,,,,,,,,
CODD_TRAINING_06482,other-2032.jpg,foam,,Construction and Demolition Waste,,,,,,,,,,,,,,,,,,,,,
CODD_TRAINING_06483,other-2032.jpg,foam,,Construction and Demolition Waste,,,,,,,,,,,,,,,,,,,,,
CODD_TRAINING_06484,other-2033.jpg,foam,,Construction and Demolition Waste,,,,,,,,,,,,,,,,,,,,,
CODD_TRAINING_06485,other-2033.jpg,foam,,Construction and Demolition Waste,,,,,,,,,,,,,,,,,,,,,
CODD_TRAINING_06486,other-2033.jpg,foam,,Construction and Demolition Waste,,,,,,,,,,,,,,,,,,,,,
CODD_TRAINING_06487,other-2038.jpg,foam,,Construction and Demolition Waste,,,,,,,,,,,,,,,,,,,,,
CODD_TRAINING_06488,other-2038.jpg,foam,,Construction and Demolition Waste,,,,,,,,,,,,,,,,,,,,,
CODD_TRAINING_06489,other-2040.jpg,foam,,Construction and Demolition Waste,,,,,,,,,,,,,,,,,,,,,
CODD_TRAINING_06490,other-2040.jpg,foam,,Construction and Demolition Waste,,,,,,,,,,,,,,,,,,,,,
CODD_TRAINING_06491,other-2040.jpg,foam,,Construction and Demolition Waste,,,,,,,,,,,,,,,,,,,,,
CODD_TRAINING_06492,other-2042.jpg,foam,,Construction and Demolition Waste,,,,,,,,,,,,,,,,,,,,,
CODD_TRAINING_06493,other-2042.jpg,foam,,Construction and Demolition Waste,,,,,,,,,,,,,,,,,,,,,
CODD_TRAINING_06494,other-2043.jpg,foam,,Construction and Demolition Waste,,,,,,,,,,,,,,,,,,,,,
CODD_TRAINING_06495,other-2043.jpg,foam,,Construction and Demolition Waste,,,,,,,,,,,,,,,,,,,,,
CODD_TRAINING_06496,other-2045.jpg,foam,,Construction and Demolition Waste,,,,,,,,,,,,,,,,,,,,,
CODD_TRAINING_06497,other-2045.jpg,foam,,Construction and Demolition Waste,,,,,,,,,,,,,,,,,,,,,
CODD_TRAINING_06498,other-2052.jpg,foam,,Construction and Demolition Waste,,,,,,,,,,,,,,,,,,,,,
CODD_TRAINING_06499,other-2052.jpg,foam,,Construction and Demolition Waste,,,,,,,,,,,,,,,,,,,,,
CODD_TRAINING_06500,other-2052.jpg,foam,,Construction and Demolition Waste,,,,,,,,,,,,,,,,,,,,,
CODD_TRAINING_06501,other-2052.jpg,foam,,Construction and Demolition Waste,,,,,,,,,,,,,,,,,,,,,
CODD_TRAINING_06502,other-2055.jpg,general_w,,Construction and Demolition Waste,,,,,,,,,,,,,,,,,,,,,
CODD_TRAINING_06503,other-2060.jpg,foam,,Construction and Demolition Waste,,,,,,,,,,,,,,,,,,,,,
CODD_TRAINING_06504,other-2060.jpg,foam,,Construction and Demolition Waste,,,,,,,,,,,,,,,,,,,,,
CODD_TRAINING_06505,other-2061.jpg,foam,,Construction and Demolition Waste,,,,,,,,,,,,,,,,,,,,,
CODD_TRAINING_06506,other-2062.jpg,foam,,Construction and Demolition Waste,,,,,,,,,,,,,,,,,,,,,
CODD_TRAINING_06507,other-2063.jpg,foam,,Construction and Demolition Waste,,,,,,,,,,,,,,,,,,,,,
CODD_TRAINING_06508,other-2066.jpg,general_w,,Construction and Demolition Waste,,,,,,,,,,,,,,,,,,,,,
CODD_TRAINING_06509,other-2068.jpg,general_w,,Construction and Demolition Waste,,,,,,,,,,,,,,,,,,,,,
CODD_TRAINING_06510,other-2069.jpg,general_w,,Construction and Demolition Waste,,,,,,,,,,,,,,,,,,,,,
CODD_TRAINING_06511,other-2070.jpg,general_w,,Construction and Demolition Waste,,,,,,,,,,,,,,,,,,,,,
CODD_TRAINING_06512,other-2076.jpg,general_w,,Construction and Demolition Waste,,,,,,,,,,,,,,,,,,,,,
CODD_TRAINING_06513,other-2081.jpg,general_w,,Construction and Demolition Waste,,,,,,,,,,,,,,,,,,,,,
CODD_TRAINING_06514,other-2081.jpg,general_w,,Construction and Demolition Waste,,,,,,,,,,,,,,,,,,,,,
CODD_TRAINING_06515,other-2087.jpg,plastic,,Construction and Demolition Waste,,,,,,,,,,,,,,,,,,,,,
CODD_TRAINING_06516,other-2089.jpg,plastic,,Construction and Demolition Waste,,,,,,,,,,,,,,,,,,,,,
CODD_TRAINING_06517,other-2089.jpg,plastic,,Construction and Demolition Waste,,,,,,,,,,,,,,,,,,,,,
CODD_TRAINING_06518,other-2089.jpg,plastic,,Construction and Demolition Waste,,,,,,,,,,,,,,,,,,,,,
CODD_TRAINING_06519,other-2089.jpg,plastic,,Construction and Demolition Waste,,,,,,,,,,,,,,,,,,,,,
CODD_TRAINING_06520,other-2095.jpg,general_w,,Construction and Demolition Waste,,,,,,,,,,,,,,,,,,,,,
CODD_TRAINING_06521,other-2096.jpg,general_w,,Construction and Demolition Waste,,,,,,,,,,,,,,,,,,,,,
CODD_TRAINING_06522,other-2098.jpg,general_w,,Construction and Demolition Waste,,,,,,,,,,,,,,,,,,,,,
CODD_TRAINING_06523,other-2099.jpg,general_w,,Construction and Demolition Waste,,,,,,,,,,,,,,,,,,,,,
CODD_TRAINING_06524,other-2100.jpg,general_w,,Construction and Demolition Waste,,,,,,,,,,,,,,,,,,,,,
CODD_TRAINING_06525,other-2103.jpg,general_w,,Construction and Demolition Waste,,,,,,,,,,,,,,,,,,,,,
CODD_TRAINING_06526,other-2105.jpg,general_w,,Construction and Demolition Waste,,,,,,,,,,,,,,,,,,,,,
CODD_TRAINING_06527,other-2109.jpg,general_w,,Construction and Demolition Waste,,,,,,,,,,,,,,,,,,,,,
CODD_TRAINING_06528,other-2113.jpg,general_w,,Construction and Demolition Waste,,,,,,,,,,,,,,,,,,,,,
CODD_TRAINING_06529,other-2115.jpg,general_w,,Construction and Demolition Waste,,,,,,,,,,,,,,,,,,,,,
CODD_TRAINING_06530,other-2119.jpg,general_w,,Construction and Demolition Waste,,,,,,,,,,,,,,,,,,,,,
CODD_TRAINING_06531,other-2125.jpg,general_w,,Construction and Demolition Waste,,,,,,,,,,,,,,,,,,,,,
CODD_TRAINING_06532,other-2129.jpg,general_w,,Construction and Demolition Waste,,,,,,,,,,,,,,,,,,,,,
CODD_TRAINING_06533,other-2135.jpg,general_w,,Construction and Demolition Waste,,,,,,,,,,,,,,,,,,,,,
CODD_TRAINING_06534,other-2136.jpg,general_w,,Construction and Demolition Waste,,,,,,,,,,,,,,,,,,,,,
CODD_TRAINING_06535,other-2137.jpg,general_w,,Construction and Demolition Waste,,,,,,,,,,,,,,,,,,,,,
CODD_TRAINING_06536,other-2138.jpg,general_w,,Construction and Demolition Waste,,,,,,,,,,,,,,,,,,,,,
CODD_TRAINING_06537,other-2139.jpg,general_w,,Construction and Demolition Waste,,,,,,,,,,,,,,,,,,,,,
CODD_TRAINING_06538,other-2140.jpg,general_w,,Construction and Demolition Waste,,,,,,,,,,,,,,,,,,,,,
CODD_TRAINING_06539,other-2142.jpg,plastic,,Construction and Demolition Waste,,,,,,,,,,,,,,,,,,,,,
CODD_TRAINING_06540,other-2143.jpg,general_w,,Construction and Demolition Waste,,,,,,,,,,,,,,,,,,,,,
CODD_TRAINING_06541,other-2145.jpg,plastic,,Construction and Demolition Waste,,,,,,,,,,,,,,,,,,,,,
CODD_TRAINING_06542,other-2148.jpg,general_w,,Construction and Demolition Waste,,,,,,,,,,,,,,,,,,,,,
CODD_TRAINING_06543,other-2149.jpg,general_w,,Construction and Demolition Waste,,,,,,,,,,,,,,,,,,,,,
CODD_TRAINING_06544,other-2154.jpg,foam,,Construction and Demolition Waste,,,,,,,,,,,,,,,,,,,,,
CODD_TRAINING_06545,other-2154.jpg,foam,,Construction and Demolition Waste,,,,,,,,,,,,,,,,,,,,,
CODD_TRAINING_06546,other-2155.jpg,general_w,,Construction and Demolition Waste,,,,,,,,,,,,,,,,,,,,,
CODD_TRAINING_06547,other-2161.jpg,general_w,,Construction and Demolition Waste,,,,,,,,,,,,,,,,,,,,,
CODD_TRAINING_06548,other-2162.jpg,general_w,,Construction and Demolition Waste,,,,,,,,,,,,,,,,,,,,,
CODD_TRAINING_06549,other-2166.jpg,plastic,,Construction and Demolition Waste,,,,,,,,,,,,,,,,,,,,,
CODD_TRAINING_06550,other-2168.jpg,general_w,,Construction and Demolition Waste,,,,,,,,,,,,,,,,,,,,,
CODD_TRAINING_06551,other-2170.jpg,general_w,,Construction and Demolition Waste,,,,,,,,,,,,,,,,,,,,,
CODD_TRAINING_06552,other-2174.jpg,general_w,,Construction and Demolition Waste,,,,,,,,,,,,,,,,,,,,,
CODD_TRAINING_06553,other-2180.jpg,plastic,,Construction and Demolition Waste,,,,,,,,,,,,,,,,,,,,,
CODD_TRAINING_06554,other-2188.jpg,general_w,,Construction and Demolition Waste,,,,,,,,,,,,,,,,,,,,,
CODD_TRAINING_06555,other-2189.jpg,general_w,,Construction and Demolition Waste,,,,,,,,,,,,,,,,,,,,,
CODD_TRAINING_06556,other-2192.jpg,plastic,,Construction and Demolition Waste,,,,,,,,,,,,,,,,,,,,,
CODD_TRAINING_06557,other-2193.jpg,plastic,,Construction and Demolition Waste,,,,,,,,,,,,,,,,,,,,,
CODD_TRAINING_06558,other-2195.jpg,pipes,,Construction and Demolition Waste,,,,,,,,,,,,,,,,,,,,,
CODD_TRAINING_06559,other-2197.jpg,pipes,,Construction and Demolition Waste,,,,,,,,,,,,,,,,,,,,,
CODD_TRAINING_06560,other-2199.jpg,plastic,,Construction and Demolition Waste,,,,,,,,,,,,,,,,,,,,,
CODD_TRAINING_06561,other-2200.jpg,plastic,,Construction and Demolition Waste,,,,,,,,,,,,,,,,,,,,,
CODD_TRAINING_06562,other-2204.jpg,general_w,,Construction and Demolition Waste,,,,,,,,,,,,,,,,,,,,,
CODD_TRAINING_06563,other-2207.jpg,pipes,,Construction and Demolition Waste,,,,,,,,,,,,,,,,,,,,,
CODD_TRAINING_06564,other-2212.jpg,general_w,,Construction and Demolition Waste,,,,,,,,,,,,,,,,,,,,,
CODD_TRAINING_06565,other-2214.jpg,general_w,,Construction and Demolition Waste,,,,,,,,,,,,,,,,,,,,,
CODD_TRAINING_06566,other-2219.jpg,general_w,,Construction and Demolition Waste,,,,,,,,,,,,,,,,,,,,,
CODD_TRAINING_06567,other-2227.jpg,general_w,,Construction and Demolition Waste,,,,,,,,,,,,,,,,,,,,,
CODD_TRAINING_06568,other-2230.jpg,general_w,,Construction and Demolition Waste,,,,,,,,,,,,,,,,,,,,,
CODD_TRAINING_06569,other-2231.jpg,general_w,,Construction and Demolition Waste,,,,,,,,,,,,,,,,,,,,,
CODD_TRAINING_06570,other-2232.jpg,pipes,,Construction and Demolition Waste,,,,,,,,,,,,,,,,,,,,,
CODD_TRAINING_06571,other-2233.jpg,foam,,Construction and Demolition Waste,,,,,,,,,,,,,,,,,,,,,
CODD_TRAINING_06572,other-2233.jpg,foam,,Construction and Demolition Waste,,,,,,,,,,,,,,,,,,,,,
CODD_TRAINING_06573,other-2246.jpg,plastic,,Construction and Demolition Waste,,,,,,,,,,,,,,,,,,,,,
CODD_TRAINING_06574,other-2249.jpg,plastic,,Construction and Demolition Waste,,,,,,,,,,,,,,,,,,,,,
CODD_TRAINING_06575,other-2251.jpg,plastic,,Construction and Demolition Waste,,,,,,,,,,,,,,,,,,,,,
CODD_TRAINING_06576,other-2252.jpg,plastic,,Construction and Demolition Waste,,,,,,,,,,,,,,,,,,,,,
CODD_TRAINING_06577,other-2255.jpg,plastic,,Construction and Demolition Waste,,,,,,,,,,,,,,,,,,,,,
CODD_TRAINING_06578,other-2257.jpg,plastic,,Construction and Demolition Waste,,,,,,,,,,,,,,,,,,,,,
CODD_TRAINING_06579,other-2262.jpg,plastic,,Construction and Demolition Waste,,,,,,,,,,,,,,,,,,,,,
CODD_TRAINING_06580,other-2266.jpg,plastic,,Construction and Demolition Waste,,,,,,,,,,,,,,,,,,,,,
CODD_TRAINING_06581,other-2266.jpg,plastic,,Construction and Demolition Waste,,,,,,,,,,,,,,,,,,,,,
CODD_TRAINING_06582,other-2269.jpg,plastic,,Construction and Demolition Waste,,,,,,,,,,,,,,,,,,,,,
CODD_TRAINING_06583,other-2269.jpg,plastic,,Construction and Demolition Waste,,,,,,,,,,,,,,,,,,,,,
CODD_TRAINING_06584,other-2272.jpg,plastic,,Construction and Demolition Waste,,,,,,,,,,,,,,,,,,,,,
CODD_TRAINING_06585,other-2272.jpg,plastic,,Construction and Demolition Waste,,,,,,,,,,,,,,,,,,,,,
CODD_TRAINING_06586,other-2273.jpg,plastic,,Construction and Demolition Waste,,,,,,,,,,,,,,,,,,,,,
CODD_TRAINING_06587,other-2276.jpg,plastic,,Construction and Demolition Waste,,,,,,,,,,,,,,,,,,,,,
CODD_TRAINING_06588,other-2279.jpg,plastic,,Construction and Demolition Waste,,,,,,,,,,,,,,,,,,,,,
CODD_TRAINING_06589,other-2279.jpg,plastic,,Construction and Demolition Waste,,,,,,,,,,,,,,,,,,,,,
CODD_TRAINING_06590,other-2279.jpg,plastic,,Construction and Demolition Waste,,,,,,,,,,,,,,,,,,,,,
CODD_TRAINING_06591,other-2279.jpg,plastic,,Construction and Demolition Waste,,,,,,,,,,,,,,,,,,,,,
CODD_TRAINING_06592,other-2280.jpg,plastic,,Construction and Demolition Waste,,,,,,,,,,,,,,,,,,,,,
CODD_TRAINING_06593,other-2280.jpg,plastic,,Construction and Demolition Waste,,,,,,,,,,,,,,,,,,,,,
CODD_TRAINING_06594,other-2280.jpg,plastic,,Construction and Demolition Waste,,,,,,,,,,,,,,,,,,,,,
CODD_TRAINING_06595,other-2280.jpg,plastic,,Construction and Demolition Waste,,,,,,,,,,,,,,,,,,,,,
CODD_TRAINING_06596,other-2281.jpg,plastic,,Construction and Demolition Waste,,,,,,,,,,,,,,,,,,,,,
CODD_TRAINING_06597,other-2281.jpg,plastic,,Construction and Demolition Waste,,,,,,,,,,,,,,,,,,,,,
CODD_TRAINING_06598,other-2282.jpg,plastic,,Construction and Demolition Waste,,,,,,,,,,,,,,,,,,,,,
CODD_TRAINING_06599,other-2282.jpg,plastic,,Construction and Demolition Waste,,,,,,,,,,,,,,,,,,,,,
CODD_TRAINING_06600,other-2283.jpg,plastic,,Construction and Demolition Waste,,,,,,,,,,,,,,,,,,,,,
CODD_TRAINING_06601,other-2283.jpg,plastic,,Construction and Demolition Waste,,,,,,,,,,,,,,,,,,,,,
CODD_TRAINING_06602,other-2283.jpg,plastic,,Construction and Demolition Waste,,,,,,,,,,,,,,,,,,,,,
CODD_TRAINING_06603,other-2284.jpg,plastic,,Construction and Demolition Waste,,,,,,,,,,,,,,,,,,,,,
CODD_TRAINING_06604,other-2284.jpg,plastic,,Construction and Demolition Waste,,,,,,,,,,,,,,,,,,,,,
CODD_TRAINING_06605,other-2284.jpg,plastic,,Construction and Demolition Waste,,,,,,,,,,,,,,,,,,,,,
CODD_TRAINING_06606,other-2286.jpg,plastic,,Construction and Demolition Waste,,,,,,,,,,,,,,,,,,,,,
CODD_TRAINING_06607,other-2286.jpg,plastic,,Construction and Demolition Waste,,,,,,,,,,,,,,,,,,,,,
CODD_TRAINING_06608,other-2286.jpg,plastic,,Construction and Demolition Waste,,,,,,,,,,,,,,,,,,,,,
CODD_TRAINING_06609,other-2289.jpg,plastic,,Construction and Demolition Waste,,,,,,,,,,,,,,,,,,,,,
CODD_TRAINING_06610,other-2289.jpg,plastic,,Construction and Demolition Waste,,,,,,,,,,,,,,,,,,,,,
CODD_TRAINING_06611,other-2290.jpg,plastic,,Construction and Demolition Waste,,,,,,,,,,,,,,,,,,,,,
CODD_TRAINING_06612,other-2290.jpg,plastic,,Construction and Demolition Waste,,,,,,,,,,,,,,,,,,,,,
CODD_TRAINING_06613,other-2291.jpg,plastic,,Construction and Demolition Waste,,,,,,,,,,,,,,,,,,,,,
CODD_TRAINING_06614,other-2292.jpg,plastic,,Construction and Demolition Waste,,,,,,,,,,,,,,,,,,,,,
CODD_TRAINING_06615,other-2294.jpg,plastic,,Construction and Demolition Waste,,,,,,,,,,,,,,,,,,,,,
CODD_TRAINING_06616,other-2294.jpg,plastic,,Construction and Demolition Waste,,,,,,,,,,,,,,,,,,,,,
CODD_TRAINING_06617,other-2294.jpg,plastic,,Construction and Demolition Waste,,,,,,,,,,,,,,,,,,,,,
CODD_TRAINING_06618,p-2577.jpg,gypsum_board,,Construction and Demolition Waste,,,,,,,,,,,,,,,,,,,,,
CODD_TRAINING_06619,p-2577.jpg,gypsum_board,,Construction and Demolition Waste,,,,,,,,,,,,,,,,,,,,,
CODD_TRAINING_06620,p-2577.jpg,gypsum_board,,Construction and Demolition Waste,,,,,,,,,,,,,,,,,,,,,
CODD_TRAINING_06621,p-2577.jpg,gypsum_board,,Construction and Demolition Waste,,,,,,,,,,,,,,,,,,,,,
CODD_TRAINING_06622,p-2577.jpg,gypsum_board,,Construction and Demolition Waste,,,,,,,,,,,,,,,,,,,,,
CODD_TRAINING_06623,p-2577.jpg,gypsum_board,,Construction and Demolition Waste,,,,,,,,,,,,,,,,,,,,,
CODD_TRAINING_06624,p-2577.jpg,gypsum_board,,Construction and Demolition Waste,,,,,,,,,,,,,,,,,,,,,
CODD_TRAINING_06625,p-2578.jpg,gypsum_board,,Construction and Demolition Waste,,,,,,,,,,,,,,,,,,,,,
CODD_TRAINING_06626,p-2578.jpg,gypsum_board,,Construction and Demolition Waste,,,,,,,,,,,,,,,,,,,,,
CODD_TRAINING_06627,p-2578.jpg,gypsum_board,,Construction and Demolition Waste,,,,,,,,,,,,,,,,,,,,,
CODD_TRAINING_06628,p-2578.jpg,gypsum_board,,Construction and Demolition Waste,,,,,,,,,,,,,,,,,,,,,
CODD_TRAINING_06629,p-2578.jpg,gypsum_board,,Construction and Demolition Waste,,,,,,,,,,,,,,,,,,,,,
CODD_TRAINING_06630,p-2578.jpg,gypsum_board,,Construction and Demolition Waste,,,,,,,,,,,,,,,,,,,,,
CODD_TRAINING_06631,p-2578.jpg,gypsum_board,,Construction and Demolition Waste,,,,,,,,,,,,,,,,,,,,,
CODD_TRAINING_06632,p-2579.jpg,gypsum_board,,Construction and Demolition Waste,,,,,,,,,,,,,,,,,,,,,
CODD_TRAINING_06633,p-2579.jpg,gypsum_board,,Construction and Demolition Waste,,,,,,,,,,,,,,,,,,,,,
CODD_TRAINING_06634,p-2579.jpg,gypsum_board,,Construction and Demolition Waste,,,,,,,,,,,,,,,,,,,,,
CODD_TRAINING_06635,p-2579.jpg,gypsum_board,,Construction and Demolition Waste,,,,,,,,,,,,,,,,,,,,,
CODD_TRAINING_06636,p-2579.jpg,gypsum_board,,Construction and Demolition Waste,,,,,,,,,,,,,,,,,,,,,
CODD_TRAINING_06637,p-2579.jpg,gypsum_board,,Construction and Demolition Waste,,,,,,,,,,,,,,,,,,,,,
CODD_TRAINING_06638,p-2579.jpg,gypsum_board,,Construction and Demolition Waste,,,,,,,,,,,,,,,,,,,,,
CODD_TRAINING_06639,p-2579.jpg,gypsum_board,,Construction and Demolition Waste,,,,,,,,,,,,,,,,,,,,,
CODD_TRAINING_06640,p-2579.jpg,gypsum_board,,Construction and Demolition Waste,,,,,,,,,,,,,,,,,,,,,
CODD_TRAINING_06641,p-2579.jpg,gypsum_board,,Construction and Demolition Waste,,,,,,,,,,,,,,,,,,,,,
CODD_TRAINING_06642,p-2579.jpg,gypsum_board,,Construction and Demolition Waste,,,,,,,,,,,,,,,,,,,,,
CODD_TRAINING_06643,p-2579.jpg,gypsum_board,,Construction and Demolition Waste,,,,,,,,,,,,,,,,,,,,,
CODD_TRAINING_06644,p-2580.jpg,gypsum_board,,Construction and Demolition Waste,,,,,,,,,,,,,,,,,,,,,
CODD_TRAINING_06645,p-2580.jpg,gypsum_board,,Construction and Demolition Waste,,,,,,,,,,,,,,,,,,,,,
CODD_TRAINING_06646,p-2580.jpg,gypsum_board,,Construction and Demolition Waste,,,,,,,,,,,,,,,,,,,,,
CODD_TRAINING_06647,p-2580.jpg,gypsum_board,,Construction and Demolition Waste,,,,,,,,,,,,,,,,,,,,,
CODD_TRAINING_06648,p-2580.jpg,gypsum_board,,Construction and Demolition Waste,,,,,,,,,,,,,,,,,,,,,
CODD_TRAINING_06649,p-2580.jpg,gypsum_board,,Construction and Demolition Waste,,,,,,,,,,,,,,,,,,,,,
CODD_TRAINING_06650,p-2580.jpg,gypsum_board,,Construction and Demolition Waste,,,,,,,,,,,,,,,,,,,,,
CODD_TRAINING_06651,p-2580.jpg,gypsum_board,,Construction and Demolition Waste,,,,,,,,,,,,,,,,,,,,,
CODD_TRAINING_06652,p-2580.jpg,gypsum_board,,Construction and Demolition Waste,,,,,,,,,,,,,,,,,,,,,
CODD_TRAINING_06653,p-2580.jpg,gypsum_board,,Construction and Demolition Waste,,,,,,,,,,,,,,,,,,,,,
CODD_TRAINING_06654,p-2580.jpg,gypsum_board,,Construction and Demolition Waste,,,,,,,,,,,,,,,,,,,,,
CODD_TRAINING_06655,p-2580.jpg,gypsum_board,,Construction and Demolition Waste,,,,,,,,,,,,,,,,,,,,,
CODD_TRAINING_06656,p-2581.jpg,gypsum_board,,Construction and Demolition Waste,,,,,,,,,,,,,,,,,,,,,
CODD_TRAINING_06657,p-2581.jpg,gypsum_board,,Construction and Demolition Waste,,,,,,,,,,,,,,,,,,,,,
CODD_TRAINING_06658,p-2581.jpg,gypsum_board,,Construction and Demolition Waste,,,,,,,,,,,,,,,,,,,,,
CODD_TRAINING_06659,p-2581.jpg,gypsum_board,,Construction and Demolition Waste,,,,,,,,,,,,,,,,,,,,,
CODD_TRAINING_06660,p-2581.jpg,gypsum_board,,Construction and Demolition Waste,,,,,,,,,,,,,,,,,,,,,
CODD_TRAINING_06661,p-2581.jpg,gypsum_board,,Construction and Demolition Waste,,,,,,,,,,,,,,,,,,,,,
CODD_TRAINING_06662,p-2581.jpg,gypsum_board,,Construction and Demolition Waste,,,,,,,,,,,,,,,,,,,,,
CODD_TRAINING_06663,p-2581.jpg,gypsum_board,,Construction and Demolition Waste,,,,,,,,,,,,,,,,,,,,,
CODD_TRAINING_06664,p-2581.jpg,gypsum_board,,Construction and Demolition Waste,,,,,,,,,,,,,,,,,,,,,
CODD_TRAINING_06665,p-2582.jpg,gypsum_board,,Construction and Demolition Waste,,,,,,,,,,,,,,,,,,,,,
CODD_TRAINING_06666,p-2582.jpg,gypsum_board,,Construction and Demolition Waste,,,,,,,,,,,,,,,,,,,,,
CODD_TRAINING_06667,p-2582.jpg,gypsum_board,,Construction and Demolition Waste,,,,,,,,,,,,,,,,,,,,,
CODD_TRAINING_06668,p-2582.jpg,gypsum_board,,Construction and Demolition Waste,,,,,,,,,,,,,,,,,,,,,
CODD_TRAINING_06669,p-2582.jpg,gypsum_board,,Construction and Demolition Waste,,,,,,,,,,,,,,,,,,,,,
CODD_TRAINING_06670,p-2582.jpg,gypsum_board,,Construction and Demolition Waste,,,,,,,,,,,,,,,,,,,,,
CODD_TRAINING_06671,p-2582.jpg,gypsum_board,,Construction and Demolition Waste,,,,,,,,,,,,,,,,,,,,,
CODD_TRAINING_06672,p-2582.jpg,gypsum_board,,Construction and Demolition Waste,,,,,,,,,,,,,,,,,,,,,
CODD_TRAINING_06673,p-2582.jpg,gypsum_board,,Construction and Demolition Waste,,,,,,,,,,,,,,,,,,,,,
CODD_TRAINING_06674,p-2584.jpg,gypsum_board,,Construction and Demolition Waste,,,,,,,,,,,,,,,,,,,,,
CODD_TRAINING_06675,p-2584.jpg,gypsum_board,,Construction and Demolition Waste,,,,,,,,,,,,,,,,,,,,,
CODD_TRAINING_06676,p-2584.jpg,gypsum_board,,Construction and Demolition Waste,,,,,,,,,,,,,,,,,,,,,
CODD_TRAINING_06677,p-2584.jpg,gypsum_board,,Construction and Demolition Waste,,,,,,,,,,,,,,,,,,,,,
CODD_TRAINING_06678,p-2584.jpg,gypsum_board,,Construction and Demolition Waste,,,,,,,,,,,,,,,,,,,,,
CODD_TRAINING_06679,p-2584.jpg,gypsum_board,,Construction and Demolition Waste,,,,,,,,,,,,,,,,,,,,,
CODD_TRAINING_06680,p-2584.jpg,gypsum_board,,Construction and Demolition Waste,,,,,,,,,,,,,,,,,,,,,
CODD_TRAINING_06681,p-2584.jpg,gypsum_board,,Construction and Demolition Waste,,,,,,,,,,,,,,,,,,,,,
CODD_TRAINING_06682,p-2584.jpg,gypsum_board,,Construction and Demolition Waste,,,,,,,,,,,,,,,,,,,,,
CODD_TRAINING_06683,p-2584.jpg,gypsum_board,,Construction and Demolition Waste,,,,,,,,,,,,,,,,,,,,,
CODD_TRAINING_06684,p-2586.jpg,gypsum_board,,Construction and Demolition Waste,,,,,,,,,,,,,,,,,,,,,
CODD_TRAINING_06685,p-2586.jpg,gypsum_board,,Construction and Demolition Waste,,,,,,,,,,,,,,,,,,,,,
CODD_TRAINING_06686,p-2586.jpg,gypsum_board,,Construction and Demolition Waste,,,,,,,,,,,,,,,,,,,,,
CODD_TRAINING_06687,p-2586.jpg,gypsum_board,,Construction and Demolition Waste,,,,,,,,,,,,,,,,,,,,,
CODD_TRAINING_06688,p-2586.jpg,gypsum_board,,Construction and Demolition Waste,,,,,,,,,,,,,,,,,,,,,
CODD_TRAINING_06689,p-2586.jpg,gypsum_board,,Construction and Demolition Waste,,,,,,,,,,,,,,,,,,,,,
CODD_TRAINING_06690,p-2586.jpg,gypsum_board,,Construction and Demolition Waste,,,,,,,,,,,,,,,,,,,,,
CODD_TRAINING_06691,p-2586.jpg,gypsum_board,,Construction and Demolition Waste,,,,,,,,,,,,,,,,,,,,,
CODD_TRAINING_06692,p-2586.jpg,gypsum_board,,Construction and Demolition Waste,,,,,,,,,,,,,,,,,,,,,
CODD_TRAINING_06693,p-2586.jpg,gypsum_board,,Construction and Demolition Waste,,,,,,,,,,,,,,,,,,,,,
CODD_TRAINING_06694,p-2587.jpg,gypsum_board,,Construction and Demolition Waste,,,,,,,,,,,,,,,,,,,,,
CODD_TRAINING_06695,p-2587.jpg,gypsum_board,,Construction and Demolition Waste,,,,,,,,,,,,,,,,,,,,,
CODD_TRAINING_06696,p-2587.jpg,gypsum_board,,Construction and Demolition Waste,,,,,,,,,,,,,,,,,,,,,
CODD_TRAINING_06697,p-2587.jpg,gypsum_board,,Construction and Demolition Waste,,,,,,,,,,,,,,,,,,,,,
CODD_TRAINING_06698,p-2587.jpg,gypsum_board,,Construction and Demolition Waste,,,,,,,,,,,,,,,,,,,,,
CODD_TRAINING_06699,p-2587.jpg,gypsum_board,,Construction and Demolition Waste,,,,,,,,,,,,,,,,,,,,,
CODD_TRAINING_06700,p-2587.jpg,gypsum_board,,Construction and Demolition Waste,,,,,,,,,,,,,,,,,,,,,
CODD_TRAINING_06701,p-2587.jpg,gypsum_board,,Construction and Demolition Waste,,,,,,,,,,,,,,,,,,,,,
CODD_TRAINING_06702,p-2587.jpg,gypsum_board,,Construction and Demolition Waste,,,,,,,,,,,,,,,,,,,,,
CODD_TRAINING_06703,p-2587.jpg,gypsum_board,,Construction and Demolition Waste,,,,,,,,,,,,,,,,,,,,,
CODD_TRAINING_06704,p-2588.jpg,gypsum_board,,Construction and Demolition Waste,,,,,,,,,,,,,,,,,,,,,
CODD_TRAINING_06705,p-2588.jpg,gypsum_board,,Construction and Demolition Waste,,,,,,,,,,,,,,,,,,,,,
CODD_TRAINING_06706,p-2588.jpg,gypsum_board,,Construction and Demolition Waste,,,,,,,,,,,,,,,,,,,,,
CODD_TRAINING_06707,p-2588.jpg,gypsum_board,,Construction and Demolition Waste,,,,,,,,,,,,,,,,,,,,,
CODD_TRAINING_06708,p-2588.jpg,gypsum_board,,Construction and Demolition Waste,,,,,,,,,,,,,,,,,,,,,
CODD_TRAINING_06709,p-2588.jpg,gypsum_board,,Construction and Demolition Waste,,,,,,,,,,,,,,,,,,,,,
CODD_TRAINING_06710,p-2588.jpg,gypsum_board,,Construction and Demolition Waste,,,,,,,,,,,,,,,,,,,,,
CODD_TRAINING_06711,p-2588.jpg,gypsum_board,,Construction and Demolition Waste,,,,,,,,,,,,,,,,,,,,,
CODD_TRAINING_06712,p-2588.jpg,gypsum_board,,Construction and Demolition Waste,,,,,,,,,,,,,,,,,,,,,
CODD_TRAINING_06713,p-2588.jpg,gypsum_board,,Construction and Demolition Waste,,,,,,,,,,,,,,,,,,,,,
CODD_TRAINING_06714,p-2590.jpg,gypsum_board,,Construction and Demolition Waste,,,,,,,,,,,,,,,,,,,,,
CODD_TRAINING_06715,p-2590.jpg,gypsum_board,,Construction and Demolition Waste,,,,,,,,,,,,,,,,,,,,,
CODD_TRAINING_06716,p-2590.jpg,gypsum_board,,Construction and Demolition Waste,,,,,,,,,,,,,,,,,,,,,
CODD_TRAINING_06717,p-2590.jpg,gypsum_board,,Construction and Demolition Waste,,,,,,,,,,,,,,,,,,,,,
CODD_TRAINING_06718,p-2590.jpg,gypsum_board,,Construction and Demolition Waste,,,,,,,,,,,,,,,,,,,,,
CODD_TRAINING_06719,p-2590.jpg,gypsum_board,,Construction and Demolition Waste,,,,,,,,,,,,,,,,,,,,,
CODD_TRAINING_06720,p-2590.jpg,gypsum_board,,Construction and Demolition Waste,,,,,,,,,,,,,,,,,,,,,
CODD_TRAINING_06721,p-2590.jpg,gypsum_board,,Construction and Demolition Waste,,,,,,,,,,,,,,,,,,,,,
CODD_TRAINING_06722,p-2590.jpg,gypsum_board,,Construction and Demolition Waste,,,,,,,,,,,,,,,,,,,,,
CODD_TRAINING_06723,p-2590.jpg,gypsum_board,,Construction and Demolition Waste,,,,,,,,,,,,,,,,,,,,,
CODD_TRAINING_06724,p-2590.jpg,gypsum_board,,Construction and Demolition Waste,,,,,,,,,,,,,,,,,,,,,
CODD_TRAINING_06725,p-2590.jpg,gypsum_board,,Construction and Demolition Waste,,,,,,,,,,,,,,,,,,,,,
CODD_TRAINING_06726,p-2591.jpg,gypsum_board,,Construction and Demolition Waste,,,,,,,,,,,,,,,,,,,,,
CODD_TRAINING_06727,p-2591.jpg,gypsum_board,,Construction and Demolition Waste,,,,,,,,,,,,,,,,,,,,,
CODD_TRAINING_06728,p-2591.jpg,gypsum_board,,Construction and Demolition Waste,,,,,,,,,,,,,,,,,,,,,
CODD_TRAINING_06729,p-2591.jpg,gypsum_board,,Construction and Demolition Waste,,,,,,,,,,,,,,,,,,,,,
CODD_TRAINING_06730,p-2591.jpg,gypsum_board,,Construction and Demolition Waste,,,,,,,,,,,,,,,,,,,,,
CODD_TRAINING_06731,p-2591.jpg,gypsum_board,,Construction and Demolition Waste,,,,,,,,,,,,,,,,,,,,,
CODD_TRAINING_06732,p-2591.jpg,gypsum_board,,Construction and Demolition Waste,,,,,,,,,,,,,,,,,,,,,
CODD_TRAINING_06733,p-2591.jpg,gypsum_board,,Construction and Demolition Waste,,,,,,,,,,,,,,,,,,,,,
CODD_TRAINING_06734,p-2591.jpg,gypsum_board,,Construction and Demolition Waste,,,,,,,,,,,,,,,,,,,,,
CODD_TRAINING_06735,p-2591.jpg,gypsum_board,,Construction and Demolition Waste,,,,,,,,,,,,,,,,,,,,,
CODD_TRAINING_06736,p-2591.jpg,gypsum_board,,Construction and Demolition Waste,,,,,,,,,,,,,,,,,,,,,
CODD_TRAINING_06737,p-2591.jpg,gypsum_board,,Construction and Demolition Waste,,,,,,,,,,,,,,,,,,,,,
CODD_TRAINING_06738,p-2591.jpg,gypsum_board,,Construction and Demolition Waste,,,,,,,,,,,,,,,,,,,,,
CODD_TRAINING_06739,p-2593.jpg,gypsum_board,,Construction and Demolition Waste,,,,,,,,,,,,,,,,,,,,,
CODD_TRAINING_06740,p-2593.jpg,gypsum_board,,Construction and Demolition Waste,,,,,,,,,,,,,,,,,,,,,
CODD_TRAINING_06741,p-2593.jpg,gypsum_board,,Construction and Demolition Waste,,,,,,,,,,,,,,,,,,,,,
CODD_TRAINING_06742,p-2593.jpg,gypsum_board,,Construction and Demolition Waste,,,,,,,,,,,,,,,,,,,,,
CODD_TRAINING_06743,p-2593.jpg,gypsum_board,,Construction and Demolition Waste,,,,,,,,,,,,,,,,,,,,,
CODD_TRAINING_06744,p-2593.jpg,gypsum_board,,Construction and Demolition Waste,,,,,,,,,,,,,,,,,,,,,
CODD_TRAINING_06745,p-2593.jpg,gypsum_board,,Construction and Demolition Waste,,,,,,,,,,,,,,,,,,,,,
CODD_TRAINING_06746,p-2593.jpg,gypsum_board,,Construction and Demolition Waste,,,,,,,,,,,,,,,,,,,,,
CODD_TRAINING_06747,p-2593.jpg,gypsum_board,,Construction and Demolition Waste,,,,,,,,,,,,,,,,,,,,,
CODD_TRAINING_06748,p-2593.jpg,gypsum_board,,Construction and Demolition Waste,,,,,,,,,,,,,,,,,,,,,
CODD_TRAINING_06749,p-2594.jpg,gypsum_board,,Construction and Demolition Waste,,,,,,,,,,,,,,,,,,,,,
CODD_TRAINING_06750,p-2594.jpg,gypsum_board,,Construction and Demolition Waste,,,,,,,,,,,,,,,,,,,,,
CODD_TRAINING_06751,p-2594.jpg,gypsum_board,,Construction and Demolition Waste,,,,,,,,,,,,,,,,,,,,,
CODD_TRAINING_06752,p-2594.jpg,gypsum_board,,Construction and Demolition Waste,,,,,,,,,,,,,,,,,,,,,
CODD_TRAINING_06753,p-2594.jpg,gypsum_board,,Construction and Demolition Waste,,,,,,,,,,,,,,,,,,,,,
CODD_TRAINING_06754,p-2594.jpg,gypsum_board,,Construction and Demolition Waste,,,,,,,,,,,,,,,,,,,,,
CODD_TRAINING_06755,p-2594.jpg,gypsum_board,,Construction and Demolition Waste,,,,,,,,,,,,,,,,,,,,,
CODD_TRAINING_06756,p-2594.jpg,gypsum_board,,Construction and Demolition Waste,,,,,,,,,,,,,,,,,,,,,
CODD_TRAINING_06757,p-2594.jpg,gypsum_board,,Construction and Demolition Waste,,,,,,,,,,,,,,,,,,,,,
CODD_TRAINING_06758,p-2594.jpg,gypsum_board,,Construction and Demolition Waste,,,,,,,,,,,,,,,,,,,,,
CODD_TRAINING_06759,p-2595.jpg,gypsum_board,,Construction and Demolition Waste,,,,,,,,,,,,,,,,,,,,,
CODD_TRAINING_06760,p-2595.jpg,gypsum_board,,Construction and Demolition Waste,,,,,,,,,,,,,,,,,,,,,
CODD_TRAINING_06761,p-2595.jpg,gypsum_board,,Construction and Demolition Waste,,,,,,,,,,,,,,,,,,,,,
CODD_TRAINING_06762,p-2595.jpg,gypsum_board,,Construction and Demolition Waste,,,,,,,,,,,,,,,,,,,,,
CODD_TRAINING_06763,p-2595.jpg,gypsum_board,,Construction and Demolition Waste,,,,,,,,,,,,,,,,,,,,,
CODD_TRAINING_06764,p-2595.jpg,gypsum_board,,Construction and Demolition Waste,,,,,,,,,,,,,,,,,,,,,
CODD_TRAINING_06765,p-2595.jpg,gypsum_board,,Construction and Demolition Waste,,,,,,,,,,,,,,,,,,,,,
CODD_TRAINING_06766,p-2595.jpg,gypsum_board,,Construction and Demolition Waste,,,,,,,,,,,,,,,,,,,,,
CODD_TRAINING_06767,p-2595.jpg,gypsum_board,,Construction and Demolition Waste,,,,,,,,,,,,,,,,,,,,,
CODD_TRAINING_06768,p-2598.jpg,gypsum_board,,Construction and Demolition Waste,,,,,,,,,,,,,,,,,,,,,
CODD_TRAINING_06769,p-2598.jpg,gypsum_board,,Construction and Demolition Waste,,,,,,,,,,,,,,,,,,,,,
CODD_TRAINING_06770,p-2598.jpg,gypsum_board,,Construction and Demolition Waste,,,,,,,,,,,,,,,,,,,,,
CODD_TRAINING_06771,p-2598.jpg,gypsum_board,,Construction and Demolition Waste,,,,,,,,,,,,,,,,,,,,,
CODD_TRAINING_06772,p-2598.jpg,gypsum_board,,Construction and Demolition Waste,,,,,,,,,,,,,,,,,,,,,
CODD_TRAINING_06773,p-2598.jpg,gypsum_board,,Construction and Demolition Waste,,,,,,,,,,,,,,,,,,,,,
CODD_TRAINING_06774,p-2598.jpg,gypsum_board,,Construction and Demolition Waste,,,,,,,,,,,,,,,,,,,,,
CODD_TRAINING_06775,p-2598.jpg,gypsum_board,,Construction and Demolition Waste,,,,,,,,,,,,,,,,,,,,,
CODD_TRAINING_06776,p-2598.jpg,gypsum_board,,Construction and Demolition Waste,,,,,,,,,,,,,,,,,,,,,
CODD_TRAINING_06777,p-2598.jpg,gypsum_board,,Construction and Demolition Waste,,,,,,,,,,,,,,,,,,,,,
CODD_TRAINING_06778,p-2598.jpg,gypsum_board,,Construction and Demolition Waste,,,,,,,,,,,,,,,,,,,,,
CODD_TRAINING_06779,p-2598.jpg,gypsum_board,,Construction and Demolition Waste,,,,,,,,,,,,,,,,,,,,,
CODD_TRAINING_06780,p-2600.jpg,gypsum_board,,Construction and Demolition Waste,,,,,,,,,,,,,,,,,,,,,
CODD_TRAINING_06781,p-2600.jpg,gypsum_board,,Construction and Demolition Waste,,,,,,,,,,,,,,,,,,,,,
CODD_TRAINING_06782,p-2600.jpg,gypsum_board,,Construction and Demolition Waste,,,,,,,,,,,,,,,,,,,,,
CODD_TRAINING_06783,p-2600.jpg,gypsum_board,,Construction and Demolition Waste,,,,,,,,,,,,,,,,,,,,,
CODD_TRAINING_06784,p-2600.jpg,gypsum_board,,Construction and Demolition Waste,,,,,,,,,,,,,,,,,,,,,
CODD_TRAINING_06785,p-2600.jpg,gypsum_board,,Construction and Demolition Waste,,,,,,,,,,,,,,,,,,,,,
CODD_TRAINING_06786,p-2600.jpg,gypsum_board,,Construction and Demolition Waste,,,,,,,,,,,,,,,,,,,,,
CODD_TRAINING_06787,p-2600.jpg,gypsum_board,,Construction and Demolition Waste,,,,,,,,,,,,,,,,,,,,,
CODD_TRAINING_06788,p-2601.jpg,gypsum_board,,Construction and Demolition Waste,,,,,,,,,,,,,,,,,,,,,
CODD_TRAINING_06789,p-2601.jpg,gypsum_board,,Construction and Demolition Waste,,,,,,,,,,,,,,,,,,,,,
CODD_TRAINING_06790,p-2601.jpg,gypsum_board,,Construction and Demolition Waste,,,,,,,,,,,,,,,,,,,,,
CODD_TRAINING_06791,p-2601.jpg,gypsum_board,,Construction and Demolition Waste,,,,,,,,,,,,,,,,,,,,,
CODD_TRAINING_06792,p-2601.jpg,gypsum_board,,Construction and Demolition Waste,,,,,,,,,,,,,,,,,,,,,
CODD_TRAINING_06793,p-2601.jpg,gypsum_board,,Construction and Demolition Waste,,,,,,,,,,,,,,,,,,,,,
CODD_TRAINING_06794,p-2601.jpg,gypsum_board,,Construction and Demolition Waste,,,,,,,,,,,,,,,,,,,,,
CODD_TRAINING_06795,p-2601.jpg,gypsum_board,,Construction and Demolition Waste,,,,,,,,,,,,,,,,,,,,,
CODD_TRAINING_06796,p-2601.jpg,gypsum_board,,Construction and Demolition Waste,,,,,,,,,,,,,,,,,,,,,
CODD_TRAINING_06797,p-2601.jpg,gypsum_board,,Construction and Demolition Waste,,,,,,,,,,,,,,,,,,,,,
CODD_TRAINING_06798,p-2602.jpg,gypsum_board,,Construction and Demolition Waste,,,,,,,,,,,,,,,,,,,,,
CODD_TRAINING_06799,p-2602.jpg,gypsum_board,,Construction and Demolition Waste,,,,,,,,,,,,,,,,,,,,,
CODD_TRAINING_06800,p-2602.jpg,gypsum_board,,Construction and Demolition Waste,,,,,,,,,,,,,,,,,,,,,
CODD_TRAINING_06801,p-2602.jpg,gypsum_board,,Construction and Demolition Waste,,,,,,,,,,,,,,,,,,,,,
CODD_TRAINING_06802,p-2602.jpg,gypsum_board,,Construction and Demolition Waste,,,,,,,,,,,,,,,,,,,,,
CODD_TRAINING_06803,p-2602.jpg,gypsum_board,,Construction and Demolition Waste,,,,,,,,,,,,,,,,,,,,,
CODD_TRAINING_06804,p-2602.jpg,gypsum_board,,Construction and Demolition Waste,,,,,,,,,,,,,,,,,,,,,
CODD_TRAINING_06805,p-2602.jpg,gypsum_board,,Construction and Demolition Waste,,,,,,,,,,,,,,,,,,,,,
CODD_TRAINING_06806,p-2602.jpg,gypsum_board,,Construction and Demolition Waste,,,,,,,,,,,,,,,,,,,,,
CODD_TRAINING_06807,p-2602.jpg,gypsum_board,,Construction and Demolition Waste,,,,,,,,,,,,,,,,,,,,,
CODD_TRAINING_06808,p-2603.jpg,gypsum_board,,Construction and Demolition Waste,,,,,,,,,,,,,,,,,,,,,
CODD_TRAINING_06809,p-2603.jpg,gypsum_board,,Construction and Demolition Waste,,,,,,,,,,,,,,,,,,,,,
CODD_TRAINING_06810,p-2603.jpg,gypsum_board,,Construction and Demolition Waste,,,,,,,,,,,,,,,,,,,,,
CODD_TRAINING_06811,p-2603.jpg,gypsum_board,,Construction and Demolition Waste,,,,,,,,,,,,,,,,,,,,,
CODD_TRAINING_06812,p-2603.jpg,gypsum_board,,Construction and Demolition Waste,,,,,,,,,,,,,,,,,,,,,
CODD_TRAINING_06813,p-2603.jpg,gypsum_board,,Construction and Demolition Waste,,,,,,,,,,,,,,,,,,,,,
CODD_TRAINING_06814,p-2603.jpg,gypsum_board,,Construction and Demolition Waste,,,,,,,,,,,,,,,,,,,,,
CODD_TRAINING_06815,p-2603.jpg,gypsum_board,,Construction and Demolition Waste,,,,,,,,,,,,,,,,,,,,,
CODD_TRAINING_06816,p-2603.jpg,gypsum_board,,Construction and Demolition Waste,,,,,,,,,,,,,,,,,,,,,
CODD_TRAINING_06817,p-2604.jpg,gypsum_board,,Construction and Demolition Waste,,,,,,,,,,,,,,,,,,,,,
CODD_TRAINING_06818,p-2604.jpg,gypsum_board,,Construction and Demolition Waste,,,,,,,,,,,,,,,,,,,,,
CODD_TRAINING_06819,p-2604.jpg,gypsum_board,,Construction and Demolition Waste,,,,,,,,,,,,,,,,,,,,,
CODD_TRAINING_06820,p-2604.jpg,gypsum_board,,Construction and Demolition Waste,,,,,,,,,,,,,,,,,,,,,
CODD_TRAINING_06821,p-2604.jpg,gypsum_board,,Construction and Demolition Waste,,,,,,,,,,,,,,,,,,,,,
CODD_TRAINING_06822,p-2604.jpg,gypsum_board,,Construction and Demolition Waste,,,,,,,,,,,,,,,,,,,,,
CODD_TRAINING_06823,p-2604.jpg,gypsum_board,,Construction and Demolition Waste,,,,,,,,,,,,,,,,,,,,,
CODD_TRAINING_06824,p-2604.jpg,gypsum_board,,Construction and Demolition Waste,,,,,,,,,,,,,,,,,,,,,
CODD_TRAINING_06825,p-2604.jpg,gypsum_board,,Construction and Demolition Waste,,,,,,,,,,,,,,,,,,,,,
CODD_TRAINING_06826,p-2605.jpg,gypsum_board,,Construction and Demolition Waste,,,,,,,,,,,,,,,,,,,,,
CODD_TRAINING_06827,p-2605.jpg,gypsum_board,,Construction and Demolition Waste,,,,,,,,,,,,,,,,,,,,,
CODD_TRAINING_06828,p-2605.jpg,gypsum_board,,Construction and Demolition Waste,,,,,,,,,,,,,,,,,,,,,
CODD_TRAINING_06829,p-2605.jpg,gypsum_board,,Construction and Demolition Waste,,,,,,,,,,,,,,,,,,,,,
CODD_TRAINING_06830,p-2605.jpg,gypsum_board,,Construction and Demolition Waste,,,,,,,,,,,,,,,,,,,,,
CODD_TRAINING_06831,p-2605.jpg,gypsum_board,,Construction and Demolition Waste,,,,,,,,,,,,,,,,,,,,,
CODD_TRAINING_06832,p-2605.jpg,gypsum_board,,Construction and Demolition Waste,,,,,,,,,,,,,,,,,,,,,
CODD_TRAINING_06833,p-2605.jpg,gypsum_board,,Construction and Demolition Waste,,,,,,,,,,,,,,,,,,,,,
CODD_TRAINING_06834,p-2605.jpg,gypsum_board,,Construction and Demolition Waste,,,,,,,,,,,,,,,,,,,,,
CODD_TRAINING_06835,p-2605.jpg,gypsum_board,,Construction and Demolition Waste,,,,,,,,,,,,,,,,,,,,,
CODD_TRAINING_06836,p-2605.jpg,gypsum_board,,Construction and Demolition Waste,,,,,,,,,,,,,,,,,,,,,
CODD_TRAINING_06837,p-2606.jpg,gypsum_board,,Construction and Demolition Waste,,,,,,,,,,,,,,,,,,,,,
CODD_TRAINING_06838,p-2606.jpg,gypsum_board,,Construction and Demolition Waste,,,,,,,,,,,,,,,,,,,,,
CODD_TRAINING_06839,p-2606.jpg,gypsum_board,,Construction and Demolition Waste,,,,,,,,,,,,,,,,,,,,,
CODD_TRAINING_06840,p-2606.jpg,gypsum_board,,Construction and Demolition Waste,,,,,,,,,,,,,,,,,,,,,
CODD_TRAINING_06841,p-2606.jpg,gypsum_board,,Construction and Demolition Waste,,,,,,,,,,,,,,,,,,,,,
CODD_TRAINING_06842,p-2606.jpg,gypsum_board,,Construction and Demolition Waste,,,,,,,,,,,,,,,,,,,,,
CODD_TRAINING_06843,p-2606.jpg,gypsum_board,,Construction and Demolition Waste,,,,,,,,,,,,,,,,,,,,,
CODD_TRAINING_06844,p-2606.jpg,gypsum_board,,Construction and Demolition Waste,,,,,,,,,,,,,,,,,,,,,
CODD_TRAINING_06845,p-2606.jpg,gypsum_board,,Construction and Demolition Waste,,,,,,,,,,,,,,,,,,,,,
CODD_TRAINING_06846,p-2606.jpg,gypsum_board,,Construction and Demolition Waste,,,,,,,,,,,,,,,,,,,,,
CODD_TRAINING_06847,p-2606.jpg,gypsum_board,,Construction and Demolition Waste,,,,,,,,,,,,,,,,,,,,,
CODD_TRAINING_06848,p-2607.jpg,gypsum_board,,Construction and Demolition Waste,,,,,,,,,,,,,,,,,,,,,
CODD_TRAINING_06849,p-2607.jpg,gypsum_board,,Construction and Demolition Waste,,,,,,,,,,,,,,,,,,,,,
CODD_TRAINING_06850,p-2607.jpg,gypsum_board,,Construction and Demolition Waste,,,,,,,,,,,,,,,,,,,,,
CODD_TRAINING_06851,p-2607.jpg,gypsum_board,,Construction and Demolition Waste,,,,,,,,,,,,,,,,,,,,,
CODD_TRAINING_06852,p-2607.jpg,gypsum_board,,Construction and Demolition Waste,,,,,,,,,,,,,,,,,,,,,
CODD_TRAINING_06853,p-2608.jpg,gypsum_board,,Construction and Demolition Waste,,,,,,,,,,,,,,,,,,,,,
CODD_TRAINING_06854,p-2608.jpg,gypsum_board,,Construction and Demolition Waste,,,,,,,,,,,,,,,,,,,,,
CODD_TRAINING_06855,p-2608.jpg,gypsum_board,,Construction and Demolition Waste,,,,,,,,,,,,,,,,,,,,,
CODD_TRAINING_06856,p-2608.jpg,gypsum_board,,Construction and Demolition Waste,,,,,,,,,,,,,,,,,,,,,
CODD_TRAINING_06857,p-2608.jpg,gypsum_board,,Construction and Demolition Waste,,,,,,,,,,,,,,,,,,,,,
CODD_TRAINING_06858,p-2609.jpg,gypsum_board,,Construction and Demolition Waste,,,,,,,,,,,,,,,,,,,,,
CODD_TRAINING_06859,p-2609.jpg,gypsum_board,,Construction and Demolition Waste,,,,,,,,,,,,,,,,,,,,,
CODD_TRAINING_06860,p-2609.jpg,gypsum_board,,Construction and Demolition Waste,,,,,,,,,,,,,,,,,,,,,
CODD_TRAINING_06861,p-2609.jpg,gypsum_board,,Construction and Demolition Waste,,,,,,,,,,,,,,,,,,,,,
CODD_TRAINING_06862,p-2609.jpg,gypsum_board,,Construction and Demolition Waste,,,,,,,,,,,,,,,,,,,,,
CODD_TRAINING_06863,p-2609.jpg,gypsum_board,,Construction and Demolition Waste,,,,,,,,,,,,,,,,,,,,,
CODD_TRAINING_06864,p-2610.jpg,gypsum_board,,Construction and Demolition Waste,,,,,,,,,,,,,,,,,,,,,
CODD_TRAINING_06865,p-2610.jpg,gypsum_board,,Construction and Demolition Waste,,,,,,,,,,,,,,,,,,,,,
CODD_TRAINING_06866,p-2610.jpg,gypsum_board,,Construction and Demolition Waste,,,,,,,,,,,,,,,,,,,,,
CODD_TRAINING_06867,p-2610.jpg,gypsum_board,,Construction and Demolition Waste,,,,,,,,,,,,,,,,,,,,,
CODD_TRAINING_06868,p-2610.jpg,gypsum_board,,Construction and Demolition Waste,,,,,,,,,,,,,,,,,,,,,
CODD_TRAINING_06869,p-2610.jpg,gypsum_board,,Construction and Demolition Waste,,,,,,,,,,,,,,,,,,,,,
CODD_TRAINING_06870,p-2613.jpg,gypsum_board,,Construction and Demolition Waste,,,,,,,,,,,,,,,,,,,,,
CODD_TRAINING_06871,p-2613.jpg,gypsum_board,,Construction and Demolition Waste,,,,,,,,,,,,,,,,,,,,,
CODD_TRAINING_06872,p-2613.jpg,gypsum_board,,Construction and Demolition Waste,,,,,,,,,,,,,,,,,,,,,
CODD_TRAINING_06873,p-2613.jpg,gypsum_board,,Construction and Demolition Waste,,,,,,,,,,,,,,,,,,,,,
CODD_TRAINING_06874,p-2613.jpg,gypsum_board,,Construction and Demolition Waste,,,,,,,,,,,,,,,,,,,,,
CODD_TRAINING_06875,p-2613.jpg,gypsum_board,,Construction and Demolition Waste,,,,,,,,,,,,,,,,,,,,,
CODD_TRAINING_06876,p-2613.jpg,gypsum_board,,Construction and Demolition Waste,,,,,,,,,,,,,,,,,,,,,
CODD_TRAINING_06877,p-2613.jpg,gypsum_board,,Construction and Demolition Waste,,,,,,,,,,,,,,,,,,,,,
CODD_TRAINING_06878,p-2613.jpg,gypsum_board,,Construction and Demolition Waste,,,,,,,,,,,,,,,,,,,,,
CODD_TRAINING_06879,p-2615.jpg,gypsum_board,,Construction and Demolition Waste,,,,,,,,,,,,,,,,,,,,,
CODD_TRAINING_06880,p-2615.jpg,gypsum_board,,Construction and Demolition Waste,,,,,,,,,,,,,,,,,,,,,
CODD_TRAINING_06881,p-2615.jpg,gypsum_board,,Construction and Demolition Waste,,,,,,,,,,,,,,,,,,,,,
CODD_TRAINING_06882,p-2615.jpg,gypsum_board,,Construction and Demolition Waste,,,,,,,,,,,,,,,,,,,,,
CODD_TRAINING_06883,p-2615.jpg,gypsum_board,,Construction and Demolition Waste,,,,,,,,,,,,,,,,,,,,,
CODD_TRAINING_06884,p-2615.jpg,gypsum_board,,Construction and Demolition Waste,,,,,,,,,,,,,,,,,,,,,
CODD_TRAINING_06885,p-2615.jpg,gypsum_board,,Construction and Demolition Waste,,,,,,,,,,,,,,,,,,,,,
CODD_TRAINING_06886,p-2615.jpg,gypsum_board,,Construction and Demolition Waste,,,,,,,,,,,,,,,,,,,,,
CODD_TRAINING_06887,p-2615.jpg,gypsum_board,,Construction and Demolition Waste,,,,,,,,,,,,,,,,,,,,,
CODD_TRAINING_06888,p-2618.jpg,gypsum_board,,Construction and Demolition Waste,,,,,,,,,,,,,,,,,,,,,
CODD_TRAINING_06889,p-2618.jpg,gypsum_board,,Construction and Demolition Waste,,,,,,,,,,,,,,,,,,,,,
CODD_TRAINING_06890,p-2618.jpg,gypsum_board,,Construction and Demolition Waste,,,,,,,,,,,,,,,,,,,,,
CODD_TRAINING_06891,p-2618.jpg,gypsum_board,,Construction and Demolition Waste,,,,,,,,,,,,,,,,,,,,,
CODD_TRAINING_06892,p-2618.jpg,gypsum_board,,Construction and Demolition Waste,,,,,,,,,,,,,,,,,,,,,
CODD_TRAINING_06893,p-2618.jpg,gypsum_board,,Construction and Demolition Waste,,,,,,,,,,,,,,,,,,,,,
CODD_TRAINING_06894,p-2618.jpg,gypsum_board,,Construction and Demolition Waste,,,,,,,,,,,,,,,,,,,,,
CODD_TRAINING_06895,p-2618.jpg,gypsum_board,,Construction and Demolition Waste,,,,,,,,,,,,,,,,,,,,,
CODD_TRAINING_06896,p-2618.jpg,gypsum_board,,Construction and Demolition Waste,,,,,,,,,,,,,,,,,,,,,
CODD_TRAINING_06897,p-2619.jpg,gypsum_board,,Construction and Demolition Waste,,,,,,,,,,,,,,,,,,,,,
CODD_TRAINING_06898,p-2619.jpg,gypsum_board,,Construction and Demolition Waste,,,,,,,,,,,,,,,,,,,,,
CODD_TRAINING_06899,p-2619.jpg,gypsum_board,,Construction and Demolition Waste,,,,,,,,,,,,,,,,,,,,,
CODD_TRAINING_06900,p-2619.jpg,gypsum_board,,Construction and Demolition Waste,,,,,,,,,,,,,,,,,,,,,
CODD_TRAINING_06901,p-2619.jpg,gypsum_board,,Construction and Demolition Waste,,,,,,,,,,,,,,,,,,,,,
CODD_TRAINING_06902,p-2619.jpg,gypsum_board,,Construction and Demolition Waste,,,,,,,,,,,,,,,,,,,,,
CODD_TRAINING_06903,p-2619.jpg,gypsum_board,,Construction and Demolition Waste,,,,,,,,,,,,,,,,,,,,,
CODD_TRAINING_06904,p-2619.jpg,gypsum_board,,Construction and Demolition Waste,,,,,,,,,,,,,,,,,,,,,
CODD_TRAINING_06905,p-2619.jpg,gypsum_board,,Construction and Demolition Waste,,,,,,,,,,,,,,,,,,,,,
CODD_TRAINING_06906,p-2620.jpg,gypsum_board,,Construction and Demolition Waste,,,,,,,,,,,,,,,,,,,,,
CODD_TRAINING_06907,p-2620.jpg,gypsum_board,,Construction and Demolition Waste,,,,,,,,,,,,,,,,,,,,,
CODD_TRAINING_06908,p-2620.jpg,gypsum_board,,Construction and Demolition Waste,,,,,,,,,,,,,,,,,,,,,
CODD_TRAINING_06909,p-2620.jpg,gypsum_board,,Construction and Demolition Waste,,,,,,,,,,,,,,,,,,,,,
CODD_TRAINING_06910,p-2620.jpg,gypsum_board,,Construction and Demolition Waste,,,,,,,,,,,,,,,,,,,,,
CODD_TRAINING_06911,p-2620.jpg,gypsum_board,,Construction and Demolition Waste,,,,,,,,,,,,,,,,,,,,,
CODD_TRAINING_06912,p-2620.jpg,gypsum_board,,Construction and Demolition Waste,,,,,,,,,,,,,,,,,,,,,
CODD_TRAINING_06913,p-2620.jpg,gypsum_board,,Construction and Demolition Waste,,,,,,,,,,,,,,,,,,,,,
CODD_TRAINING_06914,p-2620.jpg,gypsum_board,,Construction and Demolition Waste,,,,,,,,,,,,,,,,,,,,,
CODD_TRAINING_06915,p-2622.jpg,gypsum_board,,Construction and Demolition Waste,,,,,,,,,,,,,,,,,,,,,
CODD_TRAINING_06916,p-2622.jpg,gypsum_board,,Construction and Demolition Waste,,,,,,,,,,,,,,,,,,,,,
CODD_TRAINING_06917,p-2622.jpg,gypsum_board,,Construction and Demolition Waste,,,,,,,,,,,,,,,,,,,,,
CODD_TRAINING_06918,p-2622.jpg,gypsum_board,,Construction and Demolition Waste,,,,,,,,,,,,,,,,,,,,,
CODD_TRAINING_06919,p-2622.jpg,gypsum_board,,Construction and Demolition Waste,,,,,,,,,,,,,,,,,,,,,
CODD_TRAINING_06920,p-2622.jpg,gypsum_board,,Construction and Demolition Waste,,,,,,,,,,,,,,,,,,,,,
CODD_TRAINING_06921,p-2622.jpg,gypsum_board,,Construction and Demolition Waste,,,,,,,,,,,,,,,,,,,,,
CODD_TRAINING_06922,p-2622.jpg,gypsum_board,,Construction and Demolition Waste,,,,,,,,,,,,,,,,,,,,,
CODD_TRAINING_06923,p-2622.jpg,gypsum_board,,Construction and Demolition Waste,,,,,,,,,,,,,,,,,,,,,
CODD_TRAINING_06924,p-2622.jpg,gypsum_board,,Construction and Demolition Waste,,,,,,,,,,,,,,,,,,,,,
CODD_TRAINING_06925,p-2623.jpg,gypsum_board,,Construction and Demolition Waste,,,,,,,,,,,,,,,,,,,,,
CODD_TRAINING_06926,p-2623.jpg,gypsum_board,,Construction and Demolition Waste,,,,,,,,,,,,,,,,,,,,,
CODD_TRAINING_06927,p-2623.jpg,gypsum_board,,Construction and Demolition Waste,,,,,,,,,,,,,,,,,,,,,
CODD_TRAINING_06928,p-2623.jpg,gypsum_board,,Construction and Demolition Waste,,,,,,,,,,,,,,,,,,,,,
CODD_TRAINING_06929,p-2623.jpg,gypsum_board,,Construction and Demolition Waste,,,,,,,,,,,,,,,,,,,,,
CODD_TRAINING_06930,p-2623.jpg,gypsum_board,,Construction and Demolition Waste,,,,,,,,,,,,,,,,,,,,,
CODD_TRAINING_06931,p-2623.jpg,gypsum_board,,Construction and Demolition Waste,,,,,,,,,,,,,,,,,,,,,
CODD_TRAINING_06932,p-2623.jpg,gypsum_board,,Construction and Demolition Waste,,,,,,,,,,,,,,,,,,,,,
CODD_TRAINING_06933,p-2623.jpg,gypsum_board,,Construction and Demolition Waste,,,,,,,,,,,,,,,,,,,,,
CODD_TRAINING_06934,p-2623.jpg,gypsum_board,,Construction and Demolition Waste,,,,,,,,,,,,,,,,,,,,,
CODD_TRAINING_06935,p-2624.jpg,gypsum_board,,Construction and Demolition Waste,,,,,,,,,,,,,,,,,,,,,
CODD_TRAINING_06936,p-2624.jpg,gypsum_board,,Construction and Demolition Waste,,,,,,,,,,,,,,,,,,,,,
CODD_TRAINING_06937,p-2624.jpg,gypsum_board,,Construction and Demolition Waste,,,,,,,,,,,,,,,,,,,,,
CODD_TRAINING_06938,p-2624.jpg,gypsum_board,,Construction and Demolition Waste,,,,,,,,,,,,,,,,,,,,,
CODD_TRAINING_06939,p-2624.jpg,gypsum_board,,Construction and Demolition Waste,,,,,,,,,,,,,,,,,,,,,
CODD_TRAINING_06940,p-2624.jpg,gypsum_board,,Construction and Demolition Waste,,,,,,,,,,,,,,,,,,,,,
CODD_TRAINING_06941,p-2624.jpg,gypsum_board,,Construction and Demolition Waste,,,,,,,,,,,,,,,,,,,,,
CODD_TRAINING_06942,p-2624.jpg,gypsum_board,,Construction and Demolition Waste,,,,,,,,,,,,,,,,,,,,,
CODD_TRAINING_06943,p-2624.jpg,gypsum_board,,Construction and Demolition Waste,,,,,,,,,,,,,,,,,,,,,
CODD_TRAINING_06944,p-2624.jpg,gypsum_board,,Construction and Demolition Waste,,,,,,,,,,,,,,,,,,,,,
CODD_TRAINING_06945,p-2625.jpg,gypsum_board,,Construction and Demolition Waste,,,,,,,,,,,,,,,,,,,,,
CODD_TRAINING_06946,p-2625.jpg,gypsum_board,,Construction and Demolition Waste,,,,,,,,,,,,,,,,,,,,,
CODD_TRAINING_06947,p-2625.jpg,gypsum_board,,Construction and Demolition Waste,,,,,,,,,,,,,,,,,,,,,
CODD_TRAINING_06948,p-2625.jpg,gypsum_board,,Construction and Demolition Waste,,,,,,,,,,,,,,,,,,,,,
CODD_TRAINING_06949,p-2625.jpg,gypsum_board,,Construction and Demolition Waste,,,,,,,,,,,,,,,,,,,,,
CODD_TRAINING_06950,p-2625.jpg,gypsum_board,,Construction and Demolition Waste,,,,,,,,,,,,,,,,,,,,,
CODD_TRAINING_06951,p-2625.jpg,gypsum_board,,Construction and Demolition Waste,,,,,,,,,,,,,,,,,,,,,
CODD_TRAINING_06952,p-2625.jpg,gypsum_board,,Construction and Demolition Waste,,,,,,,,,,,,,,,,,,,,,
CODD_TRAINING_06953,p-2625.jpg,gypsum_board,,Construction and Demolition Waste,,,,,,,,,,,,,,,,,,,,,
CODD_TRAINING_06954,p-2628.jpg,gypsum_board,,Construction and Demolition Waste,,,,,,,,,,,,,,,,,,,,,
CODD_TRAINING_06955,p-2628.jpg,gypsum_board,,Construction and Demolition Waste,,,,,,,,,,,,,,,,,,,,,
CODD_TRAINING_06956,p-2628.jpg,gypsum_board,,Construction and Demolition Waste,,,,,,,,,,,,,,,,,,,,,
CODD_TRAINING_06957,p-2628.jpg,gypsum_board,,Construction and Demolition Waste,,,,,,,,,,,,,,,,,,,,,
CODD_TRAINING_06958,p-2628.jpg,gypsum_board,,Construction and Demolition Waste,,,,,,,,,,,,,,,,,,,,,
CODD_TRAINING_06959,p-2628.jpg,gypsum_board,,Construction and Demolition Waste,,,,,,,,,,,,,,,,,,,,,
CODD_TRAINING_06960,p-2628.jpg,gypsum_board,,Construction and Demolition Waste,,,,,,,,,,,,,,,,,,,,,
CODD_TRAINING_06961,p-2628.jpg,gypsum_board,,Construction and Demolition Waste,,,,,,,,,,,,,,,,,,,,,
CODD_TRAINING_06962,p-2628.jpg,gypsum_board,,Construction and Demolition Waste,,,,,,,,,,,,,,,,,,,,,
CODD_TRAINING_06963,p-2629.jpg,gypsum_board,,Construction and Demolition Waste,,,,,,,,,,,,,,,,,,,,,
CODD_TRAINING_06964,p-2629.jpg,gypsum_board,,Construction and Demolition Waste,,,,,,,,,,,,,,,,,,,,,
CODD_TRAINING_06965,p-2629.jpg,gypsum_board,,Construction and Demolition Waste,,,,,,,,,,,,,,,,,,,,,
CODD_TRAINING_06966,p-2629.jpg,gypsum_board,,Construction and Demolition Waste,,,,,,,,,,,,,,,,,,,,,
CODD_TRAINING_06967,p-2629.jpg,gypsum_board,,Construction and Demolition Waste,,,,,,,,,,,,,,,,,,,,,
CODD_TRAINING_06968,p-2629.jpg,gypsum_board,,Construction and Demolition Waste,,,,,,,,,,,,,,,,,,,,,
CODD_TRAINING_06969,p-2629.jpg,gypsum_board,,Construction and Demolition Waste,,,,,,,,,,,,,,,,,,,,,
CODD_TRAINING_06970,p-2629.jpg,gypsum_board,,Construction and Demolition Waste,,,,,,,,,,,,,,,,,,,,,
CODD_TRAINING_06971,p-2629.jpg,gypsum_board,,Construction and Demolition Waste,,,,,,,,,,,,,,,,,,,,,
CODD_TRAINING_06972,p-2629.jpg,gypsum_board,,Construction and Demolition Waste,,,,,,,,,,,,,,,,,,,,,
CODD_TRAINING_06973,p-2629.jpg,gypsum_board,,Construction and Demolition Waste,,,,,,,,,,,,,,,,,,,,,
CODD_TRAINING_06974,p-2632.jpg,gypsum_board,,Construction and Demolition Waste,,,,,,,,,,,,,,,,,,,,,
CODD_TRAINING_06975,p-2632.jpg,gypsum_board,,Construction and Demolition Waste,,,,,,,,,,,,,,,,,,,,,
CODD_TRAINING_06976,p-2632.jpg,gypsum_board,,Construction and Demolition Waste,,,,,,,,,,,,,,,,,,,,,
CODD_TRAINING_06977,p-2632.jpg,gypsum_board,,Construction and Demolition Waste,,,,,,,,,,,,,,,,,,,,,
CODD_TRAINING_06978,p-2632.jpg,gypsum_board,,Construction and Demolition Waste,,,,,,,,,,,,,,,,,,,,,
CODD_TRAINING_06979,p-2632.jpg,gypsum_board,,Construction and Demolition Waste,,,,,,,,,,,,,,,,,,,,,
CODD_TRAINING_06980,p-2632.jpg,gypsum_board,,Construction and Demolition Waste,,,,,,,,,,,,,,,,,,,,,
CODD_TRAINING_06981,p-2632.jpg,gypsum_board,,Construction and Demolition Waste,,,,,,,,,,,,,,,,,,,,,
CODD_TRAINING_06982,p-2632.jpg,gypsum_board,,Construction and Demolition Waste,,,,,,,,,,,,,,,,,,,,,
CODD_TRAINING_06983,p-2636.jpg,gypsum_board,,Construction and Demolition Waste,,,,,,,,,,,,,,,,,,,,,
CODD_TRAINING_06984,p-2636.jpg,gypsum_board,,Construction and Demolition Waste,,,,,,,,,,,,,,,,,,,,,
CODD_TRAINING_06985,p-2636.jpg,gypsum_board,,Construction and Demolition Waste,,,,,,,,,,,,,,,,,,,,,
CODD_TRAINING_06986,p-2636.jpg,gypsum_board,,Construction and Demolition Waste,,,,,,,,,,,,,,,,,,,,,
CODD_TRAINING_06987,p-2636.jpg,gypsum_board,,Construction and Demolition Waste,,,,,,,,,,,,,,,,,,,,,
CODD_TRAINING_06988,p-2636.jpg,gypsum_board,,Construction and Demolition Waste,,,,,,,,,,,,,,,,,,,,,
CODD_TRAINING_06989,p-2636.jpg,gypsum_board,,Construction and Demolition Waste,,,,,,,,,,,,,,,,,,,,,
CODD_TRAINING_06990,p-2636.jpg,gypsum_board,,Construction and Demolition Waste,,,,,,,,,,,,,,,,,,,,,
CODD_TRAINING_06991,p-2636.jpg,gypsum_board,,Construction and Demolition Waste,,,,,,,,,,,,,,,,,,,,,
CODD_TRAINING_06992,p-2637.jpg,gypsum_board,,Construction and Demolition Waste,,,,,,,,,,,,,,,,,,,,,
CODD_TRAINING_06993,p-2637.jpg,gypsum_board,,Construction and Demolition Waste,,,,,,,,,,,,,,,,,,,,,
CODD_TRAINING_06994,p-2637.jpg,gypsum_board,,Construction and Demolition Waste,,,,,,,,,,,,,,,,,,,,,
CODD_TRAINING_06995,p-2637.jpg,gypsum_board,,Construction and Demolition Waste,,,,,,,,,,,,,,,,,,,,,
CODD_TRAINING_06996,p-2637.jpg,gypsum_board,,Construction and Demolition Waste,,,,,,,,,,,,,,,,,,,,,
CODD_TRAINING_06997,p-2637.jpg,gypsum_board,,Construction and Demolition Waste,,,,,,,,,,,,,,,,,,,,,
CODD_TRAINING_06998,p-2637.jpg,gypsum_board,,Construction and Demolition Waste,,,,,,,,,,,,,,,,,,,,,
CODD_TRAINING_06999,p-2637.jpg,gypsum_board,,Construction and Demolition Waste,,,,,,,,,,,,,,,,,,,,,
CODD_TRAINING_07000,p-2637.jpg,gypsum_board,,Construction and Demolition Waste,,,,,,,,,,,,,,,,,,,,,
CODD_TRAINING_07001,p-2640.jpg,gypsum_board,,Construction and Demolition Waste,,,,,,,,,,,,,,,,,,,,,
CODD_TRAINING_07002,p-2640.jpg,gypsum_board,,Construction and Demolition Waste,,,,,,,,,,,,,,,,,,,,,
CODD_TRAINING_07003,p-2640.jpg,gypsum_board,,Construction and Demolition Waste,,,,,,,,,,,,,,,,,,,,,
CODD_TRAINING_07004,p-2640.jpg,gypsum_board,,Construction and Demolition Waste,,,,,,,,,,,,,,,,,,,,,
CODD_TRAINING_07005,p-2640.jpg,gypsum_board,,Construction and Demolition Waste,,,,,,,,,,,,,,,,,,,,,
CODD_TRAINING_07006,p-2640.jpg,gypsum_board,,Construction and Demolition Waste,,,,,,,,,,,,,,,,,,,,,
CODD_TRAINING_07007,p-2641.jpg,gypsum_board,,Construction and Demolition Waste,,,,,,,,,,,,,,,,,,,,,
CODD_TRAINING_07008,p-2641.jpg,gypsum_board,,Construction and Demolition Waste,,,,,,,,,,,,,,,,,,,,,
CODD_TRAINING_07009,p-2641.jpg,gypsum_board,,Construction and Demolition Waste,,,,,,,,,,,,,,,,,,,,,
CODD_TRAINING_07010,p-2641.jpg,gypsum_board,,Construction and Demolition Waste,,,,,,,,,,,,,,,,,,,,,
CODD_TRAINING_07011,p-2641.jpg,gypsum_board,,Construction and Demolition Waste,,,,,,,,,,,,,,,,,,,,,
CODD_TRAINING_07012,p-2641.jpg,gypsum_board,,Construction and Demolition Waste,,,,,,,,,,,,,,,,,,,,,
CODD_TRAINING_07013,p-2641.jpg,gypsum_board,,Construction and Demolition Waste,,,,,,,,,,,,,,,,,,,,,
CODD_TRAINING_07014,p-2641.jpg,gypsum_board,,Construction and Demolition Waste,,,,,,,,,,,,,,,,,,,,,
CODD_TRAINING_07015,p-2641.jpg,gypsum_board,,Construction and Demolition Waste,,,,,,,,,,,,,,,,,,,,,
CODD_TRAINING_07016,p-2642.jpg,gypsum_board,,Construction and Demolition Waste,,,,,,,,,,,,,,,,,,,,,
CODD_TRAINING_07017,p-2642.jpg,gypsum_board,,Construction and Demolition Waste,,,,,,,,,,,,,,,,,,,,,
CODD_TRAINING_07018,p-2642.jpg,gypsum_board,,Construction and Demolition Waste,,,,,,,,,,,,,,,,,,,,,
CODD_TRAINING_07019,p-2642.jpg,gypsum_board,,Construction and Demolition Waste,,,,,,,,,,,,,,,,,,,,,
CODD_TRAINING_07020,p-2642.jpg,gypsum_board,,Construction and Demolition Waste,,,,,,,,,,,,,,,,,,,,,
CODD_TRAINING_07021,p-2642.jpg,gypsum_board,,Construction and Demolition Waste,,,,,,,,,,,,,,,,,,,,,
CODD_TRAINING_07022,p-2642.jpg,gypsum_board,,Construction and Demolition Waste,,,,,,,,,,,,,,,,,,,,,
CODD_TRAINING_07023,p-2642.jpg,gypsum_board,,Construction and Demolition Waste,,,,,,,,,,,,,,,,,,,,,
CODD_TRAINING_07024,p-2642.jpg,gypsum_board,,Construction and Demolition Waste,,,,,,,,,,,,,,,,,,,,,
CODD_TRAINING_07025,p-2644.jpg,gypsum_board,,Construction and Demolition Waste,,,,,,,,,,,,,,,,,,,,,
CODD_TRAINING_07026,p-2644.jpg,gypsum_board,,Construction and Demolition Waste,,,,,,,,,,,,,,,,,,,,,
CODD_TRAINING_07027,p-2644.jpg,gypsum_board,,Construction and Demolition Waste,,,,,,,,,,,,,,,,,,,,,
CODD_TRAINING_07028,p-2644.jpg,gypsum_board,,Construction and Demolition Waste,,,,,,,,,,,,,,,,,,,,,
CODD_TRAINING_07029,p-2644.jpg,gypsum_board,,Construction and Demolition Waste,,,,,,,,,,,,,,,,,,,,,
CODD_TRAINING_07030,p-2644.jpg,gypsum_board,,Construction and Demolition Waste,,,,,,,,,,,,,,,,,,,,,
CODD_TRAINING_07031,p-2644.jpg,gypsum_board,,Construction and Demolition Waste,,,,,,,,,,,,,,,,,,,,,
CODD_TRAINING_07032,p-2644.jpg,gypsum_board,,Construction and Demolition Waste,,,,,,,,,,,,,,,,,,,,,
CODD_TRAINING_07033,p-2647.jpg,gypsum_board,,Construction and Demolition Waste,,,,,,,,,,,,,,,,,,,,,
CODD_TRAINING_07034,p-2647.jpg,gypsum_board,,Construction and Demolition Waste,,,,,,,,,,,,,,,,,,,,,
CODD_TRAINING_07035,p-2647.jpg,gypsum_board,,Construction and Demolition Waste,,,,,,,,,,,,,,,,,,,,,
CODD_TRAINING_07036,p-2647.jpg,gypsum_board,,Construction and Demolition Waste,,,,,,,,,,,,,,,,,,,,,
CODD_TRAINING_07037,p-2647.jpg,gypsum_board,,Construction and Demolition Waste,,,,,,,,,,,,,,,,,,,,,
CODD_TRAINING_07038,p-2647.jpg,gypsum_board,,Construction and Demolition Waste,,,,,,,,,,,,,,,,,,,,,
CODD_TRAINING_07039,p-2647.jpg,gypsum_board,,Construction and Demolition Waste,,,,,,,,,,,,,,,,,,,,,
CODD_TRAINING_07040,p-2647.jpg,gypsum_board,,Construction and Demolition Waste,,,,,,,,,,,,,,,,,,,,,
CODD_TRAINING_07041,p-2647.jpg,gypsum_board,,Construction and Demolition Waste,,,,,,,,,,,,,,,,,,,,,
CODD_TRAINING_07042,p-2647.jpg,gypsum_board,,Construction and Demolition Waste,,,,,,,,,,,,,,,,,,,,,
CODD_TRAINING_07043,p-2647.jpg,gypsum_board,,Construction and Demolition Waste,,,,,,,,,,,,,,,,,,,,,
CODD_TRAINING_07044,p-2647.jpg,gypsum_board,,Construction and Demolition Waste,,,,,,,,,,,,,,,,,,,,,
CODD_TRAINING_07045,p-2648.jpg,gypsum_board,,Construction and Demolition Waste,,,,,,,,,,,,,,,,,,,,,
CODD_TRAINING_07046,p-2648.jpg,gypsum_board,,Construction and Demolition Waste,,,,,,,,,,,,,,,,,,,,,
CODD_TRAINING_07047,p-2648.jpg,gypsum_board,,Construction and Demolition Waste,,,,,,,,,,,,,,,,,,,,,
CODD_TRAINING_07048,p-2648.jpg,gypsum_board,,Construction and Demolition Waste,,,,,,,,,,,,,,,,,,,,,
CODD_TRAINING_07049,p-2648.jpg,gypsum_board,,Construction and Demolition Waste,,,,,,,,,,,,,,,,,,,,,
CODD_TRAINING_07050,p-2648.jpg,gypsum_board,,Construction and Demolition Waste,,,,,,,,,,,,,,,,,,,,,
CODD_TRAINING_07051,p-2648.jpg,gypsum_board,,Construction and Demolition Waste,,,,,,,,,,,,,,,,,,,,,
CODD_TRAINING_07052,p-2648.jpg,gypsum_board,,Construction and Demolition Waste,,,,,,,,,,,,,,,,,,,,,
CODD_TRAINING_07053,p-2648.jpg,gypsum_board,,Construction and Demolition Waste,,,,,,,,,,,,,,,,,,,,,
CODD_TRAINING_07054,p-2648.jpg,gypsum_board,,Construction and Demolition Waste,,,,,,,,,,,,,,,,,,,,,
CODD_TRAINING_07055,p-2648.jpg,gypsum_board,,Construction and Demolition Waste,,,,,,,,,,,,,,,,,,,,,
CODD_TRAINING_07056,p-2648.jpg,gypsum_board,,Construction and Demolition Waste,,,,,,,,,,,,,,,,,,,,,
CODD_TRAINING_07057,p-2649.jpg,gypsum_board,,Construction and Demolition Waste,,,,,,,,,,,,,,,,,,,,,
CODD_TRAINING_07058,p-2649.jpg,gypsum_board,,Construction and Demolition Waste,,,,,,,,,,,,,,,,,,,,,
CODD_TRAINING_07059,p-2649.jpg,gypsum_board,,Construction and Demolition Waste,,,,,,,,,,,,,,,,,,,,,
CODD_TRAINING_07060,p-2649.jpg,gypsum_board,,Construction and Demolition Waste,,,,,,,,,,,,,,,,,,,,,
CODD_TRAINING_07061,p-2649.jpg,gypsum_board,,Construction and Demolition Waste,,,,,,,,,,,,,,,,,,,,,
CODD_TRAINING_07062,p-2649.jpg,gypsum_board,,Construction and Demolition Waste,,,,,,,,,,,,,,,,,,,,,
CODD_TRAINING_07063,p-2649.jpg,gypsum_board,,Construction and Demolition Waste,,,,,,,,,,,,,,,,,,,,,
CODD_TRAINING_07064,p-2649.jpg,gypsum_board,,Construction and Demolition Waste,,,,,,,,,,,,,,,,,,,,,
CODD_TRAINING_07065,p-2649.jpg,gypsum_board,,Construction and Demolition Waste,,,,,,,,,,,,,,,,,,,,,
CODD_TRAINING_07066,p-2649.jpg,gypsum_board,,Construction and Demolition Waste,,,,,,,,,,,,,,,,,,,,,
CODD_TRAINING_07067,p-2649.jpg,gypsum_board,,Construction and Demolition Waste,,,,,,,,,,,,,,,,,,,,,
CODD_TRAINING_07068,p-2649.jpg,gypsum_board,,Construction and Demolition Waste,,,,,,,,,,,,,,,,,,,,,
CODD_TRAINING_07069,p-2651.jpg,gypsum_board,,Construction and Demolition Waste,,,,,,,,,,,,,,,,,,,,,
CODD_TRAINING_07070,p-2651.jpg,gypsum_board,,Construction and Demolition Waste,,,,,,,,,,,,,,,,,,,,,
CODD_TRAINING_07071,p-2651.jpg,gypsum_board,,Construction and Demolition Waste,,,,,,,,,,,,,,,,,,,,,
CODD_TRAINING_07072,p-2651.jpg,gypsum_board,,Construction and Demolition Waste,,,,,,,,,,,,,,,,,,,,,
CODD_TRAINING_07073,p-2651.jpg,gypsum_board,,Construction and Demolition Waste,,,,,,,,,,,,,,,,,,,,,
CODD_TRAINING_07074,p-2651.jpg,gypsum_board,,Construction and Demolition Waste,,,,,,,,,,,,,,,,,,,,,
CODD_TRAINING_07075,p-2651.jpg,gypsum_board,,Construction and Demolition Waste,,,,,,,,,,,,,,,,,,,,,
CODD_TRAINING_07076,p-2651.jpg,gypsum_board,,Construction and Demolition Waste,,,,,,,,,,,,,,,,,,,,,
CODD_TRAINING_07077,p-2651.jpg,gypsum_board,,Construction and Demolition Waste,,,,,,,,,,,,,,,,,,,,,
CODD_TRAINING_07078,p-2654.jpg,gypsum_board,,Construction and Demolition Waste,,,,,,,,,,,,,,,,,,,,,
CODD_TRAINING_07079,p-2654.jpg,gypsum_board,,Construction and Demolition Waste,,,,,,,,,,,,,,,,,,,,,
CODD_TRAINING_07080,p-2654.jpg,gypsum_board,,Construction and Demolition Waste,,,,,,,,,,,,,,,,,,,,,
CODD_TRAINING_07081,p-2654.jpg,gypsum_board,,Construction and Demolition Waste,,,,,,,,,,,,,,,,,,,,,
CODD_TRAINING_07082,p-2654.jpg,gypsum_board,,Construction and Demolition Waste,,,,,,,,,,,,,,,,,,,,,
CODD_TRAINING_07083,p-2654.jpg,gypsum_board,,Construction and Demolition Waste,,,,,,,,,,,,,,,,,,,,,
CODD_TRAINING_07084,p-2654.jpg,gypsum_board,,Construction and Demolition Waste,,,,,,,,,,,,,,,,,,,,,
CODD_TRAINING_07085,p-2654.jpg,gypsum_board,,Construction and Demolition Waste,,,,,,,,,,,,,,,,,,,,,
CODD_TRAINING_07086,p-2656.jpg,gypsum_board,,Construction and Demolition Waste,,,,,,,,,,,,,,,,,,,,,
CODD_TRAINING_07087,p-2656.jpg,gypsum_board,,Construction and Demolition Waste,,,,,,,,,,,,,,,,,,,,,
CODD_TRAINING_07088,p-2656.jpg,gypsum_board,,Construction and Demolition Waste,,,,,,,,,,,,,,,,,,,,,
CODD_TRAINING_07089,p-2656.jpg,gypsum_board,,Construction and Demolition Waste,,,,,,,,,,,,,,,,,,,,,
CODD_TRAINING_07090,p-2656.jpg,gypsum_board,,Construction and Demolition Waste,,,,,,,,,,,,,,,,,,,,,
CODD_TRAINING_07091,p-2656.jpg,gypsum_board,,Construction and Demolition Waste,,,,,,,,,,,,,,,,,,,,,
CODD_TRAINING_07092,p-2656.jpg,gypsum_board,,Construction and Demolition Waste,,,,,,,,,,,,,,,,,,,,,
CODD_TRAINING_07093,p-2656.jpg,gypsum_board,,Construction and Demolition Waste,,,,,,,,,,,,,,,,,,,,,
CODD_TRAINING_07094,p-2656.jpg,gypsum_board,,Construction and Demolition Waste,,,,,,,,,,,,,,,,,,,,,
CODD_TRAINING_07095,p-2656.jpg,gypsum_board,,Construction and Demolition Waste,,,,,,,,,,,,,,,,,,,,,
CODD_TRAINING_07096,p-2656.jpg,gypsum_board,,Construction and Demolition Waste,,,,,,,,,,,,,,,,,,,,,
CODD_TRAINING_07097,p-2659.jpg,gypsum_board,,Construction and Demolition Waste,,,,,,,,,,,,,,,,,,,,,
CODD_TRAINING_07098,p-2659.jpg,gypsum_board,,Construction and Demolition Waste,,,,,,,,,,,,,,,,,,,,,
CODD_TRAINING_07099,p-2659.jpg,gypsum_board,,Construction and Demolition Waste,,,,,,,,,,,,,,,,,,,,,
CODD_TRAINING_07100,p-2659.jpg,gypsum_board,,Construction and Demolition Waste,,,,,,,,,,,,,,,,,,,,,
CODD_TRAINING_07101,p-2659.jpg,gypsum_board,,Construction and Demolition Waste,,,,,,,,,,,,,,,,,,,,,
CODD_TRAINING_07102,p-2659.jpg,gypsum_board,,Construction and Demolition Waste,,,,,,,,,,,,,,,,,,,,,
CODD_TRAINING_07103,p-2659.jpg,gypsum_board,,Construction and Demolition Waste,,,,,,,,,,,,,,,,,,,,,
CODD_TRAINING_07104,p-2659.jpg,gypsum_board,,Construction and Demolition Waste,,,,,,,,,,,,,,,,,,,,,
CODD_TRAINING_07105,p-2659.jpg,gypsum_board,,Construction and Demolition Waste,,,,,,,,,,,,,,,,,,,,,
CODD_TRAINING_07106,p-2659.jpg,gypsum_board,,Construction and Demolition Waste,,,,,,,,,,,,,,,,,,,,,
CODD_TRAINING_07107,p-2659.jpg,gypsum_board,,Construction and Demolition Waste,,,,,,,,,,,,,,,,,,,,,
CODD_TRAINING_07108,p-2659.jpg,gypsum_board,,Construction and Demolition Waste,,,,,,,,,,,,,,,,,,,,,
CODD_TRAINING_07109,p-2660.jpg,gypsum_board,,Construction and Demolition Waste,,,,,,,,,,,,,,,,,,,,,
CODD_TRAINING_07110,p-2660.jpg,gypsum_board,,Construction and Demolition Waste,,,,,,,,,,,,,,,,,,,,,
CODD_TRAINING_07111,p-2660.jpg,gypsum_board,,Construction and Demolition Waste,,,,,,,,,,,,,,,,,,,,,
CODD_TRAINING_07112,p-2660.jpg,gypsum_board,,Construction and Demolition Waste,,,,,,,,,,,,,,,,,,,,,
CODD_TRAINING_07113,p-2660.jpg,gypsum_board,,Construction and Demolition Waste,,,,,,,,,,,,,,,,,,,,,
CODD_TRAINING_07114,p-2660.jpg,gypsum_board,,Construction and Demolition Waste,,,,,,,,,,,,,,,,,,,,,
CODD_TRAINING_07115,p-2660.jpg,gypsum_board,,Construction and Demolition Waste,,,,,,,,,,,,,,,,,,,,,
CODD_TRAINING_07116,p-2660.jpg,gypsum_board,,Construction and Demolition Waste,,,,,,,,,,,,,,,,,,,,,
CODD_TRAINING_07117,p-2660.jpg,gypsum_board,,Construction and Demolition Waste,,,,,,,,,,,,,,,,,,,,,
CODD_TRAINING_07118,p-2660.jpg,gypsum_board,,Construction and Demolition Waste,,,,,,,,,,,,,,,,,,,,,
CODD_TRAINING_07119,p-2660.jpg,gypsum_board,,Construction and Demolition Waste,,,,,,,,,,,,,,,,,,,,,
CODD_TRAINING_07120,p-2660.jpg,gypsum_board,,Construction and Demolition Waste,,,,,,,,,,,,,,,,,,,,,
CODD_TRAINING_07121,p-2661.jpg,gypsum_board,,Construction and Demolition Waste,,,,,,,,,,,,,,,,,,,,,
CODD_TRAINING_07122,p-2661.jpg,gypsum_board,,Construction and Demolition Waste,,,,,,,,,,,,,,,,,,,,,
CODD_TRAINING_07123,p-2661.jpg,gypsum_board,,Construction and Demolition Waste,,,,,,,,,,,,,,,,,,,,,
CODD_TRAINING_07124,p-2661.jpg,gypsum_board,,Construction and Demolition Waste,,,,,,,,,,,,,,,,,,,,,
CODD_TRAINING_07125,p-2661.jpg,gypsum_board,,Construction and Demolition Waste,,,,,,,,,,,,,,,,,,,,,
CODD_TRAINING_07126,p-2661.jpg,gypsum_board,,Construction and Demolition Waste,,,,,,,,,,,,,,,,,,,,,
CODD_TRAINING_07127,p-2661.jpg,gypsum_board,,Construction and Demolition Waste,,,,,,,,,,,,,,,,,,,,,
CODD_TRAINING_07128,p-2661.jpg,gypsum_board,,Construction and Demolition Waste,,,,,,,,,,,,,,,,,,,,,
CODD_TRAINING_07129,p-2661.jpg,gypsum_board,,Construction and Demolition Waste,,,,,,,,,,,,,,,,,,,,,
CODD_TRAINING_07130,p-2661.jpg,gypsum_board,,Construction and Demolition Waste,,,,,,,,,,,,,,,,,,,,,
CODD_TRAINING_07131,p-2661.jpg,gypsum_board,,Construction and Demolition Waste,,,,,,,,,,,,,,,,,,,,,
CODD_TRAINING_07132,p-2661.jpg,gypsum_board,,Construction and Demolition Waste,,,,,,,,,,,,,,,,,,,,,
CODD_TRAINING_07133,p-2661.jpg,gypsum_board,,Construction and Demolition Waste,,,,,,,,,,,,,,,,,,,,,
CODD_TRAINING_07134,p-2662.jpg,gypsum_board,,Construction and Demolition Waste,,,,,,,,,,,,,,,,,,,,,
CODD_TRAINING_07135,p-2662.jpg,gypsum_board,,Construction and Demolition Waste,,,,,,,,,,,,,,,,,,,,,
CODD_TRAINING_07136,p-2662.jpg,gypsum_board,,Construction and Demolition Waste,,,,,,,,,,,,,,,,,,,,,
CODD_TRAINING_07137,p-2662.jpg,gypsum_board,,Construction and Demolition Waste,,,,,,,,,,,,,,,,,,,,,
CODD_TRAINING_07138,p-2662.jpg,gypsum_board,,Construction and Demolition Waste,,,,,,,,,,,,,,,,,,,,,
CODD_TRAINING_07139,p-2662.jpg,gypsum_board,,Construction and Demolition Waste,,,,,,,,,,,,,,,,,,,,,
CODD_TRAINING_07140,p-2662.jpg,gypsum_board,,Construction and Demolition Waste,,,,,,,,,,,,,,,,,,,,,
CODD_TRAINING_07141,p-2662.jpg,gypsum_board,,Construction and Demolition Waste,,,,,,,,,,,,,,,,,,,,,
CODD_TRAINING_07142,p-2662.jpg,gypsum_board,,Construction and Demolition Waste,,,,,,,,,,,,,,,,,,,,,
CODD_TRAINING_07143,p-2662.jpg,gypsum_board,,Construction and Demolition Waste,,,,,,,,,,,,,,,,,,,,,
CODD_TRAINING_07144,p-2662.jpg,gypsum_board,,Construction and Demolition Waste,,,,,,,,,,,,,,,,,,,,,
CODD_TRAINING_07145,p-2662.jpg,gypsum_board,,Construction and Demolition Waste,,,,,,,,,,,,,,,,,,,,,
CODD_TRAINING_07146,p-2662.jpg,gypsum_board,,Construction and Demolition Waste,,,,,,,,,,,,,,,,,,,,,
CODD_TRAINING_07147,p-2664.jpg,gypsum_board,,Construction and Demolition Waste,,,,,,,,,,,,,,,,,,,,,
CODD_TRAINING_07148,p-2664.jpg,gypsum_board,,Construction and Demolition Waste,,,,,,,,,,,,,,,,,,,,,
CODD_TRAINING_07149,p-2664.jpg,gypsum_board,,Construction and Demolition Waste,,,,,,,,,,,,,,,,,,,,,
CODD_TRAINING_07150,p-2664.jpg,gypsum_board,,Construction and Demolition Waste,,,,,,,,,,,,,,,,,,,,,
CODD_TRAINING_07151,p-2664.jpg,gypsum_board,,Construction and Demolition Waste,,,,,,,,,,,,,,,,,,,,,
CODD_TRAINING_07152,p-2664.jpg,gypsum_board,,Construction and Demolition Waste,,,,,,,,,,,,,,,,,,,,,
CODD_TRAINING_07153,p-2664.jpg,gypsum_board,,Construction and Demolition Waste,,,,,,,,,,,,,,,,,,,,,
CODD_TRAINING_07154,p-2664.jpg,gypsum_board,,Construction and Demolition Waste,,,,,,,,,,,,,,,,,,,,,
CODD_TRAINING_07155,p-2664.jpg,gypsum_board,,Construction and Demolition Waste,,,,,,,,,,,,,,,,,,,,,
CODD_TRAINING_07156,p-2664.jpg,gypsum_board,,Construction and Demolition Waste,,,,,,,,,,,,,,,,,,,,,
CODD_TRAINING_07157,p-2664.jpg,gypsum_board,,Construction and Demolition Waste,,,,,,,,,,,,,,,,,,,,,
CODD_TRAINING_07158,p-2664.jpg,gypsum_board,,Construction and Demolition Waste,,,,,,,,,,,,,,,,,,,,,
CODD_TRAINING_07159,p-2665.jpg,gypsum_board,,Construction and Demolition Waste,,,,,,,,,,,,,,,,,,,,,
CODD_TRAINING_07160,p-2665.jpg,gypsum_board,,Construction and Demolition Waste,,,,,,,,,,,,,,,,,,,,,
CODD_TRAINING_07161,p-2665.jpg,gypsum_board,,Construction and Demolition Waste,,,,,,,,,,,,,,,,,,,,,
CODD_TRAINING_07162,p-2665.jpg,gypsum_board,,Construction and Demolition Waste,,,,,,,,,,,,,,,,,,,,,
CODD_TRAINING_07163,p-2665.jpg,gypsum_board,,Construction and Demolition Waste,,,,,,,,,,,,,,,,,,,,,
CODD_TRAINING_07164,p-2665.jpg,gypsum_board,,Construction and Demolition Waste,,,,,,,,,,,,,,,,,,,,,
CODD_TRAINING_07165,p-2665.jpg,gypsum_board,,Construction and Demolition Waste,,,,,,,,,,,,,,,,,,,,,
CODD_TRAINING_07166,p-2665.jpg,gypsum_board,,Construction and Demolition Waste,,,,,,,,,,,,,,,,,,,,,
CODD_TRAINING_07167,p-2665.jpg,gypsum_board,,Construction and Demolition Waste,,,,,,,,,,,,,,,,,,,,,
CODD_TRAINING_07168,p-2665.jpg,gypsum_board,,Construction and Demolition Waste,,,,,,,,,,,,,,,,,,,,,
CODD_TRAINING_07169,p-2665.jpg,gypsum_board,,Construction and Demolition Waste,,,,,,,,,,,,,,,,,,,,,
CODD_TRAINING_07170,p-2665.jpg,gypsum_board,,Construction and Demolition Waste,,,,,,,,,,,,,,,,,,,,,
CODD_TRAINING_07171,p-2665.jpg,gypsum_board,,Construction and Demolition Waste,,,,,,,,,,,,,,,,,,,,,
CODD_TRAINING_07172,p-2665.jpg,gypsum_board,,Construction and Demolition Waste,,,,,,,,,,,,,,,,,,,,,
CODD_TRAINING_07173,p-2665.jpg,gypsum_board,,Construction and Demolition Waste,,,,,,,,,,,,,,,,,,,,,
CODD_TRAINING_07174,p-2666.jpg,gypsum_board,,Construction and Demolition Waste,,,,,,,,,,,,,,,,,,,,,
CODD_TRAINING_07175,p-2666.jpg,gypsum_board,,Construction and Demolition Waste,,,,,,,,,,,,,,,,,,,,,
CODD_TRAINING_07176,p-2666.jpg,gypsum_board,,Construction and Demolition Waste,,,,,,,,,,,,,,,,,,,,,
CODD_TRAINING_07177,p-2666.jpg,gypsum_board,,Construction and Demolition Waste,,,,,,,,,,,,,,,,,,,,,
CODD_TRAINING_07178,p-2666.jpg,gypsum_board,,Construction and Demolition Waste,,,,,,,,,,,,,,,,,,,,,
CODD_TRAINING_07179,p-2666.jpg,gypsum_board,,Construction and Demolition Waste,,,,,,,,,,,,,,,,,,,,,
CODD_TRAINING_07180,p-2666.jpg,gypsum_board,,Construction and Demolition Waste,,,,,,,,,,,,,,,,,,,,,
CODD_TRAINING_07181,p-2666.jpg,gypsum_board,,Construction and Demolition Waste,,,,,,,,,,,,,,,,,,,,,
CODD_TRAINING_07182,p-2666.jpg,gypsum_board,,Construction and Demolition Waste,,,,,,,,,,,,,,,,,,,,,
CODD_TRAINING_07183,p-2666.jpg,gypsum_board,,Construction and Demolition Waste,,,,,,,,,,,,,,,,,,,,,
CODD_TRAINING_07184,p-2666.jpg,gypsum_board,,Construction and Demolition Waste,,,,,,,,,,,,,,,,,,,,,
CODD_TRAINING_07185,p-2666.jpg,gypsum_board,,Construction and Demolition Waste,,,,,,,,,,,,,,,,,,,,,
CODD_TRAINING_07186,p-2666.jpg,gypsum_board,,Construction and Demolition Waste,,,,,,,,,,,,,,,,,,,,,
CODD_TRAINING_07187,p-2666.jpg,gypsum_board,,Construction and Demolition Waste,,,,,,,,,,,,,,,,,,,,,
CODD_TRAINING_07188,p-2666.jpg,gypsum_board,,Construction and Demolition Waste,,,,,,,,,,,,,,,,,,,,,
CODD_TRAINING_07189,p-2669.jpg,gypsum_board,,Construction and Demolition Waste,,,,,,,,,,,,,,,,,,,,,
CODD_TRAINING_07190,p-2669.jpg,gypsum_board,,Construction and Demolition Waste,,,,,,,,,,,,,,,,,,,,,
CODD_TRAINING_07191,p-2669.jpg,gypsum_board,,Construction and Demolition Waste,,,,,,,,,,,,,,,,,,,,,
CODD_TRAINING_07192,p-2669.jpg,gypsum_board,,Construction and Demolition Waste,,,,,,,,,,,,,,,,,,,,,
CODD_TRAINING_07193,p-2669.jpg,gypsum_board,,Construction and Demolition Waste,,,,,,,,,,,,,,,,,,,,,
CODD_TRAINING_07194,p-2669.jpg,gypsum_board,,Construction and Demolition Waste,,,,,,,,,,,,,,,,,,,,,
CODD_TRAINING_07195,p-2669.jpg,gypsum_board,,Construction and Demolition Waste,,,,,,,,,,,,,,,,,,,,,
CODD_TRAINING_07196,p-2669.jpg,gypsum_board,,Construction and Demolition Waste,,,,,,,,,,,,,,,,,,,,,
CODD_TRAINING_07197,p-2669.jpg,gypsum_board,,Construction and Demolition Waste,,,,,,,,,,,,,,,,,,,,,
CODD_TRAINING_07198,p-2669.jpg,gypsum_board,,Construction and Demolition Waste,,,,,,,,,,,,,,,,,,,,,
CODD_TRAINING_07199,p-2669.jpg,gypsum_board,,Construction and Demolition Waste,,,,,,,,,,,,,,,,,,,,,
CODD_TRAINING_07200,p-2669.jpg,gypsum_board,,Construction and Demolition Waste,,,,,,,,,,,,,,,,,,,,,
CODD_TRAINING_07201,p-2669.jpg,gypsum_board,,Construction and Demolition Waste,,,,,,,,,,,,,,,,,,,,,
CODD_TRAINING_07202,p-2671.jpg,gypsum_board,,Construction and Demolition Waste,,,,,,,,,,,,,,,,,,,,,
CODD_TRAINING_07203,p-2671.jpg,gypsum_board,,Construction and Demolition Waste,,,,,,,,,,,,,,,,,,,,,
CODD_TRAINING_07204,p-2671.jpg,gypsum_board,,Construction and Demolition Waste,,,,,,,,,,,,,,,,,,,,,
CODD_TRAINING_07205,p-2671.jpg,gypsum_board,,Construction and Demolition Waste,,,,,,,,,,,,,,,,,,,,,
CODD_TRAINING_07206,p-2671.jpg,gypsum_board,,Construction and Demolition Waste,,,,,,,,,,,,,,,,,,,,,
CODD_TRAINING_07207,p-2671.jpg,gypsum_board,,Construction and Demolition Waste,,,,,,,,,,,,,,,,,,,,,
CODD_TRAINING_07208,p-2671.jpg,gypsum_board,,Construction and Demolition Waste,,,,,,,,,,,,,,,,,,,,,
CODD_TRAINING_07209,p-2671.jpg,gypsum_board,,Construction and Demolition Waste,,,,,,,,,,,,,,,,,,,,,
CODD_TRAINING_07210,p-2671.jpg,gypsum_board,,Construction and Demolition Waste,,,,,,,,,,,,,,,,,,,,,
CODD_TRAINING_07211,p-2671.jpg,gypsum_board,,Construction and Demolition Waste,,,,,,,,,,,,,,,,,,,,,
CODD_TRAINING_07212,p-2671.jpg,gypsum_board,,Construction and Demolition Waste,,,,,,,,,,,,,,,,,,,,,
CODD_TRAINING_07213,p-2671.jpg,gypsum_board,,Construction and Demolition Waste,,,,,,,,,,,,,,,,,,,,,
CODD_TRAINING_07214,p-2671.jpg,gypsum_board,,Construction and Demolition Waste,,,,,,,,,,,,,,,,,,,,,
CODD_TRAINING_07215,p-2671.jpg,gypsum_board,,Construction and Demolition Waste,,,,,,,,,,,,,,,,,,,,,
CODD_TRAINING_07216,p-2671.jpg,gypsum_board,,Construction and Demolition Waste,,,,,,,,,,,,,,,,,,,,,
CODD_TRAINING_07217,p-2673.jpg,gypsum_board,,Construction and Demolition Waste,,,,,,,,,,,,,,,,,,,,,
CODD_TRAINING_07218,p-2673.jpg,gypsum_board,,Construction and Demolition Waste,,,,,,,,,,,,,,,,,,,,,
CODD_TRAINING_07219,p-2673.jpg,gypsum_board,,Construction and Demolition Waste,,,,,,,,,,,,,,,,,,,,,
CODD_TRAINING_07220,p-2673.jpg,gypsum_board,,Construction and Demolition Waste,,,,,,,,,,,,,,,,,,,,,
CODD_TRAINING_07221,p-2673.jpg,gypsum_board,,Construction and Demolition Waste,,,,,,,,,,,,,,,,,,,,,
CODD_TRAINING_07222,p-2673.jpg,gypsum_board,,Construction and Demolition Waste,,,,,,,,,,,,,,,,,,,,,
CODD_TRAINING_07223,p-2673.jpg,gypsum_board,,Construction and Demolition Waste,,,,,,,,,,,,,,,,,,,,,
CODD_TRAINING_07224,p-2673.jpg,gypsum_board,,Construction and Demolition Waste,,,,,,,,,,,,,,,,,,,,,
CODD_TRAINING_07225,p-2673.jpg,gypsum_board,,Construction and Demolition Waste,,,,,,,,,,,,,,,,,,,,,
CODD_TRAINING_07226,p-2673.jpg,gypsum_board,,Construction and Demolition Waste,,,,,,,,,,,,,,,,,,,,,
CODD_TRAINING_07227,p-2673.jpg,gypsum_board,,Construction and Demolition Waste,,,,,,,,,,,,,,,,,,,,,
CODD_TRAINING_07228,p-2674.jpg,gypsum_board,,Construction and Demolition Waste,,,,,,,,,,,,,,,,,,,,,
CODD_TRAINING_07229,p-2674.jpg,gypsum_board,,Construction and Demolition Waste,,,,,,,,,,,,,,,,,,,,,
CODD_TRAINING_07230,p-2674.jpg,gypsum_board,,Construction and Demolition Waste,,,,,,,,,,,,,,,,,,,,,
CODD_TRAINING_07231,p-2674.jpg,gypsum_board,,Construction and Demolition Waste,,,,,,,,,,,,,,,,,,,,,
CODD_TRAINING_07232,p-2674.jpg,gypsum_board,,Construction and Demolition Waste,,,,,,,,,,,,,,,,,,,,,
CODD_TRAINING_07233,p-2674.jpg,gypsum_board,,Construction and Demolition Waste,,,,,,,,,,,,,,,,,,,,,
CODD_TRAINING_07234,p-2674.jpg,gypsum_board,,Construction and Demolition Waste,,,,,,,,,,,,,,,,,,,,,
CODD_TRAINING_07235,p-2674.jpg,gypsum_board,,Construction and Demolition Waste,,,,,,,,,,,,,,,,,,,,,
CODD_TRAINING_07236,p-2674.jpg,gypsum_board,,Construction and Demolition Waste,,,,,,,,,,,,,,,,,,,,,
CODD_TRAINING_07237,p-2674.jpg,gypsum_board,,Construction and Demolition Waste,,,,,,,,,,,,,,,,,,,,,
CODD_TRAINING_07238,p-2674.jpg,gypsum_board,,Construction and Demolition Waste,,,,,,,,,,,,,,,,,,,,,
CODD_TRAINING_07239,p-2677.jpg,gypsum_board,,Construction and Demolition Waste,,,,,,,,,,,,,,,,,,,,,
CODD_TRAINING_07240,p-2677.jpg,gypsum_board,,Construction and Demolition Waste,,,,,,,,,,,,,,,,,,,,,
CODD_TRAINING_07241,p-2677.jpg,gypsum_board,,Construction and Demolition Waste,,,,,,,,,,,,,,,,,,,,,
CODD_TRAINING_07242,p-2677.jpg,gypsum_board,,Construction and Demolition Waste,,,,,,,,,,,,,,,,,,,,,
CODD_TRAINING_07243,p-2677.jpg,gypsum_board,,Construction and Demolition Waste,,,,,,,,,,,,,,,,,,,,,
CODD_TRAINING_07244,p-2677.jpg,gypsum_board,,Construction and Demolition Waste,,,,,,,,,,,,,,,,,,,,,
CODD_TRAINING_07245,p-2677.jpg,gypsum_board,,Construction and Demolition Waste,,,,,,,,,,,,,,,,,,,,,
CODD_TRAINING_07246,p-2677.jpg,gypsum_board,,Construction and Demolition Waste,,,,,,,,,,,,,,,,,,,,,
CODD_TRAINING_07247,p-2677.jpg,gypsum_board,,Construction and Demolition Waste,,,,,,,,,,,,,,,,,,,,,
CODD_TRAINING_07248,p-2677.jpg,gypsum_board,,Construction and Demolition Waste,,,,,,,,,,,,,,,,,,,,,
CODD_TRAINING_07249,p-2677.jpg,gypsum_board,,Construction and Demolition Waste,,,,,,,,,,,,,,,,,,,,,
CODD_TRAINING_07250,p-2677.jpg,gypsum_board,,Construction and Demolition Waste,,,,,,,,,,,,,,,,,,,,,
CODD_TRAINING_07251,p-2677.jpg,gypsum_board,,Construction and Demolition Waste,,,,,,,,,,,,,,,,,,,,,
CODD_TRAINING_07252,p-2677.jpg,gypsum_board,,Construction and Demolition Waste,,,,,,,,,,,,,,,,,,,,,
CODD_TRAINING_07253,p-2677.jpg,gypsum_board,,Construction and Demolition Waste,,,,,,,,,,,,,,,,,,,,,
CODD_TRAINING_07254,p-2677.jpg,gypsum_board,,Construction and Demolition Waste,,,,,,,,,,,,,,,,,,,,,
CODD_TRAINING_07255,p-2677.jpg,gypsum_board,,Construction and Demolition Waste,,,,,,,,,,,,,,,,,,,,,
CODD_TRAINING_07256,p-2678.jpg,gypsum_board,,Construction and Demolition Waste,,,,,,,,,,,,,,,,,,,,,
CODD_TRAINING_07257,p-2678.jpg,gypsum_board,,Construction and Demolition Waste,,,,,,,,,,,,,,,,,,,,,
CODD_TRAINING_07258,p-2678.jpg,gypsum_board,,Construction and Demolition Waste,,,,,,,,,,,,,,,,,,,,,
CODD_TRAINING_07259,p-2678.jpg,gypsum_board,,Construction and Demolition Waste,,,,,,,,,,,,,,,,,,,,,
CODD_TRAINING_07260,p-2678.jpg,gypsum_board,,Construction and Demolition Waste,,,,,,,,,,,,,,,,,,,,,
CODD_TRAINING_07261,p-2678.jpg,gypsum_board,,Construction and Demolition Waste,,,,,,,,,,,,,,,,,,,,,
CODD_TRAINING_07262,p-2678.jpg,gypsum_board,,Construction and Demolition Waste,,,,,,,,,,,,,,,,,,,,,
CODD_TRAINING_07263,p-2678.jpg,gypsum_board,,Construction and Demolition Waste,,,,,,,,,,,,,,,,,,,,,
CODD_TRAINING_07264,p-2678.jpg,gypsum_board,,Construction and Demolition Waste,,,,,,,,,,,,,,,,,,,,,
CODD_TRAINING_07265,p-2678.jpg,gypsum_board,,Construction and Demolition Waste,,,,,,,,,,,,,,,,,,,,,
CODD_TRAINING_07266,p-2678.jpg,gypsum_board,,Construction and Demolition Waste,,,,,,,,,,,,,,,,,,,,,
CODD_TRAINING_07267,p-2678.jpg,gypsum_board,,Construction and Demolition Waste,,,,,,,,,,,,,,,,,,,,,
CODD_TRAINING_07268,p-2678.jpg,gypsum_board,,Construction and Demolition Waste,,,,,,,,,,,,,,,,,,,,,
CODD_TRAINING_07269,p-2678.jpg,gypsum_board,,Construction and Demolition Waste,,,,,,,,,,,,,,,,,,,,,
CODD_TRAINING_07270,p-2678.jpg,gypsum_board,,Construction and Demolition Waste,,,,,,,,,,,,,,,,,,,,,
CODD_TRAINING_07271,p-2678.jpg,gypsum_board,,Construction and Demolition Waste,,,,,,,,,,,,,,,,,,,,,
CODD_TRAINING_07272,p-2678.jpg,gypsum_board,,Construction and Demolition Waste,,,,,,,,,,,,,,,,,,,,,
CODD_TRAINING_07273,p-2679.jpg,gypsum_board,,Construction and Demolition Waste,,,,,,,,,,,,,,,,,,,,,
CODD_TRAINING_07274,p-2679.jpg,gypsum_board,,Construction and Demolition Waste,,,,,,,,,,,,,,,,,,,,,
CODD_TRAINING_07275,p-2679.jpg,gypsum_board,,Construction and Demolition Waste,,,,,,,,,,,,,,,,,,,,,
CODD_TRAINING_07276,p-2679.jpg,gypsum_board,,Construction and Demolition Waste,,,,,,,,,,,,,,,,,,,,,
CODD_TRAINING_07277,p-2679.jpg,gypsum_board,,Construction and Demolition Waste,,,,,,,,,,,,,,,,,,,,,
CODD_TRAINING_07278,p-2679.jpg,gypsum_board,,Construction and Demolition Waste,,,,,,,,,,,,,,,,,,,,,
CODD_TRAINING_07279,p-2679.jpg,gypsum_board,,Construction and Demolition Waste,,,,,,,,,,,,,,,,,,,,,
CODD_TRAINING_07280,p-2679.jpg,gypsum_board,,Construction and Demolition Waste,,,,,,,,,,,,,,,,,,,,,
CODD_TRAINING_07281,p-2679.jpg,gypsum_board,,Construction and Demolition Waste,,,,,,,,,,,,,,,,,,,,,
CODD_TRAINING_07282,p-2679.jpg,gypsum_board,,Construction and Demolition Waste,,,,,,,,,,,,,,,,,,,,,
CODD_TRAINING_07283,p-2679.jpg,gypsum_board,,Construction and Demolition Waste,,,,,,,,,,,,,,,,,,,,,
CODD_TRAINING_07284,p-2679.jpg,gypsum_board,,Construction and Demolition Waste,,,,,,,,,,,,,,,,,,,,,
CODD_TRAINING_07285,p-2679.jpg,gypsum_board,,Construction and Demolition Waste,,,,,,,,,,,,,,,,,,,,,
CODD_TRAINING_07286,p-2680.jpg,gypsum_board,,Construction and Demolition Waste,,,,,,,,,,,,,,,,,,,,,
CODD_TRAINING_07287,p-2680.jpg,gypsum_board,,Construction and Demolition Waste,,,,,,,,,,,,,,,,,,,,,
CODD_TRAINING_07288,p-2680.jpg,gypsum_board,,Construction and Demolition Waste,,,,,,,,,,,,,,,,,,,,,
CODD_TRAINING_07289,p-2680.jpg,gypsum_board,,Construction and Demolition Waste,,,,,,,,,,,,,,,,,,,,,
CODD_TRAINING_07290,p-2680.jpg,gypsum_board,,Construction and Demolition Waste,,,,,,,,,,,,,,,,,,,,,
CODD_TRAINING_07291,p-2680.jpg,gypsum_board,,Construction and Demolition Waste,,,,,,,,,,,,,,,,,,,,,
CODD_TRAINING_07292,p-2680.jpg,gypsum_board,,Construction and Demolition Waste,,,,,,,,,,,,,,,,,,,,,
CODD_TRAINING_07293,p-2680.jpg,gypsum_board,,Construction and Demolition Waste,,,,,,,,,,,,,,,,,,,,,
CODD_TRAINING_07294,p-2680.jpg,gypsum_board,,Construction and Demolition Waste,,,,,,,,,,,,,,,,,,,,,
CODD_TRAINING_07295,p-2680.jpg,gypsum_board,,Construction and Demolition Waste,,,,,,,,,,,,,,,,,,,,,
CODD_TRAINING_07296,p-2680.jpg,gypsum_board,,Construction and Demolition Waste,,,,,,,,,,,,,,,,,,,,,
CODD_TRAINING_07297,p-2680.jpg,gypsum_board,,Construction and Demolition Waste,,,,,,,,,,,,,,,,,,,,,
CODD_TRAINING_07298,p-2680.jpg,gypsum_board,,Construction and Demolition Waste,,,,,,,,,,,,,,,,,,,,,
CODD_TRAINING_07299,p-2683.jpg,gypsum_board,,Construction and Demolition Waste,,,,,,,,,,,,,,,,,,,,,
CODD_TRAINING_07300,p-2683.jpg,gypsum_board,,Construction and Demolition Waste,,,,,,,,,,,,,,,,,,,,,
CODD_TRAINING_07301,p-2683.jpg,gypsum_board,,Construction and Demolition Waste,,,,,,,,,,,,,,,,,,,,,
CODD_TRAINING_07302,p-2683.jpg,gypsum_board,,Construction and Demolition Waste,,,,,,,,,,,,,,,,,,,,,
CODD_TRAINING_07303,p-2683.jpg,gypsum_board,,Construction and Demolition Waste,,,,,,,,,,,,,,,,,,,,,
CODD_TRAINING_07304,p-2683.jpg,gypsum_board,,Construction and Demolition Waste,,,,,,,,,,,,,,,,,,,,,
CODD_TRAINING_07305,p-2683.jpg,gypsum_board,,Construction and Demolition Waste,,,,,,,,,,,,,,,,,,,,,
CODD_TRAINING_07306,p-2683.jpg,gypsum_board,,Construction and Demolition Waste,,,,,,,,,,,,,,,,,,,,,
CODD_TRAINING_07307,p-2683.jpg,gypsum_board,,Construction and Demolition Waste,,,,,,,,,,,,,,,,,,,,,
CODD_TRAINING_07308,p-2683.jpg,gypsum_board,,Construction and Demolition Waste,,,,,,,,,,,,,,,,,,,,,
CODD_TRAINING_07309,p-2683.jpg,gypsum_board,,Construction and Demolition Waste,,,,,,,,,,,,,,,,,,,,,
CODD_TRAINING_07310,p-2683.jpg,gypsum_board,,Construction and Demolition Waste,,,,,,,,,,,,,,,,,,,,,
CODD_TRAINING_07311,p-2683.jpg,gypsum_board,,Construction and Demolition Waste,,,,,,,,,,,,,,,,,,,,,
CODD_TRAINING_07312,p-2683.jpg,gypsum_board,,Construction and Demolition Waste,,,,,,,,,,,,,,,,,,,,,
CODD_TRAINING_07313,p-2683.jpg,gypsum_board,,Construction and Demolition Waste,,,,,,,,,,,,,,,,,,,,,
CODD_TRAINING_07314,p-2683.jpg,gypsum_board,,Construction and Demolition Waste,,,,,,,,,,,,,,,,,,,,,
CODD_TRAINING_07315,p-2686.jpg,gypsum_board,,Construction and Demolition Waste,,,,,,,,,,,,,,,,,,,,,
CODD_TRAINING_07316,p-2686.jpg,gypsum_board,,Construction and Demolition Waste,,,,,,,,,,,,,,,,,,,,,
CODD_TRAINING_07317,p-2686.jpg,gypsum_board,,Construction and Demolition Waste,,,,,,,,,,,,,,,,,,,,,
CODD_TRAINING_07318,p-2686.jpg,gypsum_board,,Construction and Demolition Waste,,,,,,,,,,,,,,,,,,,,,
CODD_TRAINING_07319,p-2686.jpg,gypsum_board,,Construction and Demolition Waste,,,,,,,,,,,,,,,,,,,,,
CODD_TRAINING_07320,p-2686.jpg,gypsum_board,,Construction and Demolition Waste,,,,,,,,,,,,,,,,,,,,,
CODD_TRAINING_07321,p-2686.jpg,gypsum_board,,Construction and Demolition Waste,,,,,,,,,,,,,,,,,,,,,
CODD_TRAINING_07322,p-2686.jpg,gypsum_board,,Construction and Demolition Waste,,,,,,,,,,,,,,,,,,,,,
CODD_TRAINING_07323,p-2686.jpg,gypsum_board,,Construction and Demolition Waste,,,,,,,,,,,,,,,,,,,,,
CODD_TRAINING_07324,p-2686.jpg,gypsum_board,,Construction and Demolition Waste,,,,,,,,,,,,,,,,,,,,,
CODD_TRAINING_07325,p-2686.jpg,gypsum_board,,Construction and Demolition Waste,,,,,,,,,,,,,,,,,,,,,
CODD_TRAINING_07326,p-2686.jpg,gypsum_board,,Construction and Demolition Waste,,,,,,,,,,,,,,,,,,,,,
CODD_TRAINING_07327,p-2686.jpg,gypsum_board,,Construction and Demolition Waste,,,,,,,,,,,,,,,,,,,,,
CODD_TRAINING_07328,p-2686.jpg,gypsum_board,,Construction and Demolition Waste,,,,,,,,,,,,,,,,,,,,,
CODD_TRAINING_07329,p-2687.jpg,gypsum_board,,Construction and Demolition Waste,,,,,,,,,,,,,,,,,,,,,
CODD_TRAINING_07330,p-2687.jpg,gypsum_board,,Construction and Demolition Waste,,,,,,,,,,,,,,,,,,,,,
CODD_TRAINING_07331,p-2687.jpg,gypsum_board,,Construction and Demolition Waste,,,,,,,,,,,,,,,,,,,,,
CODD_TRAINING_07332,p-2687.jpg,gypsum_board,,Construction and Demolition Waste,,,,,,,,,,,,,,,,,,,,,
CODD_TRAINING_07333,p-2687.jpg,gypsum_board,,Construction and Demolition Waste,,,,,,,,,,,,,,,,,,,,,
CODD_TRAINING_07334,p-2687.jpg,gypsum_board,,Construction and Demolition Waste,,,,,,,,,,,,,,,,,,,,,
CODD_TRAINING_07335,p-2687.jpg,gypsum_board,,Construction and Demolition Waste,,,,,,,,,,,,,,,,,,,,,
CODD_TRAINING_07336,p-2687.jpg,gypsum_board,,Construction and Demolition Waste,,,,,,,,,,,,,,,,,,,,,
CODD_TRAINING_07337,p-2687.jpg,gypsum_board,,Construction and Demolition Waste,,,,,,,,,,,,,,,,,,,,,
CODD_TRAINING_07338,p-2687.jpg,gypsum_board,,Construction and Demolition Waste,,,,,,,,,,,,,,,,,,,,,
CODD_TRAINING_07339,p-2687.jpg,gypsum_board,,Construction and Demolition Waste,,,,,,,,,,,,,,,,,,,,,
CODD_TRAINING_07340,p-2687.jpg,gypsum_board,,Construction and Demolition Waste,,,,,,,,,,,,,,,,,,,,,
CODD_TRAINING_07341,p-2687.jpg,gypsum_board,,Construction and Demolition Waste,,,,,,,,,,,,,,,,,,,,,
CODD_TRAINING_07342,p-2687.jpg,gypsum_board,,Construction and Demolition Waste,,,,,,,,,,,,,,,,,,,,,
CODD_TRAINING_07343,p-2687.jpg,gypsum_board,,Construction and Demolition Waste,,,,,,,,,,,,,,,,,,,,,
CODD_TRAINING_07344,p-2687.jpg,gypsum_board,,Construction and Demolition Waste,,,,,,,,,,,,,,,,,,,,,
CODD_TRAINING_07345,p-2688.jpg,gypsum_board,,Construction and Demolition Waste,,,,,,,,,,,,,,,,,,,,,
CODD_TRAINING_07346,p-2688.jpg,gypsum_board,,Construction and Demolition Waste,,,,,,,,,,,,,,,,,,,,,
CODD_TRAINING_07347,p-2688.jpg,gypsum_board,,Construction and Demolition Waste,,,,,,,,,,,,,,,,,,,,,
CODD_TRAINING_07348,p-2688.jpg,gypsum_board,,Construction and Demolition Waste,,,,,,,,,,,,,,,,,,,,,
CODD_TRAINING_07349,p-2688.jpg,gypsum_board,,Construction and Demolition Waste,,,,,,,,,,,,,,,,,,,,,
CODD_TRAINING_07350,p-2688.jpg,gypsum_board,,Construction and Demolition Waste,,,,,,,,,,,,,,,,,,,,,
CODD_TRAINING_07351,p-2688.jpg,gypsum_board,,Construction and Demolition Waste,,,,,,,,,,,,,,,,,,,,,
CODD_TRAINING_07352,p-2688.jpg,gypsum_board,,Construction and Demolition Waste,,,,,,,,,,,,,,,,,,,,,
CODD_TRAINING_07353,p-2688.jpg,gypsum_board,,Construction and Demolition Waste,,,,,,,,,,,,,,,,,,,,,
CODD_TRAINING_07354,p-2688.jpg,gypsum_board,,Construction and Demolition Waste,,,,,,,,,,,,,,,,,,,,,
CODD_TRAINING_07355,p-2688.jpg,gypsum_board,,Construction and Demolition Waste,,,,,,,,,,,,,,,,,,,,,
CODD_TRAINING_07356,p-2688.jpg,gypsum_board,,Construction and Demolition Waste,,,,,,,,,,,,,,,,,,,,,
CODD_TRAINING_07357,p-2688.jpg,gypsum_board,,Construction and Demolition Waste,,,,,,,,,,,,,,,,,,,,,
CODD_TRAINING_07358,p-2688.jpg,gypsum_board,,Construction and Demolition Waste,,,,,,,,,,,,,,,,,,,,,
CODD_TRAINING_07359,p-2688.jpg,gypsum_board,,Construction and Demolition Waste,,,,,,,,,,,,,,,,,,,,,
CODD_TRAINING_07360,p-2688.jpg,gypsum_board,,Construction and Demolition Waste,,,,,,,,,,,,,,,,,,,,,
CODD_TRAINING_07361,p-2689.jpg,gypsum_board,,Construction and Demolition Waste,,,,,,,,,,,,,,,,,,,,,
CODD_TRAINING_07362,p-2689.jpg,gypsum_board,,Construction and Demolition Waste,,,,,,,,,,,,,,,,,,,,,
CODD_TRAINING_07363,p-2689.jpg,gypsum_board,,Construction and Demolition Waste,,,,,,,,,,,,,,,,,,,,,
CODD_TRAINING_07364,p-2689.jpg,gypsum_board,,Construction and Demolition Waste,,,,,,,,,,,,,,,,,,,,,
CODD_TRAINING_07365,p-2689.jpg,gypsum_board,,Construction and Demolition Waste,,,,,,,,,,,,,,,,,,,,,
CODD_TRAINING_07366,p-2689.jpg,gypsum_board,,Construction and Demolition Waste,,,,,,,,,,,,,,,,,,,,,
CODD_TRAINING_07367,p-2689.jpg,gypsum_board,,Construction and Demolition Waste,,,,,,,,,,,,,,,,,,,,,
CODD_TRAINING_07368,p-2689.jpg,gypsum_board,,Construction and Demolition Waste,,,,,,,,,,,,,,,,,,,,,
CODD_TRAINING_07369,p-2689.jpg,gypsum_board,,Construction and Demolition Waste,,,,,,,,,,,,,,,,,,,,,
CODD_TRAINING_07370,p-2689.jpg,gypsum_board,,Construction and Demolition Waste,,,,,,,,,,,,,,,,,,,,,
CODD_TRAINING_07371,p-2689.jpg,gypsum_board,,Construction and Demolition Waste,,,,,,,,,,,,,,,,,,,,,
CODD_TRAINING_07372,p-2689.jpg,gypsum_board,,Construction and Demolition Waste,,,,,,,,,,,,,,,,,,,,,
CODD_TRAINING_07373,p-2689.jpg,gypsum_board,,Construction and Demolition Waste,,,,,,,,,,,,,,,,,,,,,
CODD_TRAINING_07374,p-2689.jpg,gypsum_board,,Construction and Demolition Waste,,,,,,,,,,,,,,,,,,,,,
CODD_TRAINING_07375,p-2689.jpg,gypsum_board,,Construction and Demolition Waste,,,,,,,,,,,,,,,,,,,,,
CODD_TRAINING_07376,p-2689.jpg,gypsum_board,,Construction and Demolition Waste,,,,,,,,,,,,,,,,,,,,,
CODD_TRAINING_07377,p-2689.jpg,gypsum_board,,Construction and Demolition Waste,,,,,,,,,,,,,,,,,,,,,
CODD_TRAINING_07378,p-2689.jpg,gypsum_board,,Construction and Demolition Waste,,,,,,,,,,,,,,,,,,,,,
CODD_TRAINING_07379,p-2690.jpg,gypsum_board,,Construction and Demolition Waste,,,,,,,,,,,,,,,,,,,,,
CODD_TRAINING_07380,p-2690.jpg,gypsum_board,,Construction and Demolition Waste,,,,,,,,,,,,,,,,,,,,,
CODD_TRAINING_07381,p-2690.jpg,gypsum_board,,Construction and Demolition Waste,,,,,,,,,,,,,,,,,,,,,
CODD_TRAINING_07382,p-2690.jpg,gypsum_board,,Construction and Demolition Waste,,,,,,,,,,,,,,,,,,,,,
CODD_TRAINING_07383,p-2690.jpg,gypsum_board,,Construction and Demolition Waste,,,,,,,,,,,,,,,,,,,,,
CODD_TRAINING_07384,p-2690.jpg,gypsum_board,,Construction and Demolition Waste,,,,,,,,,,,,,,,,,,,,,
CODD_TRAINING_07385,p-2690.jpg,gypsum_board,,Construction and Demolition Waste,,,,,,,,,,,,,,,,,,,,,
CODD_TRAINING_07386,p-2690.jpg,gypsum_board,,Construction and Demolition Waste,,,,,,,,,,,,,,,,,,,,,
CODD_TRAINING_07387,p-2690.jpg,gypsum_board,,Construction and Demolition Waste,,,,,,,,,,,,,,,,,,,,,
CODD_TRAINING_07388,p-2690.jpg,gypsum_board,,Construction and Demolition Waste,,,,,,,,,,,,,,,,,,,,,
CODD_TRAINING_07389,p-2690.jpg,gypsum_board,,Construction and Demolition Waste,,,,,,,,,,,,,,,,,,,,,
CODD_TRAINING_07390,p-2690.jpg,gypsum_board,,Construction and Demolition Waste,,,,,,,,,,,,,,,,,,,,,
CODD_TRAINING_07391,p-2690.jpg,gypsum_board,,Construction and Demolition Waste,,,,,,,,,,,,,,,,,,,,,
CODD_TRAINING_07392,p-2690.jpg,gypsum_board,,Construction and Demolition Waste,,,,,,,,,,,,,,,,,,,,,
CODD_TRAINING_07393,p-2690.jpg,gypsum_board,,Construction and Demolition Waste,,,,,,,,,,,,,,,,,,,,,
CODD_TRAINING_07394,p-2690.jpg,gypsum_board,,Construction and Demolition Waste,,,,,,,,,,,,,,,,,,,,,
CODD_TRAINING_07395,p-2690.jpg,gypsum_board,,Construction and Demolition Waste,,,,,,,,,,,,,,,,,,,,,
CODD_TRAINING_07396,p-2690.jpg,gypsum_board,,Construction and Demolition Waste,,,,,,,,,,,,,,,,,,,,,
CODD_TRAINING_07397,p-2691.jpg,gypsum_board,,Construction and Demolition Waste,,,,,,,,,,,,,,,,,,,,,
CODD_TRAINING_07398,p-2691.jpg,gypsum_board,,Construction and Demolition Waste,,,,,,,,,,,,,,,,,,,,,
CODD_TRAINING_07399,p-2691.jpg,gypsum_board,,Construction and Demolition Waste,,,,,,,,,,,,,,,,,,,,,
CODD_TRAINING_07400,p-2691.jpg,gypsum_board,,Construction and Demolition Waste,,,,,,,,,,,,,,,,,,,,,
CODD_TRAINING_07401,p-2691.jpg,gypsum_board,,Construction and Demolition Waste,,,,,,,,,,,,,,,,,,,,,
CODD_TRAINING_07402,p-2691.jpg,gypsum_board,,Construction and Demolition Waste,,,,,,,,,,,,,,,,,,,,,
CODD_TRAINING_07403,p-2691.jpg,gypsum_board,,Construction and Demolition Waste,,,,,,,,,,,,,,,,,,,,,
CODD_TRAINING_07404,p-2691.jpg,gypsum_board,,Construction and Demolition Waste,,,,,,,,,,,,,,,,,,,,,
CODD_TRAINING_07405,p-2691.jpg,gypsum_board,,Construction and Demolition Waste,,,,,,,,,,,,,,,,,,,,,
CODD_TRAINING_07406,p-2691.jpg,gypsum_board,,Construction and Demolition Waste,,,,,,,,,,,,,,,,,,,,,
CODD_TRAINING_07407,p-2691.jpg,gypsum_board,,Construction and Demolition Waste,,,,,,,,,,,,,,,,,,,,,
CODD_TRAINING_07408,p-2691.jpg,gypsum_board,,Construction and Demolition Waste,,,,,,,,,,,,,,,,,,,,,
CODD_TRAINING_07409,p-2691.jpg,gypsum_board,,Construction and Demolition Waste,,,,,,,,,,,,,,,,,,,,,
CODD_TRAINING_07410,p-2691.jpg,gypsum_board,,Construction and Demolition Waste,,,,,,,,,,,,,,,,,,,,,
CODD_TRAINING_07411,p-2691.jpg,gypsum_board,,Construction and Demolition Waste,,,,,,,,,,,,,,,,,,,,,
CODD_TRAINING_07412,p-2691.jpg,gypsum_board,,Construction and Demolition Waste,,,,,,,,,,,,,,,,,,,,,
CODD_TRAINING_07413,p-2692.jpg,gypsum_board,,Construction and Demolition Waste,,,,,,,,,,,,,,,,,,,,,
CODD_TRAINING_07414,p-2692.jpg,gypsum_board,,Construction and Demolition Waste,,,,,,,,,,,,,,,,,,,,,
CODD_TRAINING_07415,p-2692.jpg,gypsum_board,,Construction and Demolition Waste,,,,,,,,,,,,,,,,,,,,,
CODD_TRAINING_07416,p-2692.jpg,gypsum_board,,Construction and Demolition Waste,,,,,,,,,,,,,,,,,,,,,
CODD_TRAINING_07417,p-2692.jpg,gypsum_board,,Construction and Demolition Waste,,,,,,,,,,,,,,,,,,,,,
CODD_TRAINING_07418,p-2692.jpg,gypsum_board,,Construction and Demolition Waste,,,,,,,,,,,,,,,,,,,,,
CODD_TRAINING_07419,p-2692.jpg,gypsum_board,,Construction and Demolition Waste,,,,,,,,,,,,,,,,,,,,,
CODD_TRAINING_07420,p-2692.jpg,gypsum_board,,Construction and Demolition Waste,,,,,,,,,,,,,,,,,,,,,
CODD_TRAINING_07421,p-2692.jpg,gypsum_board,,Construction and Demolition Waste,,,,,,,,,,,,,,,,,,,,,
CODD_TRAINING_07422,p-2692.jpg,gypsum_board,,Construction and Demolition Waste,,,,,,,,,,,,,,,,,,,,,
CODD_TRAINING_07423,p-2692.jpg,gypsum_board,,Construction and Demolition Waste,,,,,,,,,,,,,,,,,,,,,
CODD_TRAINING_07424,p-2692.jpg,gypsum_board,,Construction and Demolition Waste,,,,,,,,,,,,,,,,,,,,,
CODD_TRAINING_07425,p-2692.jpg,gypsum_board,,Construction and Demolition Waste,,,,,,,,,,,,,,,,,,,,,
CODD_TRAINING_07426,p-2692.jpg,gypsum_board,,Construction and Demolition Waste,,,,,,,,,,,,,,,,,,,,,
CODD_TRAINING_07427,p-2692.jpg,gypsum_board,,Construction and Demolition Waste,,,,,,,,,,,,,,,,,,,,,
CODD_TRAINING_07428,p-2692.jpg,gypsum_board,,Construction and Demolition Waste,,,,,,,,,,,,,,,,,,,,,
CODD_TRAINING_07429,p-2693.jpg,gypsum_board,,Construction and Demolition Waste,,,,,,,,,,,,,,,,,,,,,
CODD_TRAINING_07430,p-2693.jpg,gypsum_board,,Construction and Demolition Waste,,,,,,,,,,,,,,,,,,,,,
CODD_TRAINING_07431,p-2693.jpg,gypsum_board,,Construction and Demolition Waste,,,,,,,,,,,,,,,,,,,,,
CODD_TRAINING_07432,p-2693.jpg,gypsum_board,,Construction and Demolition Waste,,,,,,,,,,,,,,,,,,,,,
CODD_TRAINING_07433,p-2693.jpg,gypsum_board,,Construction and Demolition Waste,,,,,,,,,,,,,,,,,,,,,
CODD_TRAINING_07434,p-2693.jpg,gypsum_board,,Construction and Demolition Waste,,,,,,,,,,,,,,,,,,,,,
CODD_TRAINING_07435,p-2693.jpg,gypsum_board,,Construction and Demolition Waste,,,,,,,,,,,,,,,,,,,,,
CODD_TRAINING_07436,p-2693.jpg,gypsum_board,,Construction and Demolition Waste,,,,,,,,,,,,,,,,,,,,,
CODD_TRAINING_07437,p-2693.jpg,gypsum_board,,Construction and Demolition Waste,,,,,,,,,,,,,,,,,,,,,
CODD_TRAINING_07438,p-2693.jpg,gypsum_board,,Construction and Demolition Waste,,,,,,,,,,,,,,,,,,,,,
CODD_TRAINING_07439,p-2693.jpg,gypsum_board,,Construction and Demolition Waste,,,,,,,,,,,,,,,,,,,,,
CODD_TRAINING_07440,p-2693.jpg,gypsum_board,,Construction and Demolition Waste,,,,,,,,,,,,,,,,,,,,,
CODD_TRAINING_07441,p-2693.jpg,gypsum_board,,Construction and Demolition Waste,,,,,,,,,,,,,,,,,,,,,
CODD_TRAINING_07442,p-2693.jpg,gypsum_board,,Construction and Demolition Waste,,,,,,,,,,,,,,,,,,,,,
CODD_TRAINING_07443,p-2693.jpg,gypsum_board,,Construction and Demolition Waste,,,,,,,,,,,,,,,,,,,,,
CODD_TRAINING_07444,p-2693.jpg,gypsum_board,,Construction and Demolition Waste,,,,,,,,,,,,,,,,,,,,,
CODD_TRAINING_07445,p-2693.jpg,gypsum_board,,Construction and Demolition Waste,,,,,,,,,,,,,,,,,,,,,
CODD_TRAINING_07446,p-2693.jpg,gypsum_board,,Construction and Demolition Waste,,,,,,,,,,,,,,,,,,,,,
CODD_TRAINING_07447,p-2693.jpg,gypsum_board,,Construction and Demolition Waste,,,,,,,,,,,,,,,,,,,,,
CODD_TRAINING_07448,p-2693.jpg,gypsum_board,,Construction and Demolition Waste,,,,,,,,,,,,,,,,,,,,,
CODD_TRAINING_07449,p-2695.jpg,gypsum_board,,Construction and Demolition Waste,,,,,,,,,,,,,,,,,,,,,
CODD_TRAINING_07450,p-2695.jpg,gypsum_board,,Construction and Demolition Waste,,,,,,,,,,,,,,,,,,,,,
CODD_TRAINING_07451,p-2695.jpg,gypsum_board,,Construction and Demolition Waste,,,,,,,,,,,,,,,,,,,,,
CODD_TRAINING_07452,p-2695.jpg,gypsum_board,,Construction and Demolition Waste,,,,,,,,,,,,,,,,,,,,,
CODD_TRAINING_07453,p-2695.jpg,gypsum_board,,Construction and Demolition Waste,,,,,,,,,,,,,,,,,,,,,
CODD_TRAINING_07454,p-2695.jpg,gypsum_board,,Construction and Demolition Waste,,,,,,,,,,,,,,,,,,,,,
CODD_TRAINING_07455,p-2695.jpg,gypsum_board,,Construction and Demolition Waste,,,,,,,,,,,,,,,,,,,,,
CODD_TRAINING_07456,p-2695.jpg,gypsum_board,,Construction and Demolition Waste,,,,,,,,,,,,,,,,,,,,,
CODD_TRAINING_07457,p-2695.jpg,gypsum_board,,Construction and Demolition Waste,,,,,,,,,,,,,,,,,,,,,
CODD_TRAINING_07458,p-2695.jpg,gypsum_board,,Construction and Demolition Waste,,,,,,,,,,,,,,,,,,,,,
CODD_TRAINING_07459,p-2695.jpg,gypsum_board,,Construction and Demolition Waste,,,,,,,,,,,,,,,,,,,,,
CODD_TRAINING_07460,p-2695.jpg,gypsum_board,,Construction and Demolition Waste,,,,,,,,,,,,,,,,,,,,,
CODD_TRAINING_07461,p-2695.jpg,gypsum_board,,Construction and Demolition Waste,,,,,,,,,,,,,,,,,,,,,
CODD_TRAINING_07462,p-2695.jpg,gypsum_board,,Construction and Demolition Waste,,,,,,,,,,,,,,,,,,,,,
CODD_TRAINING_07463,p-2695.jpg,gypsum_board,,Construction and Demolition Waste,,,,,,,,,,,,,,,,,,,,,
CODD_TRAINING_07464,p-2695.jpg,gypsum_board,,Construction and Demolition Waste,,,,,,,,,,,,,,,,,,,,,
CODD_TRAINING_07465,p-2696.jpg,gypsum_board,,Construction and Demolition Waste,,,,,,,,,,,,,,,,,,,,,
CODD_TRAINING_07466,p-2696.jpg,gypsum_board,,Construction and Demolition Waste,,,,,,,,,,,,,,,,,,,,,
CODD_TRAINING_07467,p-2696.jpg,gypsum_board,,Construction and Demolition Waste,,,,,,,,,,,,,,,,,,,,,
CODD_TRAINING_07468,p-2696.jpg,gypsum_board,,Construction and Demolition Waste,,,,,,,,,,,,,,,,,,,,,
CODD_TRAINING_07469,p-2696.jpg,gypsum_board,,Construction and Demolition Waste,,,,,,,,,,,,,,,,,,,,,
CODD_TRAINING_07470,p-2696.jpg,gypsum_board,,Construction and Demolition Waste,,,,,,,,,,,,,,,,,,,,,
CODD_TRAINING_07471,p-2696.jpg,gypsum_board,,Construction and Demolition Waste,,,,,,,,,,,,,,,,,,,,,
CODD_TRAINING_07472,p-2696.jpg,gypsum_board,,Construction and Demolition Waste,,,,,,,,,,,,,,,,,,,,,
CODD_TRAINING_07473,p-2696.jpg,gypsum_board,,Construction and Demolition Waste,,,,,,,,,,,,,,,,,,,,,
CODD_TRAINING_07474,p-2696.jpg,gypsum_board,,Construction and Demolition Waste,,,,,,,,,,,,,,,,,,,,,
CODD_TRAINING_07475,p-2696.jpg,gypsum_board,,Construction and Demolition Waste,,,,,,,,,,,,,,,,,,,,,
CODD_TRAINING_07476,p-2696.jpg,gypsum_board,,Construction and Demolition Waste,,,,,,,,,,,,,,,,,,,,,
CODD_TRAINING_07477,p-2696.jpg,gypsum_board,,Construction and Demolition Waste,,,,,,,,,,,,,,,,,,,,,
CODD_TRAINING_07478,p-2696.jpg,gypsum_board,,Construction and Demolition Waste,,,,,,,,,,,,,,,,,,,,,
CODD_TRAINING_07479,p-2696.jpg,gypsum_board,,Construction and Demolition Waste,,,,,,,,,,,,,,,,,,,,,
CODD_TRAINING_07480,p-2696.jpg,gypsum_board,,Construction and Demolition Waste,,,,,,,,,,,,,,,,,,,,,
CODD_TRAINING_07481,plastic-1124.jpg,pipes,,Construction and Demolition Waste,,,,,,,,,,,,,,,,,,,,,
CODD_TRAINING_07482,plastic-1124.jpg,pipes,,Construction and Demolition Waste,,,,,,,,,,,,,,,,,,,,,
CODD_TRAINING_07483,plastic-1126.jpg,plastic,,Construction and Demolition Waste,,,,,,,,,,,,,,,,,,,,,
CODD_TRAINING_07484,plastic-1130.jpg,pipes,,Construction and Demolition Waste,,,,,,,,,,,,,,,,,,,,,
CODD_TRAINING_07485,plastic-1130.jpg,plastic,,Construction and Demolition Waste,,,,,,,,,,,,,,,,,,,,,
CODD_TRAINING_07486,plastic-1130.jpg,plastic,,Construction and Demolition Waste,,,,,,,,,,,,,,,,,,,,,
CODD_TRAINING_07487,plastic-1136.jpg,pipes,,Construction and Demolition Waste,,,,,,,,,,,,,,,,,,,,,
CODD_TRAINING_07488,plastic-1136.jpg,plastic,,Construction and Demolition Waste,,,,,,,,,,,,,,,,,,,,,
CODD_TRAINING_07489,plastic-1136.jpg,pipes,,Construction and Demolition Waste,,,,,,,,,,,,,,,,,,,,,
CODD_TRAINING_07490,plastic-1136.jpg,plastic,,Construction and Demolition Waste,,,,,,,,,,,,,,,,,,,,,
CODD_TRAINING_07491,plastic-1136.jpg,pipes,,Construction and Demolition Waste,,,,,,,,,,,,,,,,,,,,,
CODD_TRAINING_07492,plastic-1137.jpg,pipes,,Construction and Demolition Waste,,,,,,,,,,,,,,,,,,,,,
CODD_TRAINING_07493,plastic-1137.jpg,plastic,,Construction and Demolition Waste,,,,,,,,,,,,,,,,,,,,,
CODD_TRAINING_07494,plastic-1137.jpg,pipes,,Construction and Demolition Waste,,,,,,,,,,,,,,,,,,,,,
CODD_TRAINING_07495,plastic-1137.jpg,plastic,,Construction and Demolition Waste,,,,,,,,,,,,,,,,,,,,,
CODD_TRAINING_07496,plastic-1137.jpg,pipes,,Construction and Demolition Waste,,,,,,,,,,,,,,,,,,,,,
CODD_TRAINING_07497,plastic-1137.jpg,plastic,,Construction and Demolition Waste,,,,,,,,,,,,,,,,,,,,,
CODD_TRAINING_07498,plastic-1137.jpg,plastic,,Construction and Demolition Waste,,,,,,,,,,,,,,,,,,,,,
CODD_TRAINING_07499,plastic-1137.jpg,plastic,,Construction and Demolition Waste,,,,,,,,,,,,,,,,,,,,,
CODD_TRAINING_07500,plastic-1139.jpg,pipes,,Construction and Demolition Waste,,,,,,,,,,,,,,,,,,,,,
CODD_TRAINING_07501,plastic-1139.jpg,plastic,,Construction and Demolition Waste,,,,,,,,,,,,,,,,,,,,,
CODD_TRAINING_07502,plastic-1139.jpg,plastic,,Construction and Demolition Waste,,,,,,,,,,,,,,,,,,,,,
CODD_TRAINING_07503,plastic-1139.jpg,plastic,,Construction and Demolition Waste,,,,,,,,,,,,,,,,,,,,,
CODD_TRAINING_07504,plastic-1140.jpg,pipes,,Construction and Demolition Waste,,,,,,,,,,,,,,,,,,,,,
CODD_TRAINING_07505,plastic-1140.jpg,plastic,,Construction and Demolition Waste,,,,,,,,,,,,,,,,,,,,,
CODD_TRAINING_07506,plastic-1140.jpg,pipes,,Construction and Demolition Waste,,,,,,,,,,,,,,,,,,,,,
CODD_TRAINING_07507,plastic-1140.jpg,plastic,,Construction and Demolition Waste,,,,,,,,,,,,,,,,,,,,,
CODD_TRAINING_07508,plastic-1140.jpg,pipes,,Construction and Demolition Waste,,,,,,,,,,,,,,,,,,,,,
CODD_TRAINING_07509,plastic-1140.jpg,plastic,,Construction and Demolition Waste,,,,,,,,,,,,,,,,,,,,,
CODD_TRAINING_07510,plastic-1140.jpg,plastic,,Construction and Demolition Waste,,,,,,,,,,,,,,,,,,,,,
CODD_TRAINING_07511,plastic-1140.jpg,plastic,,Construction and Demolition Waste,,,,,,,,,,,,,,,,,,,,,
CODD_TRAINING_07512,plastic-1140.jpg,plastic,,Construction and Demolition Waste,,,,,,,,,,,,,,,,,,,,,
CODD_TRAINING_07513,plastic-1141.jpg,pipes,,Construction and Demolition Waste,,,,,,,,,,,,,,,,,,,,,
CODD_TRAINING_07514,plastic-1141.jpg,plastic,,Construction and Demolition Waste,,,,,,,,,,,,,,,,,,,,,
CODD_TRAINING_07515,plastic-1141.jpg,plastic,,Construction and Demolition Waste,,,,,,,,,,,,,,,,,,,,,
CODD_TRAINING_07516,plastic-1141.jpg,plastic,,Construction and Demolition Waste,,,,,,,,,,,,,,,,,,,,,
CODD_TRAINING_07517,plastic-1143.jpg,pipes,,Construction and Demolition Waste,,,,,,,,,,,,,,,,,,,,,
CODD_TRAINING_07518,plastic-1143.jpg,plastic,,Construction and Demolition Waste,,,,,,,,,,,,,,,,,,,,,
CODD_TRAINING_07519,plastic-1143.jpg,plastic,,Construction and Demolition Waste,,,,,,,,,,,,,,,,,,,,,
CODD_TRAINING_07520,plastic-1143.jpg,plastic,,Construction and Demolition Waste,,,,,,,,,,,,,,,,,,,,,
CODD_TRAINING_07521,plastic-1145.jpg,plastic,,Construction and Demolition Waste,,,,,,,,,,,,,,,,,,,,,
CODD_TRAINING_07522,plastic-1145.jpg,plastic,,Construction and Demolition Waste,,,,,,,,,,,,,,,,,,,,,
CODD_TRAINING_07523,plastic-1145.jpg,plastic,,Construction and Demolition Waste,,,,,,,,,,,,,,,,,,,,,
CODD_TRAINING_07524,plastic-1146.jpg,plastic,,Construction and Demolition Waste,,,,,,,,,,,,,,,,,,,,,
CODD_TRAINING_07525,plastic-1146.jpg,plastic,,Construction and Demolition Waste,,,,,,,,,,,,,,,,,,,,,
CODD_TRAINING_07526,plastic-1146.jpg,plastic,,Construction and Demolition Waste,,,,,,,,,,,,,,,,,,,,,
CODD_TRAINING_07527,plastic-1147.jpg,plastic,,Construction and Demolition Waste,,,,,,,,,,,,,,,,,,,,,
CODD_TRAINING_07528,plastic-1147.jpg,plastic,,Construction and Demolition Waste,,,,,,,,,,,,,,,,,,,,,
CODD_TRAINING_07529,plastic-1147.jpg,plastic,,Construction and Demolition Waste,,,,,,,,,,,,,,,,,,,,,
CODD_TRAINING_07530,plastic-1148.jpg,plastic,,Construction and Demolition Waste,,,,,,,,,,,,,,,,,,,,,
CODD_TRAINING_07531,plastic-1148.jpg,plastic,,Construction and Demolition Waste,,,,,,,,,,,,,,,,,,,,,
CODD_TRAINING_07532,plastic-1148.jpg,plastic,,Construction and Demolition Waste,,,,,,,,,,,,,,,,,,,,,
CODD_TRAINING_07533,plastic-1148.jpg,plastic,,Construction and Demolition Waste,,,,,,,,,,,,,,,,,,,,,
CODD_TRAINING_07534,plastic-1149.jpg,pipes,,Construction and Demolition Waste,,,,,,,,,,,,,,,,,,,,,
CODD_TRAINING_07535,plastic-1149.jpg,plastic,,Construction and Demolition Waste,,,,,,,,,,,,,,,,,,,,,
CODD_TRAINING_07536,plastic-1149.jpg,pipes,,Construction and Demolition Waste,,,,,,,,,,,,,,,,,,,,,
CODD_TRAINING_07537,plastic-1149.jpg,plastic,,Construction and Demolition Waste,,,,,,,,,,,,,,,,,,,,,
CODD_TRAINING_07538,plastic-1149.jpg,pipes,,Construction and Demolition Waste,,,,,,,,,,,,,,,,,,,,,
CODD_TRAINING_07539,plastic-1149.jpg,plastic,,Construction and Demolition Waste,,,,,,,,,,,,,,,,,,,,,
CODD_TRAINING_07540,plastic-1149.jpg,pipes,,Construction and Demolition Waste,,,,,,,,,,,,,,,,,,,,,
CODD_TRAINING_07541,plastic-1149.jpg,plastic,,Construction and Demolition Waste,,,,,,,,,,,,,,,,,,,,,
CODD_TRAINING_07542,plastic-1149.jpg,plastic,,Construction and Demolition Waste,,,,,,,,,,,,,,,,,,,,,
CODD_TRAINING_07543,plastic-1149.jpg,plastic,,Construction and Demolition Waste,,,,,,,,,,,,,,,,,,,,,
CODD_TRAINING_07544,plastic-1149.jpg,plastic,,Construction and Demolition Waste,,,,,,,,,,,,,,,,,,,,,
CODD_TRAINING_07545,plastic-1149.jpg,plastic,,Construction and Demolition Waste,,,,,,,,,,,,,,,,,,,,,
CODD_TRAINING_07546,plastic-1149.jpg,plastic,,Construction and Demolition Waste,,,,,,,,,,,,,,,,,,,,,
CODD_TRAINING_07547,plastic-1149.jpg,plastic,,Construction and Demolition Waste,,,,,,,,,,,,,,,,,,,,,
CODD_TRAINING_07548,plastic-1149.jpg,plastic,,Construction and Demolition Waste,,,,,,,,,,,,,,,,,,,,,
CODD_TRAINING_07549,plastic-1149.jpg,plastic,,Construction and Demolition Waste,,,,,,,,,,,,,,,,,,,,,
CODD_TRAINING_07550,plastic-1149.jpg,plastic,,Construction and Demolition Waste,,,,,,,,,,,,,,,,,,,,,
CODD_TRAINING_07551,plastic-1151.jpg,pipes,,Construction and Demolition Waste,,,,,,,,,,,,,,,,,,,,,
CODD_TRAINING_07552,plastic-1151.jpg,plastic,,Construction and Demolition Waste,,,,,,,,,,,,,,,,,,,,,
CODD_TRAINING_07553,plastic-1151.jpg,plastic,,Construction and Demolition Waste,,,,,,,,,,,,,,,,,,,,,
CODD_TRAINING_07554,plastic-1152.jpg,pipes,,Construction and Demolition Waste,,,,,,,,,,,,,,,,,,,,,
CODD_TRAINING_07555,plastic-1152.jpg,plastic,,Construction and Demolition Waste,,,,,,,,,,,,,,,,,,,,,
CODD_TRAINING_07556,plastic-1152.jpg,pipes,,Construction and Demolition Waste,,,,,,,,,,,,,,,,,,,,,
CODD_TRAINING_07557,plastic-1152.jpg,plastic,,Construction and Demolition Waste,,,,,,,,,,,,,,,,,,,,,
CODD_TRAINING_07558,plastic-1152.jpg,pipes,,Construction and Demolition Waste,,,,,,,,,,,,,,,,,,,,,
CODD_TRAINING_07559,plastic-1152.jpg,plastic,,Construction and Demolition Waste,,,,,,,,,,,,,,,,,,,,,
CODD_TRAINING_07560,plastic-1152.jpg,pipes,,Construction and Demolition Waste,,,,,,,,,,,,,,,,,,,,,
CODD_TRAINING_07561,plastic-1152.jpg,plastic,,Construction and Demolition Waste,,,,,,,,,,,,,,,,,,,,,
CODD_TRAINING_07562,plastic-1152.jpg,plastic,,Construction and Demolition Waste,,,,,,,,,,,,,,,,,,,,,
CODD_TRAINING_07563,plastic-1152.jpg,plastic,,Construction and Demolition Waste,,,,,,,,,,,,,,,,,,,,,
CODD_TRAINING_07564,plastic-1152.jpg,plastic,,Construction and Demolition Waste,,,,,,,,,,,,,,,,,,,,,
CODD_TRAINING_07565,plastic-1152.jpg,plastic,,Construction and Demolition Waste,,,,,,,,,,,,,,,,,,,,,
CODD_TRAINING_07566,plastic-1153.jpg,pipes,,Construction and Demolition Waste,,,,,,,,,,,,,,,,,,,,,
CODD_TRAINING_07567,plastic-1153.jpg,plastic,,Construction and Demolition Waste,,,,,,,,,,,,,,,,,,,,,
CODD_TRAINING_07568,plastic-1153.jpg,pipes,,Construction and Demolition Waste,,,,,,,,,,,,,,,,,,,,,
CODD_TRAINING_07569,plastic-1153.jpg,plastic,,Construction and Demolition Waste,,,,,,,,,,,,,,,,,,,,,
CODD_TRAINING_07570,plastic-1154.jpg,pipes,,Construction and Demolition Waste,,,,,,,,,,,,,,,,,,,,,
CODD_TRAINING_07571,plastic-1154.jpg,pipes,,Construction and Demolition Waste,,,,,,,,,,,,,,,,,,,,,
CODD_TRAINING_07572,plastic-1154.jpg,plastic,,Construction and Demolition Waste,,,,,,,,,,,,,,,,,,,,,
CODD_TRAINING_07573,plastic-1154.jpg,plastic,,Construction and Demolition Waste,,,,,,,,,,,,,,,,,,,,,
CODD_TRAINING_07574,plastic-1155.jpg,pipes,,Construction and Demolition Waste,,,,,,,,,,,,,,,,,,,,,
CODD_TRAINING_07575,plastic-1155.jpg,plastic,,Construction and Demolition Waste,,,,,,,,,,,,,,,,,,,,,
CODD_TRAINING_07576,plastic-1155.jpg,plastic,,Construction and Demolition Waste,,,,,,,,,,,,,,,,,,,,,
CODD_TRAINING_07577,plastic-1156.jpg,pipes,,Construction and Demolition Waste,,,,,,,,,,,,,,,,,,,,,
CODD_TRAINING_07578,plastic-1156.jpg,plastic,,Construction and Demolition Waste,,,,,,,,,,,,,,,,,,,,,
CODD_TRAINING_07579,plastic-1156.jpg,plastic,,Construction and Demolition Waste,,,,,,,,,,,,,,,,,,,,,
CODD_TRAINING_07580,plastic-1157.jpg,pipes,,Construction and Demolition Waste,,,,,,,,,,,,,,,,,,,,,
CODD_TRAINING_07581,plastic-1157.jpg,plastic,,Construction and Demolition Waste,,,,,,,,,,,,,,,,,,,,,
CODD_TRAINING_07582,plastic-1157.jpg,plastic,,Construction and Demolition Waste,,,,,,,,,,,,,,,,,,,,,
CODD_TRAINING_07583,plastic-1158.jpg,pipes,,Construction and Demolition Waste,,,,,,,,,,,,,,,,,,,,,
CODD_TRAINING_07584,plastic-1158.jpg,plastic,,Construction and Demolition Waste,,,,,,,,,,,,,,,,,,,,,
CODD_TRAINING_07585,plastic-1158.jpg,pipes,,Construction and Demolition Waste,,,,,,,,,,,,,,,,,,,,,
CODD_TRAINING_07586,plastic-1158.jpg,pipes,,Construction and Demolition Waste,,,,,,,,,,,,,,,,,,,,,
CODD_TRAINING_07587,plastic-1160.jpg,pipes,,Construction and Demolition Waste,,,,,,,,,,,,,,,,,,,,,
CODD_TRAINING_07588,plastic-1160.jpg,plastic,,Construction and Demolition Waste,,,,,,,,,,,,,,,,,,,,,
CODD_TRAINING_07589,plastic-1160.jpg,pipes,,Construction and Demolition Waste,,,,,,,,,,,,,,,,,,,,,
CODD_TRAINING_07590,plastic-1161.jpg,pipes,,Construction and Demolition Waste,,,,,,,,,,,,,,,,,,,,,
CODD_TRAINING_07591,plastic-1161.jpg,plastic,,Construction and Demolition Waste,,,,,,,,,,,,,,,,,,,,,
CODD_TRAINING_07592,plastic-1161.jpg,pipes,,Construction and Demolition Waste,,,,,,,,,,,,,,,,,,,,,
CODD_TRAINING_07593,plastic-1162.jpg,pipes,,Construction and Demolition Waste,,,,,,,,,,,,,,,,,,,,,
CODD_TRAINING_07594,plastic-1162.jpg,pipes,,Construction and Demolition Waste,,,,,,,,,,,,,,,,,,,,,
CODD_TRAINING_07595,plastic-1162.jpg,pipes,,Construction and Demolition Waste,,,,,,,,,,,,,,,,,,,,,
CODD_TRAINING_07596,plastic-1163.jpg,pipes,,Construction and Demolition Waste,,,,,,,,,,,,,,,,,,,,,
CODD_TRAINING_07597,plastic-1163.jpg,pipes,,Construction and Demolition Waste,,,,,,,,,,,,,,,,,,,,,
CODD_TRAINING_07598,plastic-1163.jpg,pipes,,Construction and Demolition Waste,,,,,,,,,,,,,,,,,,,,,
CODD_TRAINING_07599,plastic-1165.jpg,pipes,,Construction and Demolition Waste,,,,,,,,,,,,,,,,,,,,,
CODD_TRAINING_07600,plastic-1165.jpg,plastic,,Construction and Demolition Waste,,,,,,,,,,,,,,,,,,,,,
CODD_TRAINING_07601,plastic-1165.jpg,pipes,,Construction and Demolition Waste,,,,,,,,,,,,,,,,,,,,,
CODD_TRAINING_07602,plastic-1165.jpg,pipes,,Construction and Demolition Waste,,,,,,,,,,,,,,,,,,,,,
CODD_TRAINING_07603,plastic-1165.jpg,pipes,,Construction and Demolition Waste,,,,,,,,,,,,,,,,,,,,,
CODD_TRAINING_07604,plastic-1165.jpg,pipes,,Construction and Demolition Waste,,,,,,,,,,,,,,,,,,,,,
CODD_TRAINING_07605,plastic-1165.jpg,pipes,,Construction and Demolition Waste,,,,,,,,,,,,,,,,,,,,,
CODD_TRAINING_07606,plastic-1165.jpg,pipes,,Construction and Demolition Waste,,,,,,,,,,,,,,,,,,,,,
CODD_TRAINING_07607,plastic-1165.jpg,pipes,,Construction and Demolition Waste,,,,,,,,,,,,,,,,,,,,,
CODD_TRAINING_07608,plastic-1165.jpg,pipes,,Construction and Demolition Waste,,,,,,,,,,,,,,,,,,,,,
CODD_TRAINING_07609,plastic-1165.jpg,pipes,,Construction and Demolition Waste,,,,,,,,,,,,,,,,,,,,,
CODD_TRAINING_07610,plastic-1165.jpg,pipes,,Construction and Demolition Waste,,,,,,,,,,,,,,,,,,,,,
CODD_TRAINING_07611,plastic-1165.jpg,pipes,,Construction and Demolition Waste,,,,,,,,,,,,,,,,,,,,,
CODD_TRAINING_07612,plastic-1166.jpg,pipes,,Construction and Demolition Waste,,,,,,,,,,,,,,,,,,,,,
CODD_TRAINING_07613,plastic-1166.jpg,plastic,,Construction and Demolition Waste,,,,,,,,,,,,,,,,,,,,,
CODD_TRAINING_07614,plastic-1166.jpg,pipes,,Construction and Demolition Waste,,,,,,,,,,,,,,,,,,,,,
CODD_TRAINING_07615,plastic-1167.jpg,pipes,,Construction and Demolition Waste,,,,,,,,,,,,,,,,,,,,,
CODD_TRAINING_07616,plastic-1167.jpg,plastic,,Construction and Demolition Waste,,,,,,,,,,,,,,,,,,,,,
CODD_TRAINING_07617,plastic-1167.jpg,pipes,,Construction and Demolition Waste,,,,,,,,,,,,,,,,,,,,,
CODD_TRAINING_07618,plastic-1169.jpg,pipes,,Construction and Demolition Waste,,,,,,,,,,,,,,,,,,,,,
CODD_TRAINING_07619,plastic-1169.jpg,pipes,,Construction and Demolition Waste,,,,,,,,,,,,,,,,,,,,,
CODD_TRAINING_07620,plastic-1170.jpg,pipes,,Construction and Demolition Waste,,,,,,,,,,,,,,,,,,,,,
CODD_TRAINING_07621,plastic-1170.jpg,pipes,,Construction and Demolition Waste,,,,,,,,,,,,,,,,,,,,,
CODD_TRAINING_07622,plastic-1172.jpg,plastic,,Construction and Demolition Waste,,,,,,,,,,,,,,,,,,,,,
CODD_TRAINING_07623,plastic-1175.jpg,pipes,,Construction and Demolition Waste,,,,,,,,,,,,,,,,,,,,,
CODD_TRAINING_07624,plastic-1175.jpg,plastic,,Construction and Demolition Waste,,,,,,,,,,,,,,,,,,,,,
CODD_TRAINING_07625,plastic-1175.jpg,pipes,,Construction and Demolition Waste,,,,,,,,,,,,,,,,,,,,,
CODD_TRAINING_07626,plastic-1175.jpg,pipes,,Construction and Demolition Waste,,,,,,,,,,,,,,,,,,,,,
CODD_TRAINING_07627,plastic-1175.jpg,pipes,,Construction and Demolition Waste,,,,,,,,,,,,,,,,,,,,,
CODD_TRAINING_07628,plastic-1175.jpg,pipes,,Construction and Demolition Waste,,,,,,,,,,,,,,,,,,,,,
CODD_TRAINING_07629,plastic-1175.jpg,pipes,,Construction and Demolition Waste,,,,,,,,,,,,,,,,,,,,,
CODD_TRAINING_07630,plastic-1175.jpg,pipes,,Construction and Demolition Waste,,,,,,,,,,,,,,,,,,,,,
CODD_TRAINING_07631,plastic-1175.jpg,pipes,,Construction and Demolition Waste,,,,,,,,,,,,,,,,,,,,,
CODD_TRAINING_07632,plastic-1175.jpg,pipes,,Construction and Demolition Waste,,,,,,,,,,,,,,,,,,,,,
CODD_TRAINING_07633,plastic-1175.jpg,pipes,,Construction and Demolition Waste,,,,,,,,,,,,,,,,,,,,,
CODD_TRAINING_07634,plastic-1175.jpg,pipes,,Construction and Demolition Waste,,,,,,,,,,,,,,,,,,,,,
CODD_TRAINING_07635,plastic-1179.jpg,pipes,,Construction and Demolition Waste,,,,,,,,,,,,,,,,,,,,,
CODD_TRAINING_07636,plastic-1179.jpg,pipes,,Construction and Demolition Waste,,,,,,,,,,,,,,,,,,,,,
CODD_TRAINING_07637,plastic-1179.jpg,pipes,,Construction and Demolition Waste,,,,,,,,,,,,,,,,,,,,,
CODD_TRAINING_07638,plastic-1180.jpg,pipes,,Construction and Demolition Waste,,,,,,,,,,,,,,,,,,,,,
CODD_TRAINING_07639,plastic-1180.jpg,pipes,,Construction and Demolition Waste,,,,,,,,,,,,,,,,,,,,,
CODD_TRAINING_07640,plastic-1180.jpg,pipes,,Construction and Demolition Waste,,,,,,,,,,,,,,,,,,,,,
CODD_TRAINING_07641,plastic-1181.jpg,pipes,,Construction and Demolition Waste,,,,,,,,,,,,,,,,,,,,,
CODD_TRAINING_07642,plastic-1182.jpg,pipes,,Construction and Demolition Waste,,,,,,,,,,,,,,,,,,,,,
CODD_TRAINING_07643,plastic-1182.jpg,plastic,,Construction and Demolition Waste,,,,,,,,,,,,,,,,,,,,,
CODD_TRAINING_07644,plastic-1182.jpg,pipes,,Construction and Demolition Waste,,,,,,,,,,,,,,,,,,,,,
CODD_TRAINING_07645,plastic-1182.jpg,plastic,,Construction and Demolition Waste,,,,,,,,,,,,,,,,,,,,,
CODD_TRAINING_07646,plastic-1182.jpg,pipes,,Construction and Demolition Waste,,,,,,,,,,,,,,,,,,,,,
CODD_TRAINING_07647,plastic-1182.jpg,pipes,,Construction and Demolition Waste,,,,,,,,,,,,,,,,,,,,,
CODD_TRAINING_07648,plastic-1182.jpg,pipes,,Construction and Demolition Waste,,,,,,,,,,,,,,,,,,,,,
CODD_TRAINING_07649,plastic-1182.jpg,pipes,,Construction and Demolition Waste,,,,,,,,,,,,,,,,,,,,,
CODD_TRAINING_07650,plastic-1184.jpg,pipes,,Construction and Demolition Waste,,,,,,,,,,,,,,,,,,,,,
CODD_TRAINING_07651,plastic-1184.jpg,plastic,,Construction and Demolition Waste,,,,,,,,,,,,,,,,,,,,,
CODD_TRAINING_07652,plastic-1184.jpg,plastic,,Construction and Demolition Waste,,,,,,,,,,,,,,,,,,,,,
CODD_TRAINING_07653,plastic-1186.jpg,pipes,,Construction and Demolition Waste,,,,,,,,,,,,,,,,,,,,,
CODD_TRAINING_07654,plastic-1186.jpg,plastic,,Construction and Demolition Waste,,,,,,,,,,,,,,,,,,,,,
CODD_TRAINING_07655,plastic-1186.jpg,pipes,,Construction and Demolition Waste,,,,,,,,,,,,,,,,,,,,,
CODD_TRAINING_07656,plastic-1186.jpg,plastic,,Construction and Demolition Waste,,,,,,,,,,,,,,,,,,,,,
CODD_TRAINING_07657,plastic-1186.jpg,pipes,,Construction and Demolition Waste,,,,,,,,,,,,,,,,,,,,,
CODD_TRAINING_07658,plastic-1186.jpg,pipes,,Construction and Demolition Waste,,,,,,,,,,,,,,,,,,,,,
CODD_TRAINING_07659,plastic-1186.jpg,pipes,,Construction and Demolition Waste,,,,,,,,,,,,,,,,,,,,,
CODD_TRAINING_07660,plastic-1186.jpg,pipes,,Construction and Demolition Waste,,,,,,,,,,,,,,,,,,,,,
CODD_TRAINING_07661,plastic-1188.jpg,pipes,,Construction and Demolition Waste,,,,,,,,,,,,,,,,,,,,,
CODD_TRAINING_07662,plastic-1188.jpg,plastic,,Construction and Demolition Waste,,,,,,,,,,,,,,,,,,,,,
CODD_TRAINING_07663,plastic-1188.jpg,plastic,,Construction and Demolition Waste,,,,,,,,,,,,,,,,,,,,,
CODD_TRAINING_07664,plastic-1190.jpg,pipes,,Construction and Demolition Waste,,,,,,,,,,,,,,,,,,,,,
CODD_TRAINING_07665,plastic-1190.jpg,pipes,,Construction and Demolition Waste,,,,,,,,,,,,,,,,,,,,,
CODD_TRAINING_07666,plastic-1190.jpg,pipes,,Construction and Demolition Waste,,,,,,,,,,,,,,,,,,,,,
CODD_TRAINING_07667,plastic-1191.jpg,pipes,,Construction and Demolition Waste,,,,,,,,,,,,,,,,,,,,,
CODD_TRAINING_07668,plastic-1191.jpg,pipes,,Construction and Demolition Waste,,,,,,,,,,,,,,,,,,,,,
CODD_TRAINING_07669,plastic-1191.jpg,pipes,,Construction and Demolition Waste,,,,,,,,,,,,,,,,,,,,,
CODD_TRAINING_07670,plastic-1193.jpg,plastic,,Construction and Demolition Waste,,,,,,,,,,,,,,,,,,,,,
CODD_TRAINING_07671,plastic-1193.jpg,plastic,,Construction and Demolition Waste,,,,,,,,,,,,,,,,,,,,,
CODD_TRAINING_07672,plastic-1194.jpg,plastic,,Construction and Demolition Waste,,,,,,,,,,,,,,,,,,,,,
CODD_TRAINING_07673,plastic-1194.jpg,plastic,,Construction and Demolition Waste,,,,,,,,,,,,,,,,,,,,,
CODD_TRAINING_07674,plastic-1196.jpg,pipes,,Construction and Demolition Waste,,,,,,,,,,,,,,,,,,,,,
CODD_TRAINING_07675,plastic-1196.jpg,pipes,,Construction and Demolition Waste,,,,,,,,,,,,,,,,,,,,,
CODD_TRAINING_07676,plastic-1196.jpg,pipes,,Construction and Demolition Waste,,,,,,,,,,,,,,,,,,,,,
CODD_TRAINING_07677,plastic-1196.jpg,pipes,,Construction and Demolition Waste,,,,,,,,,,,,,,,,,,,,,
CODD_TRAINING_07678,plastic-1197.jpg,pipes,,Construction and Demolition Waste,,,,,,,,,,,,,,,,,,,,,
CODD_TRAINING_07679,plastic-1198.jpg,plastic,,Construction and Demolition Waste,,,,,,,,,,,,,,,,,,,,,
CODD_TRAINING_07680,plastic-1198.jpg,pipes,,Construction and Demolition Waste,,,,,,,,,,,,,,,,,,,,,
CODD_TRAINING_07681,plastic-1198.jpg,pipes,,Construction and Demolition Waste,,,,,,,,,,,,,,,,,,,,,
CODD_TRAINING_07682,plastic-1198.jpg,pipes,,Construction and Demolition Waste,,,,,,,,,,,,,,,,,,,,,
CODD_TRAINING_07683,plastic-1201.jpg,pipes,,Construction and Demolition Waste,,,,,,,,,,,,,,,,,,,,,
CODD_TRAINING_07684,plastic-1201.jpg,plastic,,Construction and Demolition Waste,,,,,,,,,,,,,,,,,,,,,
CODD_TRAINING_07685,plastic-1201.jpg,pipes,,Construction and Demolition Waste,,,,,,,,,,,,,,,,,,,,,
CODD_TRAINING_07686,plastic-1202.jpg,pipes,,Construction and Demolition Waste,,,,,,,,,,,,,,,,,,,,,
CODD_TRAINING_07687,plastic-1202.jpg,plastic,,Construction and Demolition Waste,,,,,,,,,,,,,,,,,,,,,
CODD_TRAINING_07688,plastic-1204.jpg,pipes,,Construction and Demolition Waste,,,,,,,,,,,,,,,,,,,,,
CODD_TRAINING_07689,plastic-1204.jpg,pipes,,Construction and Demolition Waste,,,,,,,,,,,,,,,,,,,,,
CODD_TRAINING_07690,plastic-1205.jpg,pipes,,Construction and Demolition Waste,,,,,,,,,,,,,,,,,,,,,
CODD_TRAINING_07691,plastic-1205.jpg,pipes,,Construction and Demolition Waste,,,,,,,,,,,,,,,,,,,,,
CODD_TRAINING_07692,plastic-1207.jpg,pipes,,Construction and Demolition Waste,,,,,,,,,,,,,,,,,,,,,
CODD_TRAINING_07693,plastic-1207.jpg,pipes,,Construction and Demolition Waste,,,,,,,,,,,,,,,,,,,,,
CODD_TRAINING_07694,plastic-1207.jpg,pipes,,Construction and Demolition Waste,,,,,,,,,,,,,,,,,,,,,
CODD_TRAINING_07695,plastic-1207.jpg,pipes,,Construction and Demolition Waste,,,,,,,,,,,,,,,,,,,,,
CODD_TRAINING_07696,plastic-1208.jpg,pipes,,Construction and Demolition Waste,,,,,,,,,,,,,,,,,,,,,
CODD_TRAINING_07697,plastic-1208.jpg,pipes,,Construction and Demolition Waste,,,,,,,,,,,,,,,,,,,,,
CODD_TRAINING_07698,plastic-1208.jpg,pipes,,Construction and Demolition Waste,,,,,,,,,,,,,,,,,,,,,
CODD_TRAINING_07699,plastic-1208.jpg,pipes,,Construction and Demolition Waste,,,,,,,,,,,,,,,,,,,,,
CODD_TRAINING_07700,plastic-1209.jpg,pipes,,Construction and Demolition Waste,,,,,,,,,,,,,,,,,,,,,
CODD_TRAINING_07701,plastic-1209.jpg,plastic,,Construction and Demolition Waste,,,,,,,,,,,,,,,,,,,,,
CODD_TRAINING_07702,plastic-1209.jpg,pipes,,Construction and Demolition Waste,,,,,,,,,,,,,,,,,,,,,
CODD_TRAINING_07703,plastic-1209.jpg,plastic,,Construction and Demolition Waste,,,,,,,,,,,,,,,,,,,,,
CODD_TRAINING_07704,plastic-1209.jpg,pipes,,Construction and Demolition Waste,,,,,,,,,,,,,,,,,,,,,
CODD_TRAINING_07705,plastic-1209.jpg,pipes,,Construction and Demolition Waste,,,,,,,,,,,,,,,,,,,,,
CODD_TRAINING_07706,plastic-1209.jpg,pipes,,Construction and Demolition Waste,,,,,,,,,,,,,,,,,,,,,
CODD_TRAINING_07707,plastic-1209.jpg,pipes,,Construction and Demolition Waste,,,,,,,,,,,,,,,,,,,,,
CODD_TRAINING_07708,plastic-1209.jpg,pipes,,Construction and Demolition Waste,,,,,,,,,,,,,,,,,,,,,
CODD_TRAINING_07709,plastic-1209.jpg,pipes,,Construction and Demolition Waste,,,,,,,,,,,,,,,,,,,,,
CODD_TRAINING_07710,plastic-1210.jpg,pipes,,Construction and Demolition Waste,,,,,,,,,,,,,,,,,,,,,
CODD_TRAINING_07711,plastic-1210.jpg,plastic,,Construction and Demolition Waste,,,,,,,,,,,,,,,,,,,,,
CODD_TRAINING_07712,plastic-1210.jpg,pipes,,Construction and Demolition Waste,,,,,,,,,,,,,,,,,,,,,
CODD_TRAINING_07713,plastic-1210.jpg,pipes,,Construction and Demolition Waste,,,,,,,,,,,,,,,,,,,,,
CODD_TRAINING_07714,plastic-1211.jpg,pipes,,Construction and Demolition Waste,,,,,,,,,,,,,,,,,,,,,
CODD_TRAINING_07715,plastic-1211.jpg,pipes,,Construction and Demolition Waste,,,,,,,,,,,,,,,,,,,,,
CODD_TRAINING_07716,plastic-1211.jpg,plastic,,Construction and Demolition Waste,,,,,,,,,,,,,,,,,,,,,
CODD_TRAINING_07717,plastic-1211.jpg,pipes,,Construction and Demolition Waste,,,,,,,,,,,,,,,,,,,,,
CODD_TRAINING_07718,plastic-1212.jpg,pipes,,Construction and Demolition Waste,,,,,,,,,,,,,,,,,,,,,
CODD_TRAINING_07719,plastic-1212.jpg,pipes,,Construction and Demolition Waste,,,,,,,,,,,,,,,,,,,,,
CODD_TRAINING_07720,plastic-1213.jpg,pipes,,Construction and Demolition Waste,,,,,,,,,,,,,,,,,,,,,
CODD_TRAINING_07721,plastic-1213.jpg,pipes,,Construction and Demolition Waste,,,,,,,,,,,,,,,,,,,,,
CODD_TRAINING_07722,plastic-1214.jpg,pipes,,Construction and Demolition Waste,,,,,,,,,,,,,,,,,,,,,
CODD_TRAINING_07723,plastic-1214.jpg,plastic,,Construction and Demolition Waste,,,,,,,,,,,,,,,,,,,,,
CODD_TRAINING_07724,plastic-1214.jpg,pipes,,Construction and Demolition Waste,,,,,,,,,,,,,,,,,,,,,
CODD_TRAINING_07725,plastic-1215.jpg,pipes,,Construction and Demolition Waste,,,,,,,,,,,,,,,,,,,,,
CODD_TRAINING_07726,plastic-1215.jpg,plastic,,Construction and Demolition Waste,,,,,,,,,,,,,,,,,,,,,
CODD_TRAINING_07727,plastic-1215.jpg,pipes,,Construction and Demolition Waste,,,,,,,,,,,,,,,,,,,,,
CODD_TRAINING_07728,plastic-1215.jpg,pipes,,Construction and Demolition Waste,,,,,,,,,,,,,,,,,,,,,
CODD_TRAINING_07729,plastic-1215.jpg,pipes,,Construction and Demolition Waste,,,,,,,,,,,,,,,,,,,,,
CODD_TRAINING_07730,plastic-1215.jpg,pipes,,Construction and Demolition Waste,,,,,,,,,,,,,,,,,,,,,
CODD_TRAINING_07731,plastic-1215.jpg,pipes,,Construction and Demolition Waste,,,,,,,,,,,,,,,,,,,,,
CODD_TRAINING_07732,plastic-1215.jpg,pipes,,Construction and Demolition Waste,,,,,,,,,,,,,,,,,,,,,
CODD_TRAINING_07733,plastic-1215.jpg,pipes,,Construction and Demolition Waste,,,,,,,,,,,,,,,,,,,,,
CODD_TRAINING_07734,plastic-1218.jpg,pipes,,Construction and Demolition Waste,,,,,,,,,,,,,,,,,,,,,
CODD_TRAINING_07735,plastic-1218.jpg,pipes,,Construction and Demolition Waste,,,,,,,,,,,,,,,,,,,,,
CODD_TRAINING_07736,plastic-1219.jpg,pipes,,Construction and Demolition Waste,,,,,,,,,,,,,,,,,,,,,
CODD_TRAINING_07737,plastic-1219.jpg,pipes,,Construction and Demolition Waste,,,,,,,,,,,,,,,,,,,,,
CODD_TRAINING_07738,plastic-1221.jpg,pipes,,Construction and Demolition Waste,,,,,,,,,,,,,,,,,,,,,
CODD_TRAINING_07739,plastic-1221.jpg,pipes,,Construction and Demolition Waste,,,,,,,,,,,,,,,,,,,,,
CODD_TRAINING_07740,plastic-1222.jpg,pipes,,Construction and Demolition Waste,,,,,,,,,,,,,,,,,,,,,
CODD_TRAINING_07741,plastic-1222.jpg,plastic,,Construction and Demolition Waste,,,,,,,,,,,,,,,,,,,,,
CODD_TRAINING_07742,plastic-1222.jpg,pipes,,Construction and Demolition Waste,,,,,,,,,,,,,,,,,,,,,
CODD_TRAINING_07743,plastic-1222.jpg,pipes,,Construction and Demolition Waste,,,,,,,,,,,,,,,,,,,,,
CODD_TRAINING_07744,plastic-1222.jpg,pipes,,Construction and Demolition Waste,,,,,,,,,,,,,,,,,,,,,
CODD_TRAINING_07745,plastic-1222.jpg,pipes,,Construction and Demolition Waste,,,,,,,,,,,,,,,,,,,,,
CODD_TRAINING_07746,plastic-1222.jpg,pipes,,Construction and Demolition Waste,,,,,,,,,,,,,,,,,,,,,
CODD_TRAINING_07747,plastic-1222.jpg,pipes,,Construction and Demolition Waste,,,,,,,,,,,,,,,,,,,,,
CODD_TRAINING_07748,plastic-1223.jpg,pipes,,Construction and Demolition Waste,,,,,,,,,,,,,,,,,,,,,
CODD_TRAINING_07749,plastic-1223.jpg,pipes,,Construction and Demolition Waste,,,,,,,,,,,,,,,,,,,,,
CODD_TRAINING_07750,plastic-1223.jpg,plastic,,Construction and Demolition Waste,,,,,,,,,,,,,,,,,,,,,
CODD_TRAINING_07751,plastic-1223.jpg,pipes,,Construction and Demolition Waste,,,,,,,,,,,,,,,,,,,,,
CODD_TRAINING_07752,plastic-1226.jpg,pipes,,Construction and Demolition Waste,,,,,,,,,,,,,,,,,,,,,
CODD_TRAINING_07753,plastic-1226.jpg,pipes,,Construction and Demolition Waste,,,,,,,,,,,,,,,,,,,,,
CODD_TRAINING_07754,plastic-1226.jpg,pipes,,Construction and Demolition Waste,,,,,,,,,,,,,,,,,,,,,
CODD_TRAINING_07755,plastic-1226.jpg,pipes,,Construction and Demolition Waste,,,,,,,,,,,,,,,,,,,,,
CODD_TRAINING_07756,plastic-1226.jpg,pipes,,Construction and Demolition Waste,,,,,,,,,,,,,,,,,,,,,
CODD_TRAINING_07757,plastic-1228.jpg,pipes,,Construction and Demolition Waste,,,,,,,,,,,,,,,,,,,,,
CODD_TRAINING_07758,plastic-1228.jpg,pipes,,Construction and Demolition Waste,,,,,,,,,,,,,,,,,,,,,
CODD_TRAINING_07759,plastic-1228.jpg,pipes,,Construction and Demolition Waste,,,,,,,,,,,,,,,,,,,,,
CODD_TRAINING_07760,plastic-1229.jpg,pipes,,Construction and Demolition Waste,,,,,,,,,,,,,,,,,,,,,
CODD_TRAINING_07761,plastic-1229.jpg,pipes,,Construction and Demolition Waste,,,,,,,,,,,,,,,,,,,,,
CODD_TRAINING_07762,plastic-1229.jpg,pipes,,Construction and Demolition Waste,,,,,,,,,,,,,,,,,,,,,
CODD_TRAINING_07763,plastic-1231.jpg,pipes,,Construction and Demolition Waste,,,,,,,,,,,,,,,,,,,,,
CODD_TRAINING_07764,plastic-1231.jpg,pipes,,Construction and Demolition Waste,,,,,,,,,,,,,,,,,,,,,
CODD_TRAINING_07765,plastic-1231.jpg,pipes,,Construction and Demolition Waste,,,,,,,,,,,,,,,,,,,,,
CODD_TRAINING_07766,plastic-1233.jpg,pipes,,Construction and Demolition Waste,,,,,,,,,,,,,,,,,,,,,
CODD_TRAINING_07767,plastic-1233.jpg,pipes,,Construction and Demolition Waste,,,,,,,,,,,,,,,,,,,,,
CODD_TRAINING_07768,plastic-1233.jpg,pipes,,Construction and Demolition Waste,,,,,,,,,,,,,,,,,,,,,
CODD_TRAINING_07769,plastic-1234.jpg,pipes,,Construction and Demolition Waste,,,,,,,,,,,,,,,,,,,,,
CODD_TRAINING_07770,plastic-1234.jpg,pipes,,Construction and Demolition Waste,,,,,,,,,,,,,,,,,,,,,
CODD_TRAINING_07771,plastic-1234.jpg,pipes,,Construction and Demolition Waste,,,,,,,,,,,,,,,,,,,,,
CODD_TRAINING_07772,plastic-1235.jpg,pipes,,Construction and Demolition Waste,,,,,,,,,,,,,,,,,,,,,
CODD_TRAINING_07773,plastic-1235.jpg,plastic,,Construction and Demolition Waste,,,,,,,,,,,,,,,,,,,,,
CODD_TRAINING_07774,plastic-1235.jpg,pipes,,Construction and Demolition Waste,,,,,,,,,,,,,,,,,,,,,
CODD_TRAINING_07775,plastic-1235.jpg,pipes,,Construction and Demolition Waste,,,,,,,,,,,,,,,,,,,,,
CODD_TRAINING_07776,plastic-1237.jpg,pipes,,Construction and Demolition Waste,,,,,,,,,,,,,,,,,,,,,
CODD_TRAINING_07777,plastic-1237.jpg,plastic,,Construction and Demolition Waste,,,,,,,,,,,,,,,,,,,,,
CODD_TRAINING_07778,plastic-1237.jpg,pipes,,Construction and Demolition Waste,,,,,,,,,,,,,,,,,,,,,
CODD_TRAINING_07779,plastic-1237.jpg,pipes,,Construction and Demolition Waste,,,,,,,,,,,,,,,,,,,,,
CODD_TRAINING_07780,plastic-1239.jpg,plastic,,Construction and Demolition Waste,,,,,,,,,,,,,,,,,,,,,
CODD_TRAINING_07781,plastic-1239.jpg,pipes,,Construction and Demolition Waste,,,,,,,,,,,,,,,,,,,,,
CODD_TRAINING_07782,plastic-1241.jpg,plastic,,Construction and Demolition Waste,,,,,,,,,,,,,,,,,,,,,
CODD_TRAINING_07783,plastic-1243.jpg,general_w,,Construction and Demolition Waste,,,,,,,,,,,,,,,,,,,,,
CODD_TRAINING_07784,plastic-1245.jpg,plastic,,Construction and Demolition Waste,,,,,,,,,,,,,,,,,,,,,
CODD_TRAINING_07785,plastic-1246.jpg,plastic,,Construction and Demolition Waste,,,,,,,,,,,,,,,,,,,,,
CODD_TRAINING_07786,plastic-1247.jpg,pipes,,Construction and Demolition Waste,,,,,,,,,,,,,,,,,,,,,
CODD_TRAINING_07787,plastic-1248.jpg,pipes,,Construction and Demolition Waste,,,,,,,,,,,,,,,,,,,,,
CODD_TRAINING_07788,plastic-1249.jpg,pipes,,Construction and Demolition Waste,,,,,,,,,,,,,,,,,,,,,
CODD_TRAINING_07789,plastic-1250.jpg,pipes,,Construction and Demolition Waste,,,,,,,,,,,,,,,,,,,,,
CODD_TRAINING_07790,plastic-1251.jpg,pipes,,Construction and Demolition Waste,,,,,,,,,,,,,,,,,,,,,
CODD_TRAINING_07791,plastic-1251.jpg,pipes,,Construction and Demolition Waste,,,,,,,,,,,,,,,,,,,,,
CODD_TRAINING_07792,plastic-1251.jpg,pipes,,Construction and Demolition Waste,,,,,,,,,,,,,,,,,,,,,
CODD_TRAINING_07793,plastic-1253.jpg,general_w,,Construction and Demolition Waste,,,,,,,,,,,,,,,,,,,,,
CODD_TRAINING_07794,plastic-1253.jpg,general_w,,Construction and Demolition Waste,,,,,,,,,,,,,,,,,,,,,
CODD_TRAINING_07795,plastic-1255.jpg,general_w,,Construction and Demolition Waste,,,,,,,,,,,,,,,,,,,,,
CODD_TRAINING_07796,plastic-1255.jpg,general_w,,Construction and Demolition Waste,,,,,,,,,,,,,,,,,,,,,
CODD_TRAINING_07797,plastic-1256.jpg,general_w,,Construction and Demolition Waste,,,,,,,,,,,,,,,,,,,,,
CODD_TRAINING_07798,plastic-1257.jpg,general_w,,Construction and Demolition Waste,,,,,,,,,,,,,,,,,,,,,
CODD_TRAINING_07799,plastic-1258.jpg,pipes,,Construction and Demolition Waste,,,,,,,,,,,,,,,,,,,,,
CODD_TRAINING_07800,plastic-1258.jpg,pipes,,Construction and Demolition Waste,,,,,,,,,,,,,,,,,,,,,
CODD_TRAINING_07801,plastic-1258.jpg,pipes,,Construction and Demolition Waste,,,,,,,,,,,,,,,,,,,,,
CODD_TRAINING_07802,plastic-1259.jpg,pipes,,Construction and Demolition Waste,,,,,,,,,,,,,,,,,,,,,
CODD_TRAINING_07803,plastic-1259.jpg,pipes,,Construction and Demolition Waste,,,,,,,,,,,,,,,,,,,,,
CODD_TRAINING_07804,plastic-1259.jpg,pipes,,Construction and Demolition Waste,,,,,,,,,,,,,,,,,,,,,
CODD_TRAINING_07805,plastic-1260.jpg,general_w,,Construction and Demolition Waste,,,,,,,,,,,,,,,,,,,,,
CODD_TRAINING_07806,plastic-1260.jpg,general_w,,Construction and Demolition Waste,,,,,,,,,,,,,,,,,,,,,
CODD_TRAINING_07807,plastic-1261.jpg,general_w,,Construction and Demolition Waste,,,,,,,,,,,,,,,,,,,,,
CODD_TRAINING_07808,plastic-1261.jpg,general_w,,Construction and Demolition Waste,,,,,,,,,,,,,,,,,,,,,
CODD_TRAINING_07809,plastic-1262.jpg,general_w,,Construction and Demolition Waste,,,,,,,,,,,,,,,,,,,,,
CODD_TRAINING_07810,plastic-1262.jpg,general_w,,Construction and Demolition Waste,,,,,,,,,,,,,,,,,,,,,
CODD_TRAINING_07811,plastic-1262.jpg,general_w,,Construction and Demolition Waste,,,,,,,,,,,,,,,,,,,,,
CODD_TRAINING_07812,plastic-1263.jpg,general_w,,Construction and Demolition Waste,,,,,,,,,,,,,,,,,,,,,
CODD_TRAINING_07813,plastic-1263.jpg,general_w,,Construction and Demolition Waste,,,,,,,,,,,,,,,,,,,,,
CODD_TRAINING_07814,plastic-1263.jpg,general_w,,Construction and Demolition Waste,,,,,,,,,,,,,,,,,,,,,
CODD_TRAINING_07815,plastic-1264.jpg,general_w,,Construction and Demolition Waste,,,,,,,,,,,,,,,,,,,,,
CODD_TRAINING_07816,plastic-1264.jpg,general_w,,Construction and Demolition Waste,,,,,,,,,,,,,,,,,,,,,
CODD_TRAINING_07817,plastic-1266.jpg,pipes,,Construction and Demolition Waste,,,,,,,,,,,,,,,,,,,,,
CODD_TRAINING_07818,plastic-1266.jpg,pipes,,Construction and Demolition Waste,,,,,,,,,,,,,,,,,,,,,
CODD_TRAINING_07819,plastic-1266.jpg,pipes,,Construction and Demolition Waste,,,,,,,,,,,,,,,,,,,,,
CODD_TRAINING_07820,plastic-1266.jpg,pipes,,Construction and Demolition Waste,,,,,,,,,,,,,,,,,,,,,
CODD_TRAINING_07821,plastic-1268.jpg,plastic,,Construction and Demolition Waste,,,,,,,,,,,,,,,,,,,,,
CODD_TRAINING_07822,plastic-1272.jpg,general_w,,Construction and Demolition Waste,,,,,,,,,,,,,,,,,,,,,
CODD_TRAINING_07823,plastic-1272.jpg,general_w,,Construction and Demolition Waste,,,,,,,,,,,,,,,,,,,,,
CODD_TRAINING_07824,plastic-1273.jpg,pipes,,Construction and Demolition Waste,,,,,,,,,,,,,,,,,,,,,
CODD_TRAINING_07825,plastic-1273.jpg,pipes,,Construction and Demolition Waste,,,,,,,,,,,,,,,,,,,,,
CODD_TRAINING_07826,plastic-1273.jpg,pipes,,Construction and Demolition Waste,,,,,,,,,,,,,,,,,,,,,
CODD_TRAINING_07827,plastic-1274.jpg,pipes,,Construction and Demolition Waste,,,,,,,,,,,,,,,,,,,,,
CODD_TRAINING_07828,plastic-1274.jpg,pipes,,Construction and Demolition Waste,,,,,,,,,,,,,,,,,,,,,
CODD_TRAINING_07829,plastic-1274.jpg,pipes,,Construction and Demolition Waste,,,,,,,,,,,,,,,,,,,,,
CODD_TRAINING_07830,plastic-1275.jpg,pipes,,Construction and Demolition Waste,,,,,,,,,,,,,,,,,,,,,
CODD_TRAINING_07831,plastic-1275.jpg,pipes,,Construction and Demolition Waste,,,,,,,,,,,,,,,,,,,,,
CODD_TRAINING_07832,plastic-1275.jpg,pipes,,Construction and Demolition Waste,,,,,,,,,,,,,,,,,,,,,
CODD_TRAINING_07833,plastic-1276.jpg,pipes,,Construction and Demolition Waste,,,,,,,,,,,,,,,,,,,,,
CODD_TRAINING_07834,plastic-1276.jpg,pipes,,Construction and Demolition Waste,,,,,,,,,,,,,,,,,,,,,
CODD_TRAINING_07835,plastic-1276.jpg,pipes,,Construction and Demolition Waste,,,,,,,,,,,,,,,,,,,,,
CODD_TRAINING_07836,plastic-1277.jpg,pipes,,Construction and Demolition Waste,,,,,,,,,,,,,,,,,,,,,
CODD_TRAINING_07837,plastic-1277.jpg,pipes,,Construction and Demolition Waste,,,,,,,,,,,,,,,,,,,,,
CODD_TRAINING_07838,plastic-1277.jpg,pipes,,Construction and Demolition Waste,,,,,,,,,,,,,,,,,,,,,
CODD_TRAINING_07839,plastic-1279.jpg,general_w,,Construction and Demolition Waste,,,,,,,,,,,,,,,,,,,,,
CODD_TRAINING_07840,plastic-1279.jpg,general_w,,Construction and Demolition Waste,,,,,,,,,,,,,,,,,,,,,
CODD_TRAINING_07841,plastic-1280.jpg,general_w,,Construction and Demolition Waste,,,,,,,,,,,,,,,,,,,,,
CODD_TRAINING_07842,plastic-1280.jpg,general_w,,Construction and Demolition Waste,,,,,,,,,,,,,,,,,,,,,
CODD_TRAINING_07843,plastic-1281.jpg,pipes,,Construction and Demolition Waste,,,,,,,,,,,,,,,,,,,,,
CODD_TRAINING_07844,plastic-1281.jpg,pipes,,Construction and Demolition Waste,,,,,,,,,,,,,,,,,,,,,
CODD_TRAINING_07845,plastic-1281.jpg,pipes,,Construction and Demolition Waste,,,,,,,,,,,,,,,,,,,,,
CODD_TRAINING_07846,plastic-1282.jpg,pipes,,Construction and Demolition Waste,,,,,,,,,,,,,,,,,,,,,
CODD_TRAINING_07847,plastic-1282.jpg,pipes,,Construction and Demolition Waste,,,,,,,,,,,,,,,,,,,,,
CODD_TRAINING_07848,plastic-1282.jpg,pipes,,Construction and Demolition Waste,,,,,,,,,,,,,,,,,,,,,
CODD_TRAINING_07849,plastic-1283.jpg,general_w,,Construction and Demolition Waste,,,,,,,,,,,,,,,,,,,,,
CODD_TRAINING_07850,plastic-1283.jpg,general_w,,Construction and Demolition Waste,,,,,,,,,,,,,,,,,,,,,
CODD_TRAINING_07851,plastic-1285.jpg,general_w,,Construction and Demolition Waste,,,,,,,,,,,,,,,,,,,,,
CODD_TRAINING_07852,plastic-1285.jpg,general_w,,Construction and Demolition Waste,,,,,,,,,,,,,,,,,,,,,
CODD_TRAINING_07853,plastic-1289.jpg,plastic,,Construction and Demolition Waste,,,,,,,,,,,,,,,,,,,,,
CODD_TRAINING_07854,plastic-1289.jpg,plastic,,Construction and Demolition Waste,,,,,,,,,,,,,,,,,,,,,
CODD_TRAINING_07855,plastic-1289.jpg,plastic,,Construction and Demolition Waste,,,,,,,,,,,,,,,,,,,,,
CODD_TRAINING_07856,plastic-1290.jpg,general_w,,Construction and Demolition Waste,,,,,,,,,,,,,,,,,,,,,
CODD_TRAINING_07857,plastic-1290.jpg,plastic,,Construction and Demolition Waste,,,,,,,,,,,,,,,,,,,,,
CODD_TRAINING_07858,plastic-1290.jpg,pipes,,Construction and Demolition Waste,,,,,,,,,,,,,,,,,,,,,
CODD_TRAINING_07859,plastic-1292.jpg,pipes,,Construction and Demolition Waste,,,,,,,,,,,,,,,,,,,,,
CODD_TRAINING_07860,plastic-1292.jpg,pipes,,Construction and Demolition Waste,,,,,,,,,,,,,,,,,,,,,
CODD_TRAINING_07861,plastic-1292.jpg,pipes,,Construction and Demolition Waste,,,,,,,,,,,,,,,,,,,,,
CODD_TRAINING_07862,plastic-1293.jpg,general_w,,Construction and Demolition Waste,,,,,,,,,,,,,,,,,,,,,
CODD_TRAINING_07863,plastic-1293.jpg,general_w,,Construction and Demolition Waste,,,,,,,,,,,,,,,,,,,,,
CODD_TRAINING_07864,plastic-1295.jpg,general_w,,Construction and Demolition Waste,,,,,,,,,,,,,,,,,,,,,
CODD_TRAINING_07865,plastic-1295.jpg,general_w,,Construction and Demolition Waste,,,,,,,,,,,,,,,,,,,,,
CODD_TRAINING_07866,plastic-1296.jpg,plastic,,Construction and Demolition Waste,,,,,,,,,,,,,,,,,,,,,
CODD_TRAINING_07867,plastic-1297.jpg,plastic,,Construction and Demolition Waste,,,,,,,,,,,,,,,,,,,,,
CODD_TRAINING_07868,plastic-1298.jpg,plastic,,Construction and Demolition Waste,,,,,,,,,,,,,,,,,,,,,
CODD_TRAINING_07869,plastic-1300.jpg,general_w,,Construction and Demolition Waste,,,,,,,,,,,,,,,,,,,,,
CODD_TRAINING_07870,plastic-1303.jpg,pipes,,Construction and Demolition Waste,,,,,,,,,,,,,,,,,,,,,
CODD_TRAINING_07871,plastic-1303.jpg,pipes,,Construction and Demolition Waste,,,,,,,,,,,,,,,,,,,,,
CODD_TRAINING_07872,plastic-1303.jpg,pipes,,Construction and Demolition Waste,,,,,,,,,,,,,,,,,,,,,
CODD_TRAINING_07873,plastic-1303.jpg,pipes,,Construction and Demolition Waste,,,,,,,,,,,,,,,,,,,,,
CODD_TRAINING_07874,plastic-1303.jpg,pipes,,Construction and Demolition Waste,,,,,,,,,,,,,,,,,,,,,
CODD_TRAINING_07875,plastic-1304.jpg,pipes,,Construction and Demolition Waste,,,,,,,,,,,,,,,,,,,,,
CODD_TRAINING_07876,plastic-1304.jpg,pipes,,Construction and Demolition Waste,,,,,,,,,,,,,,,,,,,,,
CODD_TRAINING_07877,plastic-1304.jpg,pipes,,Construction and Demolition Waste,,,,,,,,,,,,,,,,,,,,,
CODD_TRAINING_07878,plastic-1304.jpg,pipes,,Construction and Demolition Waste,,,,,,,,,,,,,,,,,,,,,
CODD_TRAINING_07879,plastic-1304.jpg,pipes,,Construction and Demolition Waste,,,,,,,,,,,,,,,,,,,,,
CODD_TRAINING_07880,plastic-1305.jpg,plastic,,Construction and Demolition Waste,,,,,,,,,,,,,,,,,,,,,
CODD_TRAINING_07881,plastic-1306.jpg,plastic,,Construction and Demolition Waste,,,,,,,,,,,,,,,,,,,,,
CODD_TRAINING_07882,plastic-1307.jpg,plastic,,Construction and Demolition Waste,,,,,,,,,,,,,,,,,,,,,
CODD_TRAINING_07883,plastic-1309.jpg,plastic,,Construction and Demolition Waste,,,,,,,,,,,,,,,,,,,,,
CODD_TRAINING_07884,plastic-1309.jpg,plastic,,Construction and Demolition Waste,,,,,,,,,,,,,,,,,,,,,
CODD_TRAINING_07885,plastic-1311.jpg,pipes,,Construction and Demolition Waste,,,,,,,,,,,,,,,,,,,,,
CODD_TRAINING_07886,plastic-1311.jpg,pipes,,Construction and Demolition Waste,,,,,,,,,,,,,,,,,,,,,
CODD_TRAINING_07887,plastic-1311.jpg,pipes,,Construction and Demolition Waste,,,,,,,,,,,,,,,,,,,,,
CODD_TRAINING_07888,plastic-1313.jpg,plastic,,Construction and Demolition Waste,,,,,,,,,,,,,,,,,,,,,
CODD_TRAINING_07889,plastic-1313.jpg,plastic,,Construction and Demolition Waste,,,,,,,,,,,,,,,,,,,,,
CODD_TRAINING_07890,plastic-1315.jpg,pipes,,Construction and Demolition Waste,,,,,,,,,,,,,,,,,,,,,
CODD_TRAINING_07891,plastic-1315.jpg,pipes,,Construction and Demolition Waste,,,,,,,,,,,,,,,,,,,,,
CODD_TRAINING_07892,plastic-1316.jpg,pipes,,Construction and Demolition Waste,,,,,,,,,,,,,,,,,,,,,
CODD_TRAINING_07893,plastic-1317.jpg,plastic,,Construction and Demolition Waste,,,,,,,,,,,,,,,,,,,,,
CODD_TRAINING_07894,plastic-1318.jpg,plastic,,Construction and Demolition Waste,,,,,,,,,,,,,,,,,,,,,
CODD_TRAINING_07895,plastic-1320.jpg,plastic,,Construction and Demolition Waste,,,,,,,,,,,,,,,,,,,,,
CODD_TRAINING_07896,plastic-1322.jpg,plastic,,Construction and Demolition Waste,,,,,,,,,,,,,,,,,,,,,
CODD_TRAINING_07897,plastic-1323.jpg,plastic,,Construction and Demolition Waste,,,,,,,,,,,,,,,,,,,,,
CODD_TRAINING_07898,plastic-1324.jpg,plastic,,Construction and Demolition Waste,,,,,,,,,,,,,,,,,,,,,
CODD_TRAINING_07899,plastic-1325.jpg,general_w,,Construction and Demolition Waste,,,,,,,,,,,,,,,,,,,,,
CODD_TRAINING_07900,plastic-1326.jpg,general_w,,Construction and Demolition Waste,,,,,,,,,,,,,,,,,,,,,
CODD_TRAINING_07901,plastic-1328.jpg,general_w,,Construction and Demolition Waste,,,,,,,,,,,,,,,,,,,,,
CODD_TRAINING_07902,plastic-1329.jpg,general_w,,Construction and Demolition Waste,,,,,,,,,,,,,,,,,,,,,
CODD_TRAINING_07903,plastic-1331.jpg,general_w,,Construction and Demolition Waste,,,,,,,,,,,,,,,,,,,,,
CODD_TRAINING_07904,plastic-1332.jpg,general_w,,Construction and Demolition Waste,,,,,,,,,,,,,,,,,,,,,
CODD_TRAINING_07905,plastic-1335.jpg,plastic,,Construction and Demolition Waste,,,,,,,,,,,,,,,,,,,,,
CODD_TRAINING_07906,plastic-1336.jpg,plastic,,Construction and Demolition Waste,,,,,,,,,,,,,,,,,,,,,
CODD_TRAINING_07907,plastic-1337.jpg,general_w,,Construction and Demolition Waste,,,,,,,,,,,,,,,,,,,,,
CODD_TRAINING_07908,plastic-1338.jpg,general_w,,Construction and Demolition Waste,,,,,,,,,,,,,,,,,,,,,
CODD_TRAINING_07909,plastic-1339.jpg,general_w,,Construction and Demolition Waste,,,,,,,,,,,,,,,,,,,,,
CODD_TRAINING_07910,plastic-1340.jpg,general_w,,Construction and Demolition Waste,,,,,,,,,,,,,,,,,,,,,
CODD_TRAINING_07911,plastic-1343.jpg,plastic,,Construction and Demolition Waste,,,,,,,,,,,,,,,,,,,,,
CODD_TRAINING_07912,plastic-1346.jpg,pipes,,Construction and Demolition Waste,,,,,,,,,,,,,,,,,,,,,
CODD_TRAINING_07913,plastic-1346.jpg,pipes,,Construction and Demolition Waste,,,,,,,,,,,,,,,,,,,,,
CODD_TRAINING_07914,plastic-1346.jpg,pipes,,Construction and Demolition Waste,,,,,,,,,,,,,,,,,,,,,
CODD_TRAINING_07915,plastic-1347.jpg,general_w,,Construction and Demolition Waste,,,,,,,,,,,,,,,,,,,,,
CODD_TRAINING_07916,plastic-1347.jpg,general_w,,Construction and Demolition Waste,,,,,,,,,,,,,,,,,,,,,
CODD_TRAINING_07917,plastic-1348.jpg,general_w,,Construction and Demolition Waste,,,,,,,,,,,,,,,,,,,,,
CODD_TRAINING_07918,plastic-1348.jpg,general_w,,Construction and Demolition Waste,,,,,,,,,,,,,,,,,,,,,
CODD_TRAINING_07919,plastic-1351.jpg,general_w,,Construction and Demolition Waste,,,,,,,,,,,,,,,,,,,,,
CODD_TRAINING_07920,plastic-1351.jpg,general_w,,Construction and Demolition Waste,,,,,,,,,,,,,,,,,,,,,
CODD_TRAINING_07921,plastic-1352.jpg,general_w,,Construction and Demolition Waste,,,,,,,,,,,,,,,,,,,,,
CODD_TRAINING_07922,plastic-1352.jpg,general_w,,Construction and Demolition Waste,,,,,,,,,,,,,,,,,,,,,
CODD_TRAINING_07923,plastic-1353.jpg,pipes,,Construction and Demolition Waste,,,,,,,,,,,,,,,,,,,,,
CODD_TRAINING_07924,plastic-1353.jpg,pipes,,Construction and Demolition Waste,,,,,,,,,,,,,,,,,,,,,
CODD_TRAINING_07925,plastic-1355.jpg,pipes,,Construction and Demolition Waste,,,,,,,,,,,,,,,,,,,,,
CODD_TRAINING_07926,plastic-1355.jpg,pipes,,Construction and Demolition Waste,,,,,,,,,,,,,,,,,,,,,
CODD_TRAINING_07927,plastic-1355.jpg,pipes,,Construction and Demolition Waste,,,,,,,,,,,,,,,,,,,,,
CODD_TRAINING_07928,plastic-1356.jpg,pipes,,Construction and Demolition Waste,,,,,,,,,,,,,,,,,,,,,
CODD_TRAINING_07929,plastic-1356.jpg,pipes,,Construction and Demolition Waste,,,,,,,,,,,,,,,,,,,,,
CODD_TRAINING_07930,plastic-1356.jpg,pipes,,Construction and Demolition Waste,,,,,,,,,,,,,,,,,,,,,
CODD_TRAINING_07931,plastic-1357.jpg,pipes,,Construction and Demolition Waste,,,,,,,,,,,,,,,,,,,,,
CODD_TRAINING_07932,plastic-1357.jpg,pipes,,Construction and Demolition Waste,,,,,,,,,,,,,,,,,,,,,
CODD_TRAINING_07933,plastic-1357.jpg,pipes,,Construction and Demolition Waste,,,,,,,,,,,,,,,,,,,,,
CODD_TRAINING_07934,plastic-1357.jpg,pipes,,Construction and Demolition Waste,,,,,,,,,,,,,,,,,,,,,
CODD_TRAINING_07935,plastic-1358.jpg,pipes,,Construction and Demolition Waste,,,,,,,,,,,,,,,,,,,,,
CODD_TRAINING_07936,plastic-1358.jpg,pipes,,Construction and Demolition Waste,,,,,,,,,,,,,,,,,,,,,
CODD_TRAINING_07937,plastic-1358.jpg,pipes,,Construction and Demolition Waste,,,,,,,,,,,,,,,,,,,,,
CODD_TRAINING_07938,plastic-1358.jpg,pipes,,Construction and Demolition Waste,,,,,,,,,,,,,,,,,,,,,
CODD_TRAINING_07939,plastic-1359.jpg,pipes,,Construction and Demolition Waste,,,,,,,,,,,,,,,,,,,,,
CODD_TRAINING_07940,plastic-1359.jpg,pipes,,Construction and Demolition Waste,,,,,,,,,,,,,,,,,,,,,
CODD_TRAINING_07941,plastic-1359.jpg,pipes,,Construction and Demolition Waste,,,,,,,,,,,,,,,,,,,,,
CODD_TRAINING_07942,plastic-1360.jpg,pipes,,Construction and Demolition Waste,,,,,,,,,,,,,,,,,,,,,
CODD_TRAINING_07943,plastic-1360.jpg,pipes,,Construction and Demolition Waste,,,,,,,,,,,,,,,,,,,,,
CODD_TRAINING_07944,plastic-1360.jpg,pipes,,Construction and Demolition Waste,,,,,,,,,,,,,,,,,,,,,
CODD_TRAINING_07945,plastic-1361.jpg,pipes,,Construction and Demolition Waste,,,,,,,,,,,,,,,,,,,,,
CODD_TRAINING_07946,plastic-1361.jpg,pipes,,Construction and Demolition Waste,,,,,,,,,,,,,,,,,,,,,
CODD_TRAINING_07947,plastic-1361.jpg,pipes,,Construction and Demolition Waste,,,,,,,,,,,,,,,,,,,,,
CODD_TRAINING_07948,plastic-1361.jpg,pipes,,Construction and Demolition Waste,,,,,,,,,,,,,,,,,,,,,
CODD_TRAINING_07949,plastic-1362.jpg,pipes,,Construction and Demolition Waste,,,,,,,,,,,,,,,,,,,,,
CODD_TRAINING_07950,plastic-1362.jpg,pipes,,Construction and Demolition Waste,,,,,,,,,,,,,,,,,,,,,
CODD_TRAINING_07951,plastic-1362.jpg,pipes,,Construction and Demolition Waste,,,,,,,,,,,,,,,,,,,,,
CODD_TRAINING_07952,plastic-1362.jpg,pipes,,Construction and Demolition Waste,,,,,,,,,,,,,,,,,,,,,
CODD_TRAINING_07953,plastic-1363.jpg,plastic,,Construction and Demolition Waste,,,,,,,,,,,,,,,,,,,,,
CODD_TRAINING_07954,plastic-1364.jpg,plastic,,Construction and Demolition Waste,,,,,,,,,,,,,,,,,,,,,
CODD_TRAINING_07955,plastic-1365.jpg,plastic,,Construction and Demolition Waste,,,,,,,,,,,,,,,,,,,,,
CODD_TRAINING_07956,plastic-1366.jpg,general_w,,Construction and Demolition Waste,,,,,,,,,,,,,,,,,,,,,
CODD_TRAINING_07957,plastic-1366.jpg,general_w,,Construction and Demolition Waste,,,,,,,,,,,,,,,,,,,,,
CODD_TRAINING_07958,plastic-1368.jpg,general_w,,Construction and Demolition Waste,,,,,,,,,,,,,,,,,,,,,
CODD_TRAINING_07959,plastic-1369.jpg,general_w,,Construction and Demolition Waste,,,,,,,,,,,,,,,,,,,,,
CODD_TRAINING_07960,plastic-1370.jpg,general_w,,Construction and Demolition Waste,,,,,,,,,,,,,,,,,,,,,
CODD_TRAINING_07961,plastic-1371.jpg,general_w,,Construction and Demolition Waste,,,,,,,,,,,,,,,,,,,,,
CODD_TRAINING_07962,plastic-1372.jpg,general_w,,Construction and Demolition Waste,,,,,,,,,,,,,,,,,,,,,
CODD_TRAINING_07963,plastic-1373.jpg,plastic,,Construction and Demolition Waste,,,,,,,,,,,,,,,,,,,,,
CODD_TRAINING_07964,plastic-1374.jpg,plastic,,Construction and Demolition Waste,,,,,,,,,,,,,,,,,,,,,
CODD_TRAINING_07965,plastic-1375.jpg,plastic,,Construction and Demolition Waste,,,,,,,,,,,,,,,,,,,,,
CODD_TRAINING_07966,plastic-1377.jpg,general_w,,Construction and Demolition Waste,,,,,,,,,,,,,,,,,,,,,
CODD_TRAINING_07967,plastic-1377.jpg,general_w,,Construction and Demolition Waste,,,,,,,,,,,,,,,,,,,,,
CODD_TRAINING_07968,plastic-1378.jpg,general_w,,Construction and Demolition Waste,,,,,,,,,,,,,,,,,,,,,
CODD_TRAINING_07969,plastic-1378.jpg,general_w,,Construction and Demolition Waste,,,,,,,,,,,,,,,,,,,,,
CODD_TRAINING_07970,plastic-1380.jpg,general_w,,Construction and Demolition Waste,,,,,,,,,,,,,,,,,,,,,
CODD_TRAINING_07971,plastic-1380.jpg,general_w,,Construction and Demolition Waste,,,,,,,,,,,,,,,,,,,,,
CODD_TRAINING_07972,plastic-1380.jpg,general_w,,Construction and Demolition Waste,,,,,,,,,,,,,,,,,,,,,
CODD_TRAINING_07973,plastic-1380.jpg,general_w,,Construction and Demolition Waste,,,,,,,,,,,,,,,,,,,,,
CODD_TRAINING_07974,plastic-1380.jpg,general_w,,Construction and Demolition Waste,,,,,,,,,,,,,,,,,,,,,
CODD_TRAINING_07975,plastic-1381.jpg,pipes,,Construction and Demolition Waste,,,,,,,,,,,,,,,,,,,,,
CODD_TRAINING_07976,plastic-1381.jpg,pipes,,Construction and Demolition Waste,,,,,,,,,,,,,,,,,,,,,
CODD_TRAINING_07977,plastic-1381.jpg,pipes,,Construction and Demolition Waste,,,,,,,,,,,,,,,,,,,,,
CODD_TRAINING_07978,plastic-1382.jpg,pipes,,Construction and Demolition Waste,,,,,,,,,,,,,,,,,,,,,
CODD_TRAINING_07979,plastic-1382.jpg,pipes,,Construction and Demolition Waste,,,,,,,,,,,,,,,,,,,,,
CODD_TRAINING_07980,plastic-1382.jpg,pipes,,Construction and Demolition Waste,,,,,,,,,,,,,,,,,,,,,
CODD_TRAINING_07981,plastic-1383.jpg,pipes,,Construction and Demolition Waste,,,,,,,,,,,,,,,,,,,,,
CODD_TRAINING_07982,plastic-1383.jpg,pipes,,Construction and Demolition Waste,,,,,,,,,,,,,,,,,,,,,
CODD_TRAINING_07983,plastic-1383.jpg,pipes,,Construction and Demolition Waste,,,,,,,,,,,,,,,,,,,,,
CODD_TRAINING_07984,plastic-1384.jpg,pipes,,Construction and Demolition Waste,,,,,,,,,,,,,,,,,,,,,
CODD_TRAINING_07985,plastic-1384.jpg,pipes,,Construction and Demolition Waste,,,,,,,,,,,,,,,,,,,,,
CODD_TRAINING_07986,plastic-1384.jpg,pipes,,Construction and Demolition Waste,,,,,,,,,,,,,,,,,,,,,
CODD_TRAINING_07987,plastic-1384.jpg,pipes,,Construction and Demolition Waste,,,,,,,,,,,,,,,,,,,,,
CODD_TRAINING_07988,plastic-1384.jpg,pipes,,Construction and Demolition Waste,,,,,,,,,,,,,,,,,,,,,
CODD_TRAINING_07989,plastic-1384.jpg,pipes,,Construction and Demolition Waste,,,,,,,,,,,,,,,,,,,,,
CODD_TRAINING_07990,plastic-1386.jpg,pipes,,Construction and Demolition Waste,,,,,,,,,,,,,,,,,,,,,
CODD_TRAINING_07991,plastic-1386.jpg,pipes,,Construction and Demolition Waste,,,,,,,,,,,,,,,,,,,,,
CODD_TRAINING_07992,plastic-1386.jpg,pipes,,Construction and Demolition Waste,,,,,,,,,,,,,,,,,,,,,
CODD_TRAINING_07993,plastic-1386.jpg,pipes,,Construction and Demolition Waste,,,,,,,,,,,,,,,,,,,,,
CODD_TRAINING_07994,plastic-1388.jpg,pipes,,Construction and Demolition Waste,,,,,,,,,,,,,,,,,,,,,
CODD_TRAINING_07995,plastic-1388.jpg,pipes,,Construction and Demolition Waste,,,,,,,,,,,,,,,,,,,,,
CODD_TRAINING_07996,plastic-1389.jpg,pipes,,Construction and Demolition Waste,,,,,,,,,,,,,,,,,,,,,
CODD_TRAINING_07997,plastic-1389.jpg,pipes,,Construction and Demolition Waste,,,,,,,,,,,,,,,,,,,,,
CODD_TRAINING_07998,plastic-1390.jpg,general_w,,Construction and Demolition Waste,,,,,,,,,,,,,,,,,,,,,
CODD_TRAINING_07999,plastic-1390.jpg,general_w,,Construction and Demolition Waste,,,,,,,,,,,,,,,,,,,,,
CODD_TRAINING_08000,plastic-1392.jpg,general_w,,Construction and Demolition Waste,,,,,,,,,,,,,,,,,,,,,
CODD_TRAINING_08001,plastic-1393.jpg,general_w,,Construction and Demolition Waste,,,,,,,,,,,,,,,,,,,,,
CODD_TRAINING_08002,plastic-1394.jpg,general_w,,Construction and Demolition Waste,,,,,,,,,,,,,,,,,,,,,
CODD_TRAINING_08003,plastic-1395.jpg,general_w,,Construction and Demolition Waste,,,,,,,,,,,,,,,,,,,,,
CODD_TRAINING_08004,plastic-1396.jpg,general_w,,Construction and Demolition Waste,,,,,,,,,,,,,,,,,,,,,
CODD_TRAINING_08005,plastic-1397.jpg,general_w,,Construction and Demolition Waste,,,,,,,,,,,,,,,,,,,,,
CODD_TRAINING_08006,plastic-1398.jpg,pipes,,Construction and Demolition Waste,,,,,,,,,,,,,,,,,,,,,
CODD_TRAINING_08007,plastic-1398.jpg,pipes,,Construction and Demolition Waste,,,,,,,,,,,,,,,,,,,,,
CODD_TRAINING_08008,plastic-1398.jpg,pipes,,Construction and Demolition Waste,,,,,,,,,,,,,,,,,,,,,
CODD_TRAINING_08009,plastic-1398.jpg,pipes,,Construction and Demolition Waste,,,,,,,,,,,,,,,,,,,,,
CODD_TRAINING_08010,plastic-1399.jpg,pipes,,Construction and Demolition Waste,,,,,,,,,,,,,,,,,,,,,
CODD_TRAINING_08011,plastic-1399.jpg,pipes,,Construction and Demolition Waste,,,,,,,,,,,,,,,,,,,,,
CODD_TRAINING_08012,plastic-1399.jpg,pipes,,Construction and Demolition Waste,,,,,,,,,,,,,,,,,,,,,
CODD_TRAINING_08013,plastic-1399.jpg,pipes,,Construction and Demolition Waste,,,,,,,,,,,,,,,,,,,,,
CODD_TRAINING_08014,plastic-1400.jpg,pipes,,Construction and Demolition Waste,,,,,,,,,,,,,,,,,,,,,
CODD_TRAINING_08015,plastic-1400.jpg,pipes,,Construction and Demolition Waste,,,,,,,,,,,,,,,,,,,,,
CODD_TRAINING_08016,plastic-1400.jpg,pipes,,Construction and Demolition Waste,,,,,,,,,,,,,,,,,,,,,
CODD_TRAINING_08017,plastic-1401.jpg,plastic,,Construction and Demolition Waste,,,,,,,,,,,,,,,,,,,,,
CODD_TRAINING_08018,plastic-1401.jpg,general_w,,Construction and Demolition Waste,,,,,,,,,,,,,,,,,,,,,
CODD_TRAINING_08019,plastic-1401.jpg,plastic,,Construction and Demolition Waste,,,,,,,,,,,,,,,,,,,,,
CODD_TRAINING_08020,plastic-1402.jpg,plastic,,Construction and Demolition Waste,,,,,,,,,,,,,,,,,,,,,
CODD_TRAINING_08021,plastic-1402.jpg,general_w,,Construction and Demolition Waste,,,,,,,,,,,,,,,,,,,,,
CODD_TRAINING_08022,plastic-1402.jpg,plastic,,Construction and Demolition Waste,,,,,,,,,,,,,,,,,,,,,
CODD_TRAINING_08023,plastic-1404.jpg,plastic,,Construction and Demolition Waste,,,,,,,,,,,,,,,,,,,,,
CODD_TRAINING_08024,plastic-1405.jpg,plastic,,Construction and Demolition Waste,,,,,,,,,,,,,,,,,,,,,
CODD_TRAINING_08025,plastic-1406.jpg,general_w,,Construction and Demolition Waste,,,,,,,,,,,,,,,,,,,,,
CODD_TRAINING_08026,plastic-1407.jpg,general_w,,Construction and Demolition Waste,,,,,,,,,,,,,,,,,,,,,
CODD_TRAINING_08027,plastic-1408.jpg,general_w,,Construction and Demolition Waste,,,,,,,,,,,,,,,,,,,,,
CODD_TRAINING_08028,plastic-1409.jpg,general_w,,Construction and Demolition Waste,,,,,,,,,,,,,,,,,,,,,
CODD_TRAINING_08029,plastic-1410.jpg,general_w,,Construction and Demolition Waste,,,,,,,,,,,,,,,,,,,,,
CODD_TRAINING_08030,plastic-1411.jpg,general_w,,Construction and Demolition Waste,,,,,,,,,,,,,,,,,,,,,
CODD_TRAINING_08031,plastic-1412.jpg,general_w,,Construction and Demolition Waste,,,,,,,,,,,,,,,,,,,,,
CODD_TRAINING_08032,plastic-1414.jpg,plastic,,Construction and Demolition Waste,,,,,,,,,,,,,,,,,,,,,
CODD_TRAINING_08033,plastic-1414.jpg,plastic,,Construction and Demolition Waste,,,,,,,,,,,,,,,,,,,,,
CODD_TRAINING_08034,plastic-1415.jpg,plastic,,Construction and Demolition Waste,,,,,,,,,,,,,,,,,,,,,
CODD_TRAINING_08035,plastic-1415.jpg,plastic,,Construction and Demolition Waste,,,,,,,,,,,,,,,,,,,,,
CODD_TRAINING_08036,plastic-1417.jpg,plastic,,Construction and Demolition Waste,,,,,,,,,,,,,,,,,,,,,
CODD_TRAINING_08037,plastic-1418.jpg,plastic,,Construction and Demolition Waste,,,,,,,,,,,,,,,,,,,,,
CODD_TRAINING_08038,plastic-1419.jpg,plastic,,Construction and Demolition Waste,,,,,,,,,,,,,,,,,,,,,
CODD_TRAINING_08039,plastic-1419.jpg,plastic,,Construction and Demolition Waste,,,,,,,,,,,,,,,,,,,,,
CODD_TRAINING_08040,plastic-1420.jpg,plastic,,Construction and Demolition Waste,,,,,,,,,,,,,,,,,,,,,
CODD_TRAINING_08041,plastic-1420.jpg,plastic,,Construction and Demolition Waste,,,,,,,,,,,,,,,,,,,,,
CODD_TRAINING_08042,plastic-1422.jpg,plastic,,Construction and Demolition Waste,,,,,,,,,,,,,,,,,,,,,
CODD_TRAINING_08043,plastic-1424.jpg,plastic,,Construction and Demolition Waste,,,,,,,,,,,,,,,,,,,,,
CODD_TRAINING_08044,plastic-1425.jpg,plastic,,Construction and Demolition Waste,,,,,,,,,,,,,,,,,,,,,
CODD_TRAINING_08045,plastic-1427.jpg,pipes,,Construction and Demolition Waste,,,,,,,,,,,,,,,,,,,,,
CODD_TRAINING_08046,plastic-1429.jpg,plastic,,Construction and Demolition Waste,,,,,,,,,,,,,,,,,,,,,
CODD_TRAINING_08047,plastic-1430.jpg,plastic,,Construction and Demolition Waste,,,,,,,,,,,,,,,,,,,,,
CODD_TRAINING_08048,plastic-1431.jpg,general_w,,Construction and Demolition Waste,,,,,,,,,,,,,,,,,,,,,
CODD_TRAINING_08049,plastic-1432.jpg,general_w,,Construction and Demolition Waste,,,,,,,,,,,,,,,,,,,,,
CODD_TRAINING_08050,plastic-1433.jpg,general_w,,Construction and Demolition Waste,,,,,,,,,,,,,,,,,,,,,
CODD_TRAINING_08051,plastic-1434.jpg,general_w,,Construction and Demolition Waste,,,,,,,,,,,,,,,,,,,,,
CODD_TRAINING_08052,plastic-1434.jpg,general_w,,Construction and Demolition Waste,,,,,,,,,,,,,,,,,,,,,
CODD_TRAINING_08053,plastic-1435.jpg,general_w,,Construction and Demolition Waste,,,,,,,,,,,,,,,,,,,,,
CODD_TRAINING_08054,plastic-1435.jpg,general_w,,Construction and Demolition Waste,,,,,,,,,,,,,,,,,,,,,
CODD_TRAINING_08055,plastic-1436.jpg,general_w,,Construction and Demolition Waste,,,,,,,,,,,,,,,,,,,,,
CODD_TRAINING_08056,plastic-1436.jpg,general_w,,Construction and Demolition Waste,,,,,,,,,,,,,,,,,,,,,
CODD_TRAINING_08057,plastic-1437.jpg,general_w,,Construction and Demolition Waste,,,,,,,,,,,,,,,,,,,,,
CODD_TRAINING_08058,plastic-1437.jpg,general_w,,Construction and Demolition Waste,,,,,,,,,,,,,,,,,,,,,
CODD_TRAINING_08059,plastic-1438.jpg,general_w,,Construction and Demolition Waste,,,,,,,,,,,,,,,,,,,,,
CODD_TRAINING_08060,plastic-1438.jpg,general_w,,Construction and Demolition Waste,,,,,,,,,,,,,,,,,,,,,
CODD_TRAINING_08061,plastic-1439.jpg,general_w,,Construction and Demolition Waste,,,,,,,,,,,,,,,,,,,,,
CODD_TRAINING_08062,plastic-1439.jpg,general_w,,Construction and Demolition Waste,,,,,,,,,,,,,,,,,,,,,
CODD_TRAINING_08063,plastic-1440.jpg,general_w,,Construction and Demolition Waste,,,,,,,,,,,,,,,,,,,,,
CODD_TRAINING_08064,plastic-1440.jpg,general_w,,Construction and Demolition Waste,,,,,,,,,,,,,,,,,,,,,
CODD_TRAINING_08065,plastic-1441.jpg,general_w,,Construction and Demolition Waste,,,,,,,,,,,,,,,,,,,,,
CODD_TRAINING_08066,plastic-1441.jpg,general_w,,Construction and Demolition Waste,,,,,,,,,,,,,,,,,,,,,
CODD_TRAINING_08067,plastic-1442.jpg,general_w,,Construction and Demolition Waste,,,,,,,,,,,,,,,,,,,,,
CODD_TRAINING_08068,plastic-1444.jpg,general_w,,Construction and Demolition Waste,,,,,,,,,,,,,,,,,,,,,
CODD_TRAINING_08069,plastic-1447.jpg,general_w,,Construction and Demolition Waste,,,,,,,,,,,,,,,,,,,,,
CODD_TRAINING_08070,plastic-1450.jpg,general_w,,Construction and Demolition Waste,,,,,,,,,,,,,,,,,,,,,
CODD_TRAINING_08071,plastic-1450.jpg,general_w,,Construction and Demolition Waste,,,,,,,,,,,,,,,,,,,,,
CODD_TRAINING_08072,plastic-1451.jpg,general_w,,Construction and Demolition Waste,,,,,,,,,,,,,,,,,,,,,
CODD_TRAINING_08073,plastic-1451.jpg,general_w,,Construction and Demolition Waste,,,,,,,,,,,,,,,,,,,,,
CODD_TRAINING_08074,plastic-1453.jpg,general_w,,Construction and Demolition Waste,,,,,,,,,,,,,,,,,,,,,
CODD_TRAINING_08075,plastic-1453.jpg,general_w,,Construction and Demolition Waste,,,,,,,,,,,,,,,,,,,,,
CODD_TRAINING_08076,plastic-1454.jpg,general_w,,Construction and Demolition Waste,,,,,,,,,,,,,,,,,,,,,
CODD_TRAINING_08077,plastic-1455.jpg,general_w,,Construction and Demolition Waste,,,,,,,,,,,,,,,,,,,,,
CODD_TRAINING_08078,plastic-1455.jpg,general_w,,Construction and Demolition Waste,,,,,,,,,,,,,,,,,,,,,
CODD_TRAINING_08079,plastic-1456.jpg,general_w,,Construction and Demolition Waste,,,,,,,,,,,,,,,,,,,,,
CODD_TRAINING_08080,plastic-1456.jpg,general_w,,Construction and Demolition Waste,,,,,,,,,,,,,,,,,,,,,
CODD_TRAINING_08081,plastic-1457.jpg,general_w,,Construction and Demolition Waste,,,,,,,,,,,,,,,,,,,,,
CODD_TRAINING_08082,plastic-1458.jpg,general_w,,Construction and Demolition Waste,,,,,,,,,,,,,,,,,,,,,
CODD_TRAINING_08083,plastic-1459.jpg,general_w,,Construction and Demolition Waste,,,,,,,,,,,,,,,,,,,,,
CODD_TRAINING_08084,plastic-1460.jpg,general_w,,Construction and Demolition Waste,,,,,,,,,,,,,,,,,,,,,
CODD_TRAINING_08085,plastic-1460.jpg,general_w,,Construction and Demolition Waste,,,,,,,,,,,,,,,,,,,,,
CODD_TRAINING_08086,plastic-1461.jpg,general_w,,Construction and Demolition Waste,,,,,,,,,,,,,,,,,,,,,
CODD_TRAINING_08087,plastic-1464.jpg,general_w,,Construction and Demolition Waste,,,,,,,,,,,,,,,,,,,,,
CODD_TRAINING_08088,plastic-1465.jpg,general_w,,Construction and Demolition Waste,,,,,,,,,,,,,,,,,,,,,
CODD_TRAINING_08089,plastic-1466.jpg,general_w,,Construction and Demolition Waste,,,,,,,,,,,,,,,,,,,,,
CODD_TRAINING_08090,plastic-1467.jpg,general_w,,Construction and Demolition Waste,,,,,,,,,,,,,,,,,,,,,
CODD_TRAINING_08091,plastic-1468.jpg,general_w,,Construction and Demolition Waste,,,,,,,,,,,,,,,,,,,,,
CODD_TRAINING_08092,plastic-1469.jpg,general_w,,Construction and Demolition Waste,,,,,,,,,,,,,,,,,,,,,
CODD_TRAINING_08093,plastic-1474.jpg,pipes,,Construction and Demolition Waste,,,,,,,,,,,,,,,,,,,,,
CODD_TRAINING_08094,plastic-1474.jpg,pipes,,Construction and Demolition Waste,,,,,,,,,,,,,,,,,,,,,
CODD_TRAINING_08095,plastic-1474.jpg,pipes,,Construction and Demolition Waste,,,,,,,,,,,,,,,,,,,,,
CODD_TRAINING_08096,plastic-1474.jpg,pipes,,Construction and Demolition Waste,,,,,,,,,,,,,,,,,,,,,
CODD_TRAINING_08097,plastic-1475.jpg,pipes,,Construction and Demolition Waste,,,,,,,,,,,,,,,,,,,,,
CODD_TRAINING_08098,plastic-1475.jpg,pipes,,Construction and Demolition Waste,,,,,,,,,,,,,,,,,,,,,
CODD_TRAINING_08099,plastic-1476.jpg,pipes,,Construction and Demolition Waste,,,,,,,,,,,,,,,,,,,,,
CODD_TRAINING_08100,plastic-1476.jpg,pipes,,Construction and Demolition Waste,,,,,,,,,,,,,,,,,,,,,
CODD_TRAINING_08101,plastic-1477.jpg,pipes,,Construction and Demolition Waste,,,,,,,,,,,,,,,,,,,,,
CODD_TRAINING_08102,plastic-1478.jpg,pipes,,Construction and Demolition Waste,,,,,,,,,,,,,,,,,,,,,
CODD_TRAINING_08103,plastic-1479.jpg,pipes,,Construction and Demolition Waste,,,,,,,,,,,,,,,,,,,,,
CODD_TRAINING_08104,plastic-1479.jpg,pipes,,Construction and Demolition Waste,,,,,,,,,,,,,,,,,,,,,
CODD_TRAINING_08105,plastic-1481.jpg,plastic,,Construction and Demolition Waste,,,,,,,,,,,,,,,,,,,,,
CODD_TRAINING_08106,plastic-1481.jpg,plastic,,Construction and Demolition Waste,,,,,,,,,,,,,,,,,,,,,
CODD_TRAINING_08107,plastic-1483.jpg,plastic,,Construction and Demolition Waste,,,,,,,,,,,,,,,,,,,,,
CODD_TRAINING_08108,plastic-1483.jpg,plastic,,Construction and Demolition Waste,,,,,,,,,,,,,,,,,,,,,
CODD_TRAINING_08109,plastic-1484.jpg,pipes,,Construction and Demolition Waste,,,,,,,,,,,,,,,,,,,,,
CODD_TRAINING_08110,plastic-1484.jpg,pipes,,Construction and Demolition Waste,,,,,,,,,,,,,,,,,,,,,
CODD_TRAINING_08111,plastic-1484.jpg,pipes,,Construction and Demolition Waste,,,,,,,,,,,,,,,,,,,,,
CODD_TRAINING_08112,plastic-1484.jpg,pipes,,Construction and Demolition Waste,,,,,,,,,,,,,,,,,,,,,
CODD_TRAINING_08113,plastic-1485.jpg,pipes,,Construction and Demolition Waste,,,,,,,,,,,,,,,,,,,,,
CODD_TRAINING_08114,plastic-1485.jpg,pipes,,Construction and Demolition Waste,,,,,,,,,,,,,,,,,,,,,
CODD_TRAINING_08115,plastic-1485.jpg,pipes,,Construction and Demolition Waste,,,,,,,,,,,,,,,,,,,,,
CODD_TRAINING_08116,plastic-1485.jpg,pipes,,Construction and Demolition Waste,,,,,,,,,,,,,,,,,,,,,
CODD_TRAINING_08117,plastic-1486.jpg,pipes,,Construction and Demolition Waste,,,,,,,,,,,,,,,,,,,,,
CODD_TRAINING_08118,plastic-1486.jpg,pipes,,Construction and Demolition Waste,,,,,,,,,,,,,,,,,,,,,
CODD_TRAINING_08119,plastic-1487.jpg,pipes,,Construction and Demolition Waste,,,,,,,,,,,,,,,,,,,,,
CODD_TRAINING_08120,plastic-1487.jpg,pipes,,Construction and Demolition Waste,,,,,,,,,,,,,,,,,,,,,
CODD_TRAINING_08121,plastic-1488.jpg,general_w,,Construction and Demolition Waste,,,,,,,,,,,,,,,,,,,,,
CODD_TRAINING_08122,plastic-1489.jpg,general_w,,Construction and Demolition Waste,,,,,,,,,,,,,,,,,,,,,
CODD_TRAINING_08123,plastic-1490.jpg,general_w,,Construction and Demolition Waste,,,,,,,,,,,,,,,,,,,,,
CODD_TRAINING_08124,plastic-1492.jpg,general_w,,Construction and Demolition Waste,,,,,,,,,,,,,,,,,,,,,
CODD_TRAINING_08125,plastic-1493.jpg,general_w,,Construction and Demolition Waste,,,,,,,,,,,,,,,,,,,,,
CODD_TRAINING_08126,plastic-1494.jpg,general_w,,Construction and Demolition Waste,,,,,,,,,,,,,,,,,,,,,
CODD_TRAINING_08127,plastic-1495.jpg,pipes,,Construction and Demolition Waste,,,,,,,,,,,,,,,,,,,,,
CODD_TRAINING_08128,plastic-1495.jpg,pipes,,Construction and Demolition Waste,,,,,,,,,,,,,,,,,,,,,
CODD_TRAINING_08129,plastic-1496.jpg,pipes,,Construction and Demolition Waste,,,,,,,,,,,,,,,,,,,,,
CODD_TRAINING_08130,plastic-1497.jpg,pipes,,Construction and Demolition Waste,,,,,,,,,,,,,,,,,,,,,
CODD_TRAINING_08131,plastic-1499.jpg,pipes,,Construction and Demolition Waste,,,,,,,,,,,,,,,,,,,,,
CODD_TRAINING_08132,plastic-1499.jpg,pipes,,Construction and Demolition Waste,,,,,,,,,,,,,,,,,,,,,
CODD_TRAINING_08133,plastic-1499.jpg,pipes,,Construction and Demolition Waste,,,,,,,,,,,,,,,,,,,,,
CODD_TRAINING_08134,plastic-1500.jpg,pipes,,Construction and Demolition Waste,,,,,,,,,,,,,,,,,,,,,
CODD_TRAINING_08135,plastic-1501.jpg,pipes,,Construction and Demolition Waste,,,,,,,,,,,,,,,,,,,,,
CODD_TRAINING_08136,plastic-1501.jpg,pipes,,Construction and Demolition Waste,,,,,,,,,,,,,,,,,,,,,
CODD_TRAINING_08137,plastic-1502.jpg,pipes,,Construction and Demolition Waste,,,,,,,,,,,,,,,,,,,,,
CODD_TRAINING_08138,plastic-1502.jpg,pipes,,Construction and Demolition Waste,,,,,,,,,,,,,,,,,,,,,
CODD_TRAINING_08139,plastic-1503.jpg,pipes,,Construction and Demolition Waste,,,,,,,,,,,,,,,,,,,,,
CODD_TRAINING_08140,plastic-1503.jpg,pipes,,Construction and Demolition Waste,,,,,,,,,,,,,,,,,,,,,
CODD_TRAINING_08141,plastic-1503.jpg,pipes,,Construction and Demolition Waste,,,,,,,,,,,,,,,,,,,,,
CODD_TRAINING_08142,plastic-1504.jpg,pipes,,Construction and Demolition Waste,,,,,,,,,,,,,,,,,,,,,
CODD_TRAINING_08143,plastic-1504.jpg,pipes,,Construction and Demolition Waste,,,,,,,,,,,,,,,,,,,,,
CODD_TRAINING_08144,plastic-1504.jpg,pipes,,Construction and Demolition Waste,,,,,,,,,,,,,,,,,,,,,
CODD_TRAINING_08145,plastic-1505.jpg,pipes,,Construction and Demolition Waste,,,,,,,,,,,,,,,,,,,,,
CODD_TRAINING_08146,plastic-1506.jpg,pipes,,Construction and Demolition Waste,,,,,,,,,,,,,,,,,,,,,
CODD_TRAINING_08147,plastic-1507.jpg,pipes,,Construction and Demolition Waste,,,,,,,,,,,,,,,,,,,,,
CODD_TRAINING_08148,plastic-1507.jpg,pipes,,Construction and Demolition Waste,,,,,,,,,,,,,,,,,,,,,
CODD_TRAINING_08149,plastic-1507.jpg,pipes,,Construction and Demolition Waste,,,,,,,,,,,,,,,,,,,,,
CODD_TRAINING_08150,plastic-1507.jpg,pipes,,Construction and Demolition Waste,,,,,,,,,,,,,,,,,,,,,
CODD_TRAINING_08151,plastic-1509.jpg,pipes,,Construction and Demolition Waste,,,,,,,,,,,,,,,,,,,,,
CODD_TRAINING_08152,plastic-1509.jpg,pipes,,Construction and Demolition Waste,,,,,,,,,,,,,,,,,,,,,
CODD_TRAINING_08153,plastic-1509.jpg,pipes,,Construction and Demolition Waste,,,,,,,,,,,,,,,,,,,,,
CODD_TRAINING_08154,plastic-1509.jpg,pipes,,Construction and Demolition Waste,,,,,,,,,,,,,,,,,,,,,
CODD_TRAINING_08155,plastic-1509.jpg,pipes,,Construction and Demolition Waste,,,,,,,,,,,,,,,,,,,,,
CODD_TRAINING_08156,plastic-1510.jpg,pipes,,Construction and Demolition Waste,,,,,,,,,,,,,,,,,,,,,
CODD_TRAINING_08157,plastic-1510.jpg,pipes,,Construction and Demolition Waste,,,,,,,,,,,,,,,,,,,,,
CODD_TRAINING_08158,plastic-1510.jpg,pipes,,Construction and Demolition Waste,,,,,,,,,,,,,,,,,,,,,
CODD_TRAINING_08159,plastic-1510.jpg,pipes,,Construction and Demolition Waste,,,,,,,,,,,,,,,,,,,,,
CODD_TRAINING_08160,plastic-1510.jpg,pipes,,Construction and Demolition Waste,,,,,,,,,,,,,,,,,,,,,
CODD_TRAINING_08161,plastic-1511.jpg,pipes,,Construction and Demolition Waste,,,,,,,,,,,,,,,,,,,,,
CODD_TRAINING_08162,plastic-1511.jpg,pipes,,Construction and Demolition Waste,,,,,,,,,,,,,,,,,,,,,
CODD_TRAINING_08163,plastic-1511.jpg,pipes,,Construction and Demolition Waste,,,,,,,,,,,,,,,,,,,,,
CODD_TRAINING_08164,plastic-1511.jpg,pipes,,Construction and Demolition Waste,,,,,,,,,,,,,,,,,,,,,
CODD_TRAINING_08165,plastic-1512.jpg,pipes,,Construction and Demolition Waste,,,,,,,,,,,,,,,,,,,,,
CODD_TRAINING_08166,plastic-1512.jpg,pipes,,Construction and Demolition Waste,,,,,,,,,,,,,,,,,,,,,
CODD_TRAINING_08167,plastic-1512.jpg,pipes,,Construction and Demolition Waste,,,,,,,,,,,,,,,,,,,,,
CODD_TRAINING_08168,plastic-1512.jpg,pipes,,Construction and Demolition Waste,,,,,,,,,,,,,,,,,,,,,
CODD_TRAINING_08169,plastic-1513.jpg,pipes,,Construction and Demolition Waste,,,,,,,,,,,,,,,,,,,,,
CODD_TRAINING_08170,plastic-1513.jpg,pipes,,Construction and Demolition Waste,,,,,,,,,,,,,,,,,,,,,
CODD_TRAINING_08171,plastic-1513.jpg,pipes,,Construction and Demolition Waste,,,,,,,,,,,,,,,,,,,,,
CODD_TRAINING_08172,plastic-1513.jpg,pipes,,Construction and Demolition Waste,,,,,,,,,,,,,,,,,,,,,
CODD_TRAINING_08173,plastic-1516.jpg,pipes,,Construction and Demolition Waste,,,,,,,,,,,,,,,,,,,,,
CODD_TRAINING_08174,plastic-1516.jpg,pipes,,Construction and Demolition Waste,,,,,,,,,,,,,,,,,,,,,
CODD_TRAINING_08175,plastic-1516.jpg,pipes,,Construction and Demolition Waste,,,,,,,,,,,,,,,,,,,,,
CODD_TRAINING_08176,plastic-1518.jpg,pipes,,Construction and Demolition Waste,,,,,,,,,,,,,,,,,,,,,
CODD_TRAINING_08177,plastic-1518.jpg,pipes,,Construction and Demolition Waste,,,,,,,,,,,,,,,,,,,,,
CODD_TRAINING_08178,plastic-1518.jpg,pipes,,Construction and Demolition Waste,,,,,,,,,,,,,,,,,,,,,
CODD_TRAINING_08179,plastic-1520.jpg,pipes,,Construction and Demolition Waste,,,,,,,,,,,,,,,,,,,,,
CODD_TRAINING_08180,plastic-1520.jpg,pipes,,Construction and Demolition Waste,,,,,,,,,,,,,,,,,,,,,
CODD_TRAINING_08181,plastic-1520.jpg,pipes,,Construction and Demolition Waste,,,,,,,,,,,,,,,,,,,,,
CODD_TRAINING_08182,plastic-1521.jpg,pipes,,Construction and Demolition Waste,,,,,,,,,,,,,,,,,,,,,
CODD_TRAINING_08183,plastic-1521.jpg,pipes,,Construction and Demolition Waste,,,,,,,,,,,,,,,,,,,,,
CODD_TRAINING_08184,plastic-1521.jpg,pipes,,Construction and Demolition Waste,,,,,,,,,,,,,,,,,,,,,
CODD_TRAINING_08185,plastic-1522.jpg,pipes,,Construction and Demolition Waste,,,,,,,,,,,,,,,,,,,,,
CODD_TRAINING_08186,plastic-1522.jpg,pipes,,Construction and Demolition Waste,,,,,,,,,,,,,,,,,,,,,
CODD_TRAINING_08187,plastic-1522.jpg,pipes,,Construction and Demolition Waste,,,,,,,,,,,,,,,,,,,,,
CODD_TRAINING_08188,plastic-1522.jpg,pipes,,Construction and Demolition Waste,,,,,,,,,,,,,,,,,,,,,
CODD_TRAINING_08189,plastic-1523.jpg,pipes,,Construction and Demolition Waste,,,,,,,,,,,,,,,,,,,,,
CODD_TRAINING_08190,plastic-1523.jpg,pipes,,Construction and Demolition Waste,,,,,,,,,,,,,,,,,,,,,
CODD_TRAINING_08191,plastic-1523.jpg,pipes,,Construction and Demolition Waste,,,,,,,,,,,,,,,,,,,,,
CODD_TRAINING_08192,plastic-1523.jpg,pipes,,Construction and Demolition Waste,,,,,,,,,,,,,,,,,,,,,
CODD_TRAINING_08193,plastic-1524.jpg,pipes,,Construction and Demolition Waste,,,,,,,,,,,,,,,,,,,,,
CODD_TRAINING_08194,plastic-1524.jpg,pipes,,Construction and Demolition Waste,,,,,,,,,,,,,,,,,,,,,
CODD_TRAINING_08195,plastic-1524.jpg,pipes,,Construction and Demolition Waste,,,,,,,,,,,,,,,,,,,,,
CODD_TRAINING_08196,plastic-1524.jpg,pipes,,Construction and Demolition Waste,,,,,,,,,,,,,,,,,,,,,
CODD_TRAINING_08197,plastic-1525.jpg,pipes,,Construction and Demolition Waste,,,,,,,,,,,,,,,,,,,,,
CODD_TRAINING_08198,plastic-1525.jpg,pipes,,Construction and Demolition Waste,,,,,,,,,,,,,,,,,,,,,
CODD_TRAINING_08199,plastic-1525.jpg,pipes,,Construction and Demolition Waste,,,,,,,,,,,,,,,,,,,,,
CODD_TRAINING_08200,plastic-1525.jpg,pipes,,Construction and Demolition Waste,,,,,,,,,,,,,,,,,,,,,
CODD_TRAINING_08201,plastic-1526.jpg,plastic,,Construction and Demolition Waste,,,,,,,,,,,,,,,,,,,,,
CODD_TRAINING_08202,plastic-1526.jpg,plastic,,Construction and Demolition Waste,,,,,,,,,,,,,,,,,,,,,
CODD_TRAINING_08203,plastic-1527.jpg,plastic,,Construction and Demolition Waste,,,,,,,,,,,,,,,,,,,,,
CODD_TRAINING_08204,plastic-1527.jpg,plastic,,Construction and Demolition Waste,,,,,,,,,,,,,,,,,,,,,
CODD_TRAINING_08205,plastic-1528.jpg,plastic,,Construction and Demolition Waste,,,,,,,,,,,,,,,,,,,,,
CODD_TRAINING_08206,plastic-1528.jpg,plastic,,Construction and Demolition Waste,,,,,,,,,,,,,,,,,,,,,
CODD_TRAINING_08207,plastic-1529.jpg,plastic,,Construction and Demolition Waste,,,,,,,,,,,,,,,,,,,,,
CODD_TRAINING_08208,plastic-1529.jpg,plastic,,Construction and Demolition Waste,,,,,,,,,,,,,,,,,,,,,
CODD_TRAINING_08209,plastic-1530.jpg,pipes,,Construction and Demolition Waste,,,,,,,,,,,,,,,,,,,,,
CODD_TRAINING_08210,plastic-1530.jpg,pipes,,Construction and Demolition Waste,,,,,,,,,,,,,,,,,,,,,
CODD_TRAINING_08211,plastic-1530.jpg,pipes,,Construction and Demolition Waste,,,,,,,,,,,,,,,,,,,,,
CODD_TRAINING_08212,plastic-1530.jpg,pipes,,Construction and Demolition Waste,,,,,,,,,,,,,,,,,,,,,
CODD_TRAINING_08213,plastic-1532.jpg,plastic,,Construction and Demolition Waste,,,,,,,,,,,,,,,,,,,,,
CODD_TRAINING_08214,plastic-1532.jpg,plastic,,Construction and Demolition Waste,,,,,,,,,,,,,,,,,,,,,
CODD_TRAINING_08215,plastic-1533.jpg,plastic,,Construction and Demolition Waste,,,,,,,,,,,,,,,,,,,,,
CODD_TRAINING_08216,plastic-1533.jpg,plastic,,Construction and Demolition Waste,,,,,,,,,,,,,,,,,,,,,
CODD_TRAINING_08217,plastic-1534.jpg,pipes,,Construction and Demolition Waste,,,,,,,,,,,,,,,,,,,,,
CODD_TRAINING_08218,plastic-1534.jpg,pipes,,Construction and Demolition Waste,,,,,,,,,,,,,,,,,,,,,
CODD_TRAINING_08219,plastic-1534.jpg,pipes,,Construction and Demolition Waste,,,,,,,,,,,,,,,,,,,,,
CODD_TRAINING_08220,plastic-1534.jpg,pipes,,Construction and Demolition Waste,,,,,,,,,,,,,,,,,,,,,
CODD_TRAINING_08221,plastic-1535.jpg,pipes,,Construction and Demolition Waste,,,,,,,,,,,,,,,,,,,,,
CODD_TRAINING_08222,plastic-1535.jpg,pipes,,Construction and Demolition Waste,,,,,,,,,,,,,,,,,,,,,
CODD_TRAINING_08223,plastic-1535.jpg,pipes,,Construction and Demolition Waste,,,,,,,,,,,,,,,,,,,,,
CODD_TRAINING_08224,plastic-1535.jpg,pipes,,Construction and Demolition Waste,,,,,,,,,,,,,,,,,,,,,
CODD_TRAINING_08225,plastic-1537.jpg,pipes,,Construction and Demolition Waste,,,,,,,,,,,,,,,,,,,,,
CODD_TRAINING_08226,plastic-1537.jpg,plastic,,Construction and Demolition Waste,,,,,,,,,,,,,,,,,,,,,
CODD_TRAINING_08227,plastic-1538.jpg,plastic,,Construction and Demolition Waste,,,,,,,,,,,,,,,,,,,,,
CODD_TRAINING_08228,plastic-1538.jpg,plastic,,Construction and Demolition Waste,,,,,,,,,,,,,,,,,,,,,
CODD_TRAINING_08229,plastic-1538.jpg,plastic,,Construction and Demolition Waste,,,,,,,,,,,,,,,,,,,,,
CODD_TRAINING_08230,plastic-1538.jpg,plastic,,Construction and Demolition Waste,,,,,,,,,,,,,,,,,,,,,
CODD_TRAINING_08231,plastic-1539.jpg,plastic,,Construction and Demolition Waste,,,,,,,,,,,,,,,,,,,,,
CODD_TRAINING_08232,plastic-1539.jpg,plastic,,Construction and Demolition Waste,,,,,,,,,,,,,,,,,,,,,
CODD_TRAINING_08233,plastic-1539.jpg,plastic,,Construction and Demolition Waste,,,,,,,,,,,,,,,,,,,,,
CODD_TRAINING_08234,plastic-1539.jpg,plastic,,Construction and Demolition Waste,,,,,,,,,,,,,,,,,,,,,
CODD_TRAINING_08235,plastic-1540.jpg,pipes,,Construction and Demolition Waste,,,,,,,,,,,,,,,,,,,,,
CODD_TRAINING_08236,plastic-1541.jpg,pipes,,Construction and Demolition Waste,,,,,,,,,,,,,,,,,,,,,
CODD_TRAINING_08237,plastic-1543.jpg,pipes,,Construction and Demolition Waste,,,,,,,,,,,,,,,,,,,,,
CODD_TRAINING_08238,plastic-1544.jpg,general_w,,Construction and Demolition Waste,,,,,,,,,,,,,,,,,,,,,
CODD_TRAINING_08239,plastic-1545.jpg,general_w,,Construction and Demolition Waste,,,,,,,,,,,,,,,,,,,,,
CODD_TRAINING_08240,plastic-1546.jpg,general_w,,Construction and Demolition Waste,,,,,,,,,,,,,,,,,,,,,
CODD_TRAINING_08241,plastic-1547.jpg,general_w,,Construction and Demolition Waste,,,,,,,,,,,,,,,,,,,,,
CODD_TRAINING_08242,plastic-1550.jpg,general_w,,Construction and Demolition Waste,,,,,,,,,,,,,,,,,,,,,
CODD_TRAINING_08243,plastic-1550.jpg,general_w,,Construction and Demolition Waste,,,,,,,,,,,,,,,,,,,,,
CODD_TRAINING_08244,plastic-1551.jpg,general_w,,Construction and Demolition Waste,,,,,,,,,,,,,,,,,,,,,
CODD_TRAINING_08245,plastic-1551.jpg,general_w,,Construction and Demolition Waste,,,,,,,,,,,,,,,,,,,,,
CODD_TRAINING_08246,plastic-1552.jpg,general_w,,Construction and Demolition Waste,,,,,,,,,,,,,,,,,,,,,
CODD_TRAINING_08247,plastic-1552.jpg,general_w,,Construction and Demolition Waste,,,,,,,,,,,,,,,,,,,,,
CODD_TRAINING_08248,plastic-1553.jpg,pipes,,Construction and Demolition Waste,,,,,,,,,,,,,,,,,,,,,
CODD_TRAINING_08249,plastic-1553.jpg,pipes,,Construction and Demolition Waste,,,,,,,,,,,,,,,,,,,,,
CODD_TRAINING_08250,plastic-1554.jpg,pipes,,Construction and Demolition Waste,,,,,,,,,,,,,,,,,,,,,
CODD_TRAINING_08251,plastic-1554.jpg,pipes,,Construction and Demolition Waste,,,,,,,,,,,,,,,,,,,,,
CODD_TRAINING_08252,plastic-1556.jpg,general_w,,Construction and Demolition Waste,,,,,,,,,,,,,,,,,,,,,
CODD_TRAINING_08253,plastic-1556.jpg,general_w,,Construction and Demolition Waste,,,,,,,,,,,,,,,,,,,,,
CODD_TRAINING_08254,plastic-1557.jpg,general_w,,Construction and Demolition Waste,,,,,,,,,,,,,,,,,,,,,
CODD_TRAINING_08255,plastic-1557.jpg,general_w,,Construction and Demolition Waste,,,,,,,,,,,,,,,,,,,,,
CODD_TRAINING_08256,plastic-1559.jpg,pipes,,Construction and Demolition Waste,,,,,,,,,,,,,,,,,,,,,
CODD_TRAINING_08257,plastic-1560.jpg,pipes,,Construction and Demolition Waste,,,,,,,,,,,,,,,,,,,,,
CODD_TRAINING_08258,plastic-1561.jpg,pipes,,Construction and Demolition Waste,,,,,,,,,,,,,,,,,,,,,
CODD_TRAINING_08259,plastic-1562.jpg,plastic,,Construction and Demolition Waste,,,,,,,,,,,,,,,,,,,,,
CODD_TRAINING_08260,plastic-1562.jpg,plastic,,Construction and Demolition Waste,,,,,,,,,,,,,,,,,,,,,
CODD_TRAINING_08261,plastic-1563.jpg,plastic,,Construction and Demolition Waste,,,,,,,,,,,,,,,,,,,,,
CODD_TRAINING_08262,plastic-1563.jpg,plastic,,Construction and Demolition Waste,,,,,,,,,,,,,,,,,,,,,
CODD_TRAINING_08263,s-1565.jpg,stone,,Construction and Demolition Waste,,,,,,,,,,,,,,,,,,,,,
CODD_TRAINING_08264,s-1565.jpg,stone,,Construction and Demolition Waste,,,,,,,,,,,,,,,,,,,,,
CODD_TRAINING_08265,s-1565.jpg,stone,,Construction and Demolition Waste,,,,,,,,,,,,,,,,,,,,,
CODD_TRAINING_08266,s-1565.jpg,stone,,Construction and Demolition Waste,,,,,,,,,,,,,,,,,,,,,
CODD_TRAINING_08267,s-1565.jpg,stone,,Construction and Demolition Waste,,,,,,,,,,,,,,,,,,,,,
CODD_TRAINING_08268,s-1565.jpg,stone,,Construction and Demolition Waste,,,,,,,,,,,,,,,,,,,,,
CODD_TRAINING_08269,s-1565.jpg,stone,,Construction and Demolition Waste,,,,,,,,,,,,,,,,,,,,,
CODD_TRAINING_08270,s-1565.jpg,stone,,Construction and Demolition Waste,,,,,,,,,,,,,,,,,,,,,
CODD_TRAINING_08271,s-1565.jpg,stone,,Construction and Demolition Waste,,,,,,,,,,,,,,,,,,,,,
CODD_TRAINING_08272,s-1566.jpg,stone,,Construction and Demolition Waste,,,,,,,,,,,,,,,,,,,,,
CODD_TRAINING_08273,s-1566.jpg,stone,,Construction and Demolition Waste,,,,,,,,,,,,,,,,,,,,,
CODD_TRAINING_08274,s-1566.jpg,stone,,Construction and Demolition Waste,,,,,,,,,,,,,,,,,,,,,
CODD_TRAINING_08275,s-1566.jpg,stone,,Construction and Demolition Waste,,,,,,,,,,,,,,,,,,,,,
CODD_TRAINING_08276,s-1566.jpg,stone,,Construction and Demolition Waste,,,,,,,,,,,,,,,,,,,,,
CODD_TRAINING_08277,s-1566.jpg,stone,,Construction and Demolition Waste,,,,,,,,,,,,,,,,,,,,,
CODD_TRAINING_08278,s-1567.jpg,stone,,Construction and Demolition Waste,,,,,,,,,,,,,,,,,,,,,
CODD_TRAINING_08279,s-1567.jpg,stone,,Construction and Demolition Waste,,,,,,,,,,,,,,,,,,,,,
CODD_TRAINING_08280,s-1567.jpg,stone,,Construction and Demolition Waste,,,,,,,,,,,,,,,,,,,,,
CODD_TRAINING_08281,s-1567.jpg,stone,,Construction and Demolition Waste,,,,,,,,,,,,,,,,,,,,,
CODD_TRAINING_08282,s-1567.jpg,stone,,Construction and Demolition Waste,,,,,,,,,,,,,,,,,,,,,
CODD_TRAINING_08283,s-1567.jpg,stone,,Construction and Demolition Waste,,,,,,,,,,,,,,,,,,,,,
CODD_TRAINING_08284,s-1569.jpg,stone,,Construction and Demolition Waste,,,,,,,,,,,,,,,,,,,,,
CODD_TRAINING_08285,s-1569.jpg,stone,,Construction and Demolition Waste,,,,,,,,,,,,,,,,,,,,,
CODD_TRAINING_08286,s-1569.jpg,stone,,Construction and Demolition Waste,,,,,,,,,,,,,,,,,,,,,
CODD_TRAINING_08287,s-1569.jpg,stone,,Construction and Demolition Waste,,,,,,,,,,,,,,,,,,,,,
CODD_TRAINING_08288,s-1569.jpg,stone,,Construction and Demolition Waste,,,,,,,,,,,,,,,,,,,,,
CODD_TRAINING_08289,s-1569.jpg,stone,,Construction and Demolition Waste,,,,,,,,,,,,,,,,,,,,,
CODD_TRAINING_08290,s-1570.jpg,stone,,Construction and Demolition Waste,,,,,,,,,,,,,,,,,,,,,
CODD_TRAINING_08291,s-1570.jpg,stone,,Construction and Demolition Waste,,,,,,,,,,,,,,,,,,,,,
CODD_TRAINING_08292,s-1570.jpg,stone,,Construction and Demolition Waste,,,,,,,,,,,,,,,,,,,,,
CODD_TRAINING_08293,s-1570.jpg,stone,,Construction and Demolition Waste,,,,,,,,,,,,,,,,,,,,,
CODD_TRAINING_08294,s-1570.jpg,stone,,Construction and Demolition Waste,,,,,,,,,,,,,,,,,,,,,
CODD_TRAINING_08295,s-1570.jpg,stone,,Construction and Demolition Waste,,,,,,,,,,,,,,,,,,,,,
CODD_TRAINING_08296,s-1571.jpg,stone,,Construction and Demolition Waste,,,,,,,,,,,,,,,,,,,,,
CODD_TRAINING_08297,s-1571.jpg,stone,,Construction and Demolition Waste,,,,,,,,,,,,,,,,,,,,,
CODD_TRAINING_08298,s-1571.jpg,stone,,Construction and Demolition Waste,,,,,,,,,,,,,,,,,,,,,
CODD_TRAINING_08299,s-1571.jpg,stone,,Construction and Demolition Waste,,,,,,,,,,,,,,,,,,,,,
CODD_TRAINING_08300,s-1571.jpg,stone,,Construction and Demolition Waste,,,,,,,,,,,,,,,,,,,,,
CODD_TRAINING_08301,s-1571.jpg,stone,,Construction and Demolition Waste,,,,,,,,,,,,,,,,,,,,,
CODD_TRAINING_08302,s-1574.jpg,stone,,Construction and Demolition Waste,,,,,,,,,,,,,,,,,,,,,
CODD_TRAINING_08303,s-1574.jpg,stone,,Construction and Demolition Waste,,,,,,,,,,,,,,,,,,,,,
CODD_TRAINING_08304,s-1575.jpg,stone,,Construction and Demolition Waste,,,,,,,,,,,,,,,,,,,,,
CODD_TRAINING_08305,s-1575.jpg,stone,,Construction and Demolition Waste,,,,,,,,,,,,,,,,,,,,,
CODD_TRAINING_08306,s-1575.jpg,stone,,Construction and Demolition Waste,,,,,,,,,,,,,,,,,,,,,
CODD_TRAINING_08307,s-1575.jpg,stone,,Construction and Demolition Waste,,,,,,,,,,,,,,,,,,,,,
CODD_TRAINING_08308,s-1575.jpg,stone,,Construction and Demolition Waste,,,,,,,,,,,,,,,,,,,,,
CODD_TRAINING_08309,s-1575.jpg,stone,,Construction and Demolition Waste,,,,,,,,,,,,,,,,,,,,,
CODD_TRAINING_08310,s-1576.jpg,stone,,Construction and Demolition Waste,,,,,,,,,,,,,,,,,,,,,
CODD_TRAINING_08311,s-1576.jpg,stone,,Construction and Demolition Waste,,,,,,,,,,,,,,,,,,,,,
CODD_TRAINING_08312,s-1576.jpg,stone,,Construction and Demolition Waste,,,,,,,,,,,,,,,,,,,,,
CODD_TRAINING_08313,s-1576.jpg,stone,,Construction and Demolition Waste,,,,,,,,,,,,,,,,,,,,,
CODD_TRAINING_08314,s-1576.jpg,stone,,Construction and Demolition Waste,,,,,,,,,,,,,,,,,,,,,
CODD_TRAINING_08315,s-1576.jpg,stone,,Construction and Demolition Waste,,,,,,,,,,,,,,,,,,,,,
CODD_TRAINING_08316,s-1578.jpg,stone,,Construction and Demolition Waste,,,,,,,,,,,,,,,,,,,,,
CODD_TRAINING_08317,s-1578.jpg,stone,,Construction and Demolition Waste,,,,,,,,,,,,,,,,,,,,,
CODD_TRAINING_08318,s-1578.jpg,stone,,Construction and Demolition Waste,,,,,,,,,,,,,,,,,,,,,
CODD_TRAINING_08319,s-1578.jpg,stone,,Construction and Demolition Waste,,,,,,,,,,,,,,,,,,,,,
CODD_TRAINING_08320,s-1578.jpg,stone,,Construction and Demolition Waste,,,,,,,,,,,,,,,,,,,,,
CODD_TRAINING_08321,s-1578.jpg,stone,,Construction and Demolition Waste,,,,,,,,,,,,,,,,,,,,,
CODD_TRAINING_08322,s-1580.jpg,stone,,Construction and Demolition Waste,,,,,,,,,,,,,,,,,,,,,
CODD_TRAINING_08323,s-1580.jpg,stone,,Construction and Demolition Waste,,,,,,,,,,,,,,,,,,,,,
CODD_TRAINING_08324,s-1580.jpg,stone,,Construction and Demolition Waste,,,,,,,,,,,,,,,,,,,,,
CODD_TRAINING_08325,s-1580.jpg,stone,,Construction and Demolition Waste,,,,,,,,,,,,,,,,,,,,,
CODD_TRAINING_08326,s-1580.jpg,stone,,Construction and Demolition Waste,,,,,,,,,,,,,,,,,,,,,
CODD_TRAINING_08327,s-1580.jpg,stone,,Construction and Demolition Waste,,,,,,,,,,,,,,,,,,,,,
CODD_TRAINING_08328,s-1584.jpg,stone,,Construction and Demolition Waste,,,,,,,,,,,,,,,,,,,,,
CODD_TRAINING_08329,s-1584.jpg,stone,,Construction and Demolition Waste,,,,,,,,,,,,,,,,,,,,,
CODD_TRAINING_08330,s-1584.jpg,stone,,Construction and Demolition Waste,,,,,,,,,,,,,,,,,,,,,
CODD_TRAINING_08331,s-1584.jpg,stone,,Construction and Demolition Waste,,,,,,,,,,,,,,,,,,,,,
CODD_TRAINING_08332,s-1584.jpg,stone,,Construction and Demolition Waste,,,,,,,,,,,,,,,,,,,,,
CODD_TRAINING_08333,s-1584.jpg,stone,,Construction and Demolition Waste,,,,,,,,,,,,,,,,,,,,,
CODD_TRAINING_08334,s-1585.jpg,stone,,Construction and Demolition Waste,,,,,,,,,,,,,,,,,,,,,
CODD_TRAINING_08335,s-1585.jpg,stone,,Construction and Demolition Waste,,,,,,,,,,,,,,,,,,,,,
CODD_TRAINING_08336,s-1585.jpg,stone,,Construction and Demolition Waste,,,,,,,,,,,,,,,,,,,,,
CODD_TRAINING_08337,s-1585.jpg,stone,,Construction and Demolition Waste,,,,,,,,,,,,,,,,,,,,,
CODD_TRAINING_08338,s-1585.jpg,stone,,Construction and Demolition Waste,,,,,,,,,,,,,,,,,,,,,
CODD_TRAINING_08339,s-1585.jpg,stone,,Construction and Demolition Waste,,,,,,,,,,,,,,,,,,,,,
CODD_TRAINING_08340,s-1586.jpg,stone,,Construction and Demolition Waste,,,,,,,,,,,,,,,,,,,,,
CODD_TRAINING_08341,s-1586.jpg,stone,,Construction and Demolition Waste,,,,,,,,,,,,,,,,,,,,,
CODD_TRAINING_08342,s-1586.jpg,stone,,Construction and Demolition Waste,,,,,,,,,,,,,,,,,,,,,
CODD_TRAINING_08343,s-1586.jpg,stone,,Construction and Demolition Waste,,,,,,,,,,,,,,,,,,,,,
CODD_TRAINING_08344,s-1586.jpg,stone,,Construction and Demolition Waste,,,,,,,,,,,,,,,,,,,,,
CODD_TRAINING_08345,s-1586.jpg,stone,,Construction and Demolition Waste,,,,,,,,,,,,,,,,,,,,,
CODD_TRAINING_08346,s-1587.jpg,stone,,Construction and Demolition Waste,,,,,,,,,,,,,,,,,,,,,
CODD_TRAINING_08347,s-1587.jpg,stone,,Construction and Demolition Waste,,,,,,,,,,,,,,,,,,,,,
CODD_TRAINING_08348,s-1587.jpg,stone,,Construction and Demolition Waste,,,,,,,,,,,,,,,,,,,,,
CODD_TRAINING_08349,s-1587.jpg,stone,,Construction and Demolition Waste,,,,,,,,,,,,,,,,,,,,,
CODD_TRAINING_08350,s-1587.jpg,stone,,Construction and Demolition Waste,,,,,,,,,,,,,,,,,,,,,
CODD_TRAINING_08351,s-1587.jpg,stone,,Construction and Demolition Waste,,,,,,,,,,,,,,,,,,,,,
CODD_TRAINING_08352,s-1588.jpg,stone,,Construction and Demolition Waste,,,,,,,,,,,,,,,,,,,,,
CODD_TRAINING_08353,s-1588.jpg,stone,,Construction and Demolition Waste,,,,,,,,,,,,,,,,,,,,,
CODD_TRAINING_08354,s-1588.jpg,stone,,Construction and Demolition Waste,,,,,,,,,,,,,,,,,,,,,
CODD_TRAINING_08355,s-1588.jpg,stone,,Construction and Demolition Waste,,,,,,,,,,,,,,,,,,,,,
CODD_TRAINING_08356,s-1588.jpg,stone,,Construction and Demolition Waste,,,,,,,,,,,,,,,,,,,,,
CODD_TRAINING_08357,s-1589.jpg,stone,,Construction and Demolition Waste,,,,,,,,,,,,,,,,,,,,,
CODD_TRAINING_08358,s-1589.jpg,stone,,Construction and Demolition Waste,,,,,,,,,,,,,,,,,,,,,
CODD_TRAINING_08359,s-1589.jpg,stone,,Construction and Demolition Waste,,,,,,,,,,,,,,,,,,,,,
CODD_TRAINING_08360,s-1589.jpg,stone,,Construction and Demolition Waste,,,,,,,,,,,,,,,,,,,,,
CODD_TRAINING_08361,s-1589.jpg,stone,,Construction and Demolition Waste,,,,,,,,,,,,,,,,,,,,,
CODD_TRAINING_08362,s-1589.jpg,stone,,Construction and Demolition Waste,,,,,,,,,,,,,,,,,,,,,
CODD_TRAINING_08363,s-1590.jpg,stone,,Construction and Demolition Waste,,,,,,,,,,,,,,,,,,,,,
CODD_TRAINING_08364,s-1590.jpg,stone,,Construction and Demolition Waste,,,,,,,,,,,,,,,,,,,,,
CODD_TRAINING_08365,s-1590.jpg,stone,,Construction and Demolition Waste,,,,,,,,,,,,,,,,,,,,,
CODD_TRAINING_08366,s-1590.jpg,stone,,Construction and Demolition Waste,,,,,,,,,,,,,,,,,,,,,
CODD_TRAINING_08367,s-1590.jpg,stone,,Construction and Demolition Waste,,,,,,,,,,,,,,,,,,,,,
CODD_TRAINING_08368,s-1590.jpg,stone,,Construction and Demolition Waste,,,,,,,,,,,,,,,,,,,,,
CODD_TRAINING_08369,s-1591.jpg,stone,,Construction and Demolition Waste,,,,,,,,,,,,,,,,,,,,,
CODD_TRAINING_08370,s-1591.jpg,stone,,Construction and Demolition Waste,,,,,,,,,,,,,,,,,,,,,
CODD_TRAINING_08371,s-1592.jpg,stone,,Construction and Demolition Waste,,,,,,,,,,,,,,,,,,,,,
CODD_TRAINING_08372,s-1592.jpg,stone,,Construction and Demolition Waste,,,,,,,,,,,,,,,,,,,,,
CODD_TRAINING_08373,s-1592.jpg,stone,,Construction and Demolition Waste,,,,,,,,,,,,,,,,,,,,,
CODD_TRAINING_08374,s-1592.jpg,stone,,Construction and Demolition Waste,,,,,,,,,,,,,,,,,,,,,
CODD_TRAINING_08375,s-1592.jpg,stone,,Construction and Demolition Waste,,,,,,,,,,,,,,,,,,,,,
CODD_TRAINING_08376,s-1592.jpg,stone,,Construction and Demolition Waste,,,,,,,,,,,,,,,,,,,,,
CODD_TRAINING_08377,s-1593.jpg,stone,,Construction and Demolition Waste,,,,,,,,,,,,,,,,,,,,,
CODD_TRAINING_08378,s-1593.jpg,stone,,Construction and Demolition Waste,,,,,,,,,,,,,,,,,,,,,
CODD_TRAINING_08379,s-1593.jpg,stone,,Construction and Demolition Waste,,,,,,,,,,,,,,,,,,,,,
CODD_TRAINING_08380,s-1593.jpg,stone,,Construction and Demolition Waste,,,,,,,,,,,,,,,,,,,,,
CODD_TRAINING_08381,s-1593.jpg,stone,,Construction and Demolition Waste,,,,,,,,,,,,,,,,,,,,,
CODD_TRAINING_08382,s-1593.jpg,stone,,Construction and Demolition Waste,,,,,,,,,,,,,,,,,,,,,
CODD_TRAINING_08383,s-1594.jpg,stone,,Construction and Demolition Waste,,,,,,,,,,,,,,,,,,,,,
CODD_TRAINING_08384,s-1594.jpg,stone,,Construction and Demolition Waste,,,,,,,,,,,,,,,,,,,,,
CODD_TRAINING_08385,s-1594.jpg,stone,,Construction and Demolition Waste,,,,,,,,,,,,,,,,,,,,,
CODD_TRAINING_08386,s-1594.jpg,stone,,Construction and Demolition Waste,,,,,,,,,,,,,,,,,,,,,
CODD_TRAINING_08387,s-1595.jpg,stone,,Construction and Demolition Waste,,,,,,,,,,,,,,,,,,,,,
CODD_TRAINING_08388,s-1595.jpg,stone,,Construction and Demolition Waste,,,,,,,,,,,,,,,,,,,,,
CODD_TRAINING_08389,s-1595.jpg,stone,,Construction and Demolition Waste,,,,,,,,,,,,,,,,,,,,,
CODD_TRAINING_08390,s-1595.jpg,stone,,Construction and Demolition Waste,,,,,,,,,,,,,,,,,,,,,
CODD_TRAINING_08391,s-1595.jpg,stone,,Construction and Demolition Waste,,,,,,,,,,,,,,,,,,,,,
CODD_TRAINING_08392,s-1595.jpg,stone,,Construction and Demolition Waste,,,,,,,,,,,,,,,,,,,,,
CODD_TRAINING_08393,s-1596.jpg,stone,,Construction and Demolition Waste,,,,,,,,,,,,,,,,,,,,,
CODD_TRAINING_08394,s-1596.jpg,stone,,Construction and Demolition Waste,,,,,,,,,,,,,,,,,,,,,
CODD_TRAINING_08395,s-1596.jpg,stone,,Construction and Demolition Waste,,,,,,,,,,,,,,,,,,,,,
CODD_TRAINING_08396,s-1596.jpg,stone,,Construction and Demolition Waste,,,,,,,,,,,,,,,,,,,,,
CODD_TRAINING_08397,s-1596.jpg,stone,,Construction and Demolition Waste,,,,,,,,,,,,,,,,,,,,,
CODD_TRAINING_08398,s-1596.jpg,stone,,Construction and Demolition Waste,,,,,,,,,,,,,,,,,,,,,
CODD_TRAINING_08399,s-1598.jpg,stone,,Construction and Demolition Waste,,,,,,,,,,,,,,,,,,,,,
CODD_TRAINING_08400,s-1600.jpg,stone,,Construction and Demolition Waste,,,,,,,,,,,,,,,,,,,,,
CODD_TRAINING_08401,s-1600.jpg,stone,,Construction and Demolition Waste,,,,,,,,,,,,,,,,,,,,,
CODD_TRAINING_08402,s-1600.jpg,stone,,Construction and Demolition Waste,,,,,,,,,,,,,,,,,,,,,
CODD_TRAINING_08403,s-1600.jpg,stone,,Construction and Demolition Waste,,,,,,,,,,,,,,,,,,,,,
CODD_TRAINING_08404,s-1600.jpg,stone,,Construction and Demolition Waste,,,,,,,,,,,,,,,,,,,,,
CODD_TRAINING_08405,s-1600.jpg,stone,,Construction and Demolition Waste,,,,,,,,,,,,,,,,,,,,,
CODD_TRAINING_08406,s-1601.jpg,stone,,Construction and Demolition Waste,,,,,,,,,,,,,,,,,,,,,
CODD_TRAINING_08407,s-1601.jpg,stone,,Construction and Demolition Waste,,,,,,,,,,,,,,,,,,,,,
CODD_TRAINING_08408,s-1601.jpg,stone,,Construction and Demolition Waste,,,,,,,,,,,,,,,,,,,,,
CODD_TRAINING_08409,s-1601.jpg,stone,,Construction and Demolition Waste,,,,,,,,,,,,,,,,,,,,,
CODD_TRAINING_08410,s-1601.jpg,stone,,Construction and Demolition Waste,,,,,,,,,,,,,,,,,,,,,
CODD_TRAINING_08411,s-1601.jpg,stone,,Construction and Demolition Waste,,,,,,,,,,,,,,,,,,,,,
CODD_TRAINING_08412,s-1602.jpg,stone,,Construction and Demolition Waste,,,,,,,,,,,,,,,,,,,,,
CODD_TRAINING_08413,s-1602.jpg,stone,,Construction and Demolition Waste,,,,,,,,,,,,,,,,,,,,,
CODD_TRAINING_08414,s-1602.jpg,stone,,Construction and Demolition Waste,,,,,,,,,,,,,,,,,,,,,
CODD_TRAINING_08415,s-1602.jpg,stone,,Construction and Demolition Waste,,,,,,,,,,,,,,,,,,,,,
CODD_TRAINING_08416,s-1603.jpg,stone,,Construction and Demolition Waste,,,,,,,,,,,,,,,,,,,,,
CODD_TRAINING_08417,s-1603.jpg,stone,,Construction and Demolition Waste,,,,,,,,,,,,,,,,,,,,,
CODD_TRAINING_08418,s-1603.jpg,stone,,Construction and Demolition Waste,,,,,,,,,,,,,,,,,,,,,
CODD_TRAINING_08419,s-1603.jpg,stone,,Construction and Demolition Waste,,,,,,,,,,,,,,,,,,,,,
CODD_TRAINING_08420,s-1603.jpg,stone,,Construction and Demolition Waste,,,,,,,,,,,,,,,,,,,,,
CODD_TRAINING_08421,s-1603.jpg,stone,,Construction and Demolition Waste,,,,,,,,,,,,,,,,,,,,,
CODD_TRAINING_08422,s-1604.jpg,stone,,Construction and Demolition Waste,,,,,,,,,,,,,,,,,,,,,
CODD_TRAINING_08423,s-1604.jpg,stone,,Construction and Demolition Waste,,,,,,,,,,,,,,,,,,,,,
CODD_TRAINING_08424,s-1604.jpg,stone,,Construction and Demolition Waste,,,,,,,,,,,,,,,,,,,,,
CODD_TRAINING_08425,s-1604.jpg,stone,,Construction and Demolition Waste,,,,,,,,,,,,,,,,,,,,,
CODD_TRAINING_08426,s-1604.jpg,stone,,Construction and Demolition Waste,,,,,,,,,,,,,,,,,,,,,
CODD_TRAINING_08427,s-1604.jpg,stone,,Construction and Demolition Waste,,,,,,,,,,,,,,,,,,,,,
CODD_TRAINING_08428,s-1605.jpg,stone,,Construction and Demolition Waste,,,,,,,,,,,,,,,,,,,,,
CODD_TRAINING_08429,s-1605.jpg,stone,,Construction and Demolition Waste,,,,,,,,,,,,,,,,,,,,,
CODD_TRAINING_08430,s-1605.jpg,stone,,Construction and Demolition Waste,,,,,,,,,,,,,,,,,,,,,
CODD_TRAINING_08431,s-1606.jpg,stone,,Construction and Demolition Waste,,,,,,,,,,,,,,,,,,,,,
CODD_TRAINING_08432,s-1606.jpg,stone,,Construction and Demolition Waste,,,,,,,,,,,,,,,,,,,,,
CODD_TRAINING_08433,s-1606.jpg,stone,,Construction and Demolition Waste,,,,,,,,,,,,,,,,,,,,,
CODD_TRAINING_08434,s-1606.jpg,stone,,Construction and Demolition Waste,,,,,,,,,,,,,,,,,,,,,
CODD_TRAINING_08435,s-1606.jpg,stone,,Construction and Demolition Waste,,,,,,,,,,,,,,,,,,,,,
CODD_TRAINING_08436,s-1606.jpg,stone,,Construction and Demolition Waste,,,,,,,,,,,,,,,,,,,,,
CODD_TRAINING_08437,s-1606.jpg,stone,,Construction and Demolition Waste,,,,,,,,,,,,,,,,,,,,,
CODD_TRAINING_08438,s-1607.jpg,stone,,Construction and Demolition Waste,,,,,,,,,,,,,,,,,,,,,
CODD_TRAINING_08439,s-1607.jpg,stone,,Construction and Demolition Waste,,,,,,,,,,,,,,,,,,,,,
CODD_TRAINING_08440,s-1607.jpg,stone,,Construction and Demolition Waste,,,,,,,,,,,,,,,,,,,,,
CODD_TRAINING_08441,s-1607.jpg,stone,,Construction and Demolition Waste,,,,,,,,,,,,,,,,,,,,,
CODD_TRAINING_08442,s-1607.jpg,stone,,Construction and Demolition Waste,,,,,,,,,,,,,,,,,,,,,
CODD_TRAINING_08443,s-1607.jpg,stone,,Construction and Demolition Waste,,,,,,,,,,,,,,,,,,,,,
CODD_TRAINING_08444,s-1607.jpg,stone,,Construction and Demolition Waste,,,,,,,,,,,,,,,,,,,,,
CODD_TRAINING_08445,s-1608.jpg,stone,,Construction and Demolition Waste,,,,,,,,,,,,,,,,,,,,,
CODD_TRAINING_08446,s-1608.jpg,stone,,Construction and Demolition Waste,,,,,,,,,,,,,,,,,,,,,
CODD_TRAINING_08447,s-1608.jpg,stone,,Construction and Demolition Waste,,,,,,,,,,,,,,,,,,,,,
CODD_TRAINING_08448,s-1608.jpg,stone,,Construction and Demolition Waste,,,,,,,,,,,,,,,,,,,,,
CODD_TRAINING_08449,s-1609.jpg,stone,,Construction and Demolition Waste,,,,,,,,,,,,,,,,,,,,,
CODD_TRAINING_08450,s-1609.jpg,stone,,Construction and Demolition Waste,,,,,,,,,,,,,,,,,,,,,
CODD_TRAINING_08451,s-1609.jpg,stone,,Construction and Demolition Waste,,,,,,,,,,,,,,,,,,,,,
CODD_TRAINING_08452,s-1609.jpg,stone,,Construction and Demolition Waste,,,,,,,,,,,,,,,,,,,,,
CODD_TRAINING_08453,s-1609.jpg,stone,,Construction and Demolition Waste,,,,,,,,,,,,,,,,,,,,,
CODD_TRAINING_08454,s-1609.jpg,stone,,Construction and Demolition Waste,,,,,,,,,,,,,,,,,,,,,
CODD_TRAINING_08455,s-1610.jpg,stone,,Construction and Demolition Waste,,,,,,,,,,,,,,,,,,,,,
CODD_TRAINING_08456,s-1610.jpg,stone,,Construction and Demolition Waste,,,,,,,,,,,,,,,,,,,,,
CODD_TRAINING_08457,s-1610.jpg,stone,,Construction and Demolition Waste,,,,,,,,,,,,,,,,,,,,,
CODD_TRAINING_08458,s-1610.jpg,stone,,Construction and Demolition Waste,,,,,,,,,,,,,,,,,,,,,
CODD_TRAINING_08459,s-1610.jpg,stone,,Construction and Demolition Waste,,,,,,,,,,,,,,,,,,,,,
CODD_TRAINING_08460,s-1610.jpg,stone,,Construction and Demolition Waste,,,,,,,,,,,,,,,,,,,,,
CODD_TRAINING_08461,s-1611.jpg,stone,,Construction and Demolition Waste,,,,,,,,,,,,,,,,,,,,,
CODD_TRAINING_08462,s-1611.jpg,stone,,Construction and Demolition Waste,,,,,,,,,,,,,,,,,,,,,
CODD_TRAINING_08463,s-1611.jpg,stone,,Construction and Demolition Waste,,,,,,,,,,,,,,,,,,,,,
CODD_TRAINING_08464,s-1611.jpg,stone,,Construction and Demolition Waste,,,,,,,,,,,,,,,,,,,,,
CODD_TRAINING_08465,s-1614.jpg,stone,,Construction and Demolition Waste,,,,,,,,,,,,,,,,,,,,,
CODD_TRAINING_08466,s-1614.jpg,stone,,Construction and Demolition Waste,,,,,,,,,,,,,,,,,,,,,
CODD_TRAINING_08467,s-1614.jpg,stone,,Construction and Demolition Waste,,,,,,,,,,,,,,,,,,,,,
CODD_TRAINING_08468,s-1614.jpg,stone,,Construction and Demolition Waste,,,,,,,,,,,,,,,,,,,,,
CODD_TRAINING_08469,s-1614.jpg,stone,,Construction and Demolition Waste,,,,,,,,,,,,,,,,,,,,,
CODD_TRAINING_08470,s-1614.jpg,stone,,Construction and Demolition Waste,,,,,,,,,,,,,,,,,,,,,
CODD_TRAINING_08471,s-1615.jpg,stone,,Construction and Demolition Waste,,,,,,,,,,,,,,,,,,,,,
CODD_TRAINING_08472,s-1615.jpg,stone,,Construction and Demolition Waste,,,,,,,,,,,,,,,,,,,,,
CODD_TRAINING_08473,s-1615.jpg,stone,,Construction and Demolition Waste,,,,,,,,,,,,,,,,,,,,,
CODD_TRAINING_08474,s-1615.jpg,stone,,Construction and Demolition Waste,,,,,,,,,,,,,,,,,,,,,
CODD_TRAINING_08475,s-1615.jpg,stone,,Construction and Demolition Waste,,,,,,,,,,,,,,,,,,,,,
CODD_TRAINING_08476,s-1615.jpg,stone,,Construction and Demolition Waste,,,,,,,,,,,,,,,,,,,,,
CODD_TRAINING_08477,s-1616.jpg,stone,,Construction and Demolition Waste,,,,,,,,,,,,,,,,,,,,,
CODD_TRAINING_08478,s-1616.jpg,stone,,Construction and Demolition Waste,,,,,,,,,,,,,,,,,,,,,
CODD_TRAINING_08479,s-1616.jpg,stone,,Construction and Demolition Waste,,,,,,,,,,,,,,,,,,,,,
CODD_TRAINING_08480,s-1616.jpg,stone,,Construction and Demolition Waste,,,,,,,,,,,,,,,,,,,,,
CODD_TRAINING_08481,s-1616.jpg,stone,,Construction and Demolition Waste,,,,,,,,,,,,,,,,,,,,,
CODD_TRAINING_08482,s-1616.jpg,stone,,Construction and Demolition Waste,,,,,,,,,,,,,,,,,,,,,
CODD_TRAINING_08483,s-1617.jpg,stone,,Construction and Demolition Waste,,,,,,,,,,,,,,,,,,,,,
CODD_TRAINING_08484,s-1617.jpg,stone,,Construction and Demolition Waste,,,,,,,,,,,,,,,,,,,,,
CODD_TRAINING_08485,s-1617.jpg,stone,,Construction and Demolition Waste,,,,,,,,,,,,,,,,,,,,,
CODD_TRAINING_08486,s-1617.jpg,stone,,Construction and Demolition Waste,,,,,,,,,,,,,,,,,,,,,
CODD_TRAINING_08487,s-1618.jpg,stone,,Construction and Demolition Waste,,,,,,,,,,,,,,,,,,,,,
CODD_TRAINING_08488,s-1618.jpg,stone,,Construction and Demolition Waste,,,,,,,,,,,,,,,,,,,,,
CODD_TRAINING_08489,s-1618.jpg,stone,,Construction and Demolition Waste,,,,,,,,,,,,,,,,,,,,,
CODD_TRAINING_08490,s-1618.jpg,stone,,Construction and Demolition Waste,,,,,,,,,,,,,,,,,,,,,
CODD_TRAINING_08491,s-1618.jpg,stone,,Construction and Demolition Waste,,,,,,,,,,,,,,,,,,,,,
CODD_TRAINING_08492,s-1618.jpg,stone,,Construction and Demolition Waste,,,,,,,,,,,,,,,,,,,,,
CODD_TRAINING_08493,s-1619.jpg,stone,,Construction and Demolition Waste,,,,,,,,,,,,,,,,,,,,,
CODD_TRAINING_08494,s-1619.jpg,stone,,Construction and Demolition Waste,,,,,,,,,,,,,,,,,,,,,
CODD_TRAINING_08495,s-1619.jpg,stone,,Construction and Demolition Waste,,,,,,,,,,,,,,,,,,,,,
CODD_TRAINING_08496,s-1619.jpg,stone,,Construction and Demolition Waste,,,,,,,,,,,,,,,,,,,,,
CODD_TRAINING_08497,s-1619.jpg,stone,,Construction and Demolition Waste,,,,,,,,,,,,,,,,,,,,,
CODD_TRAINING_08498,s-1619.jpg,stone,,Construction and Demolition Waste,,,,,,,,,,,,,,,,,,,,,
CODD_TRAINING_08499,s-1621.jpg,stone,,Construction and Demolition Waste,,,,,,,,,,,,,,,,,,,,,
CODD_TRAINING_08500,s-1626.jpg,stone,,Construction and Demolition Waste,,,,,,,,,,,,,,,,,,,,,
CODD_TRAINING_08501,s-1626.jpg,stone,,Construction and Demolition Waste,,,,,,,,,,,,,,,,,,,,,
CODD_TRAINING_08502,s-1626.jpg,stone,,Construction and Demolition Waste,,,,,,,,,,,,,,,,,,,,,
CODD_TRAINING_08503,s-1626.jpg,stone,,Construction and Demolition Waste,,,,,,,,,,,,,,,,,,,,,
CODD_TRAINING_08504,s-1626.jpg,stone,,Construction and Demolition Waste,,,,,,,,,,,,,,,,,,,,,
CODD_TRAINING_08505,s-1626.jpg,stone,,Construction and Demolition Waste,,,,,,,,,,,,,,,,,,,,,
CODD_TRAINING_08506,s-1627.jpg,stone,,Construction and Demolition Waste,,,,,,,,,,,,,,,,,,,,,
CODD_TRAINING_08507,s-1627.jpg,stone,,Construction and Demolition Waste,,,,,,,,,,,,,,,,,,,,,
CODD_TRAINING_08508,s-1627.jpg,stone,,Construction and Demolition Waste,,,,,,,,,,,,,,,,,,,,,
CODD_TRAINING_08509,s-1629.jpg,stone,,Construction and Demolition Waste,,,,,,,,,,,,,,,,,,,,,
CODD_TRAINING_08510,s-1629.jpg,stone,,Construction and Demolition Waste,,,,,,,,,,,,,,,,,,,,,
CODD_TRAINING_08511,s-1629.jpg,stone,,Construction and Demolition Waste,,,,,,,,,,,,,,,,,,,,,
CODD_TRAINING_08512,s-1629.jpg,stone,,Construction and Demolition Waste,,,,,,,,,,,,,,,,,,,,,
CODD_TRAINING_08513,s-1629.jpg,stone,,Construction and Demolition Waste,,,,,,,,,,,,,,,,,,,,,
CODD_TRAINING_08514,s-1629.jpg,stone,,Construction and Demolition Waste,,,,,,,,,,,,,,,,,,,,,
CODD_TRAINING_08515,s-1630.jpg,stone,,Construction and Demolition Waste,,,,,,,,,,,,,,,,,,,,,
CODD_TRAINING_08516,s-1630.jpg,stone,,Construction and Demolition Waste,,,,,,,,,,,,,,,,,,,,,
CODD_TRAINING_08517,s-1630.jpg,stone,,Construction and Demolition Waste,,,,,,,,,,,,,,,,,,,,,
CODD_TRAINING_08518,s-1630.jpg,stone,,Construction and Demolition Waste,,,,,,,,,,,,,,,,,,,,,
CODD_TRAINING_08519,s-1630.jpg,stone,,Construction and Demolition Waste,,,,,,,,,,,,,,,,,,,,,
CODD_TRAINING_08520,s-1630.jpg,stone,,Construction and Demolition Waste,,,,,,,,,,,,,,,,,,,,,
CODD_TRAINING_08521,s-1631.jpg,stone,,Construction and Demolition Waste,,,,,,,,,,,,,,,,,,,,,
CODD_TRAINING_08522,s-1631.jpg,stone,,Construction and Demolition Waste,,,,,,,,,,,,,,,,,,,,,
CODD_TRAINING_08523,s-1631.jpg,stone,,Construction and Demolition Waste,,,,,,,,,,,,,,,,,,,,,
CODD_TRAINING_08524,s-1631.jpg,stone,,Construction and Demolition Waste,,,,,,,,,,,,,,,,,,,,,
CODD_TRAINING_08525,s-1631.jpg,stone,,Construction and Demolition Waste,,,,,,,,,,,,,,,,,,,,,
CODD_TRAINING_08526,s-1631.jpg,stone,,Construction and Demolition Waste,,,,,,,,,,,,,,,,,,,,,
CODD_TRAINING_08527,s-1632.jpg,stone,,Construction and Demolition Waste,,,,,,,,,,,,,,,,,,,,,
CODD_TRAINING_08528,s-1632.jpg,stone,,Construction and Demolition Waste,,,,,,,,,,,,,,,,,,,,,
CODD_TRAINING_08529,s-1632.jpg,stone,,Construction and Demolition Waste,,,,,,,,,,,,,,,,,,,,,
CODD_TRAINING_08530,s-1632.jpg,stone,,Construction and Demolition Waste,,,,,,,,,,,,,,,,,,,,,
CODD_TRAINING_08531,s-1632.jpg,stone,,Construction and Demolition Waste,,,,,,,,,,,,,,,,,,,,,
CODD_TRAINING_08532,s-1632.jpg,stone,,Construction and Demolition Waste,,,,,,,,,,,,,,,,,,,,,
CODD_TRAINING_08533,s-1633.jpg,stone,,Construction and Demolition Waste,,,,,,,,,,,,,,,,,,,,,
CODD_TRAINING_08534,s-1633.jpg,stone,,Construction and Demolition Waste,,,,,,,,,,,,,,,,,,,,,
CODD_TRAINING_08535,s-1633.jpg,stone,,Construction and Demolition Waste,,,,,,,,,,,,,,,,,,,,,
CODD_TRAINING_08536,s-1633.jpg,stone,,Construction and Demolition Waste,,,,,,,,,,,,,,,,,,,,,
CODD_TRAINING_08537,s-1633.jpg,stone,,Construction and Demolition Waste,,,,,,,,,,,,,,,,,,,,,
CODD_TRAINING_08538,s-1633.jpg,stone,,Construction and Demolition Waste,,,,,,,,,,,,,,,,,,,,,
CODD_TRAINING_08539,s-1634.jpg,stone,,Construction and Demolition Waste,,,,,,,,,,,,,,,,,,,,,
CODD_TRAINING_08540,s-1634.jpg,stone,,Construction and Demolition Waste,,,,,,,,,,,,,,,,,,,,,
CODD_TRAINING_08541,s-1634.jpg,stone,,Construction and Demolition Waste,,,,,,,,,,,,,,,,,,,,,
CODD_TRAINING_08542,s-1634.jpg,stone,,Construction and Demolition Waste,,,,,,,,,,,,,,,,,,,,,
CODD_TRAINING_08543,s-1634.jpg,stone,,Construction and Demolition Waste,,,,,,,,,,,,,,,,,,,,,
CODD_TRAINING_08544,s-1634.jpg,stone,,Construction and Demolition Waste,,,,,,,,,,,,,,,,,,,,,
CODD_TRAINING_08545,s-1637.jpg,stone,,Construction and Demolition Waste,,,,,,,,,,,,,,,,,,,,,
CODD_TRAINING_08546,s-1637.jpg,stone,,Construction and Demolition Waste,,,,,,,,,,,,,,,,,,,,,
CODD_TRAINING_08547,s-1637.jpg,stone,,Construction and Demolition Waste,,,,,,,,,,,,,,,,,,,,,
CODD_TRAINING_08548,s-1637.jpg,stone,,Construction and Demolition Waste,,,,,,,,,,,,,,,,,,,,,
CODD_TRAINING_08549,s-1637.jpg,stone,,Construction and Demolition Waste,,,,,,,,,,,,,,,,,,,,,
CODD_TRAINING_08550,s-1637.jpg,stone,,Construction and Demolition Waste,,,,,,,,,,,,,,,,,,,,,
CODD_TRAINING_08551,s-1637.jpg,stone,,Construction and Demolition Waste,,,,,,,,,,,,,,,,,,,,,
CODD_TRAINING_08552,s-1637.jpg,stone,,Construction and Demolition Waste,,,,,,,,,,,,,,,,,,,,,
CODD_TRAINING_08553,s-1637.jpg,stone,,Construction and Demolition Waste,,,,,,,,,,,,,,,,,,,,,
CODD_TRAINING_08554,s-1637.jpg,stone,,Construction and Demolition Waste,,,,,,,,,,,,,,,,,,,,,
CODD_TRAINING_08555,s-1638.jpg,stone,,Construction and Demolition Waste,,,,,,,,,,,,,,,,,,,,,
CODD_TRAINING_08556,s-1638.jpg,stone,,Construction and Demolition Waste,,,,,,,,,,,,,,,,,,,,,
CODD_TRAINING_08557,s-1638.jpg,stone,,Construction and Demolition Waste,,,,,,,,,,,,,,,,,,,,,
CODD_TRAINING_08558,s-1638.jpg,stone,,Construction and Demolition Waste,,,,,,,,,,,,,,,,,,,,,
CODD_TRAINING_08559,s-1638.jpg,stone,,Construction and Demolition Waste,,,,,,,,,,,,,,,,,,,,,
CODD_TRAINING_08560,s-1638.jpg,stone,,Construction and Demolition Waste,,,,,,,,,,,,,,,,,,,,,
CODD_TRAINING_08561,s-1639.jpg,stone,,Construction and Demolition Waste,,,,,,,,,,,,,,,,,,,,,
CODD_TRAINING_08562,s-1639.jpg,stone,,Construction and Demolition Waste,,,,,,,,,,,,,,,,,,,,,
CODD_TRAINING_08563,s-1639.jpg,stone,,Construction and Demolition Waste,,,,,,,,,,,,,,,,,,,,,
CODD_TRAINING_08564,s-1640.jpg,stone,,Construction and Demolition Waste,,,,,,,,,,,,,,,,,,,,,
CODD_TRAINING_08565,s-1640.jpg,stone,,Construction and Demolition Waste,,,,,,,,,,,,,,,,,,,,,
CODD_TRAINING_08566,s-1641.jpg,stone,,Construction and Demolition Waste,,,,,,,,,,,,,,,,,,,,,
CODD_TRAINING_08567,s-1643.jpg,stone,,Construction and Demolition Waste,,,,,,,,,,,,,,,,,,,,,
CODD_TRAINING_08568,s-1643.jpg,stone,,Construction and Demolition Waste,,,,,,,,,,,,,,,,,,,,,
CODD_TRAINING_08569,s-1644.jpg,stone,,Construction and Demolition Waste,,,,,,,,,,,,,,,,,,,,,
CODD_TRAINING_08570,s-1644.jpg,stone,,Construction and Demolition Waste,,,,,,,,,,,,,,,,,,,,,
CODD_TRAINING_08571,s-1645.jpg,stone,,Construction and Demolition Waste,,,,,,,,,,,,,,,,,,,,,
CODD_TRAINING_08572,s-1645.jpg,stone,,Construction and Demolition Waste,,,,,,,,,,,,,,,,,,,,,
CODD_TRAINING_08573,s-1648.jpg,stone,,Construction and Demolition Waste,,,,,,,,,,,,,,,,,,,,,
CODD_TRAINING_08574,s-1648.jpg,stone,,Construction and Demolition Waste,,,,,,,,,,,,,,,,,,,,,
CODD_TRAINING_08575,s-1649.jpg,stone,,Construction and Demolition Waste,,,,,,,,,,,,,,,,,,,,,
CODD_TRAINING_08576,s-1649.jpg,stone,,Construction and Demolition Waste,,,,,,,,,,,,,,,,,,,,,
CODD_TRAINING_08577,s-1650.jpg,stone,,Construction and Demolition Waste,,,,,,,,,,,,,,,,,,,,,
CODD_TRAINING_08578,s-1650.jpg,stone,,Construction and Demolition Waste,,,,,,,,,,,,,,,,,,,,,
CODD_TRAINING_08579,s-1652.jpg,stone,,Construction and Demolition Waste,,,,,,,,,,,,,,,,,,,,,
CODD_TRAINING_08580,s-1652.jpg,stone,,Construction and Demolition Waste,,,,,,,,,,,,,,,,,,,,,
CODD_TRAINING_08581,s-1653.jpg,stone,,Construction and Demolition Waste,,,,,,,,,,,,,,,,,,,,,
CODD_TRAINING_08582,s-1653.jpg,stone,,Construction and Demolition Waste,,,,,,,,,,,,,,,,,,,,,
CODD_TRAINING_08583,s-1654.jpg,stone,,Construction and Demolition Waste,,,,,,,,,,,,,,,,,,,,,
CODD_TRAINING_08584,s-1654.jpg,stone,,Construction and Demolition Waste,,,,,,,,,,,,,,,,,,,,,
CODD_TRAINING_08585,s-1655.jpg,stone,,Construction and Demolition Waste,,,,,,,,,,,,,,,,,,,,,
CODD_TRAINING_08586,s-1655.jpg,stone,,Construction and Demolition Waste,,,,,,,,,,,,,,,,,,,,,
CODD_TRAINING_08587,s-1656.jpg,stone,,Construction and Demolition Waste,,,,,,,,,,,,,,,,,,,,,
CODD_TRAINING_08588,s-1657.jpg,stone,,Construction and Demolition Waste,,,,,,,,,,,,,,,,,,,,,
CODD_TRAINING_08589,s-1657.jpg,stone,,Construction and Demolition Waste,,,,,,,,,,,,,,,,,,,,,
CODD_TRAINING_08590,s-1658.jpg,stone,,Construction and Demolition Waste,,,,,,,,,,,,,,,,,,,,,
CODD_TRAINING_08591,s-1658.jpg,stone,,Construction and Demolition Waste,,,,,,,,,,,,,,,,,,,,,
CODD_TRAINING_08592,s-1659.jpg,stone,,Construction and Demolition Waste,,,,,,,,,,,,,,,,,,,,,
CODD_TRAINING_08593,s-1659.jpg,stone,,Construction and Demolition Waste,,,,,,,,,,,,,,,,,,,,,
CODD_TRAINING_08594,s-1661.jpg,stone,,Construction and Demolition Waste,,,,,,,,,,,,,,,,,,,,,
CODD_TRAINING_08595,s-1661.jpg,stone,,Construction and Demolition Waste,,,,,,,,,,,,,,,,,,,,,
CODD_TRAINING_08596,s-1662.jpg,stone,,Construction and Demolition Waste,,,,,,,,,,,,,,,,,,,,,
CODD_TRAINING_08597,s-1662.jpg,stone,,Construction and Demolition Waste,,,,,,,,,,,,,,,,,,,,,
CODD_TRAINING_08598,s-1664.jpg,stone,,Construction and Demolition Waste,,,,,,,,,,,,,,,,,,,,,
CODD_TRAINING_08599,s-1664.jpg,stone,,Construction and Demolition Waste,,,,,,,,,,,,,,,,,,,,,
CODD_TRAINING_08600,s-1665.jpg,stone,,Construction and Demolition Waste,,,,,,,,,,,,,,,,,,,,,
CODD_TRAINING_08601,s-1665.jpg,stone,,Construction and Demolition Waste,,,,,,,,,,,,,,,,,,,,,
CODD_TRAINING_08602,s-1666.jpg,stone,,Construction and Demolition Waste,,,,,,,,,,,,,,,,,,,,,
CODD_TRAINING_08603,s-1666.jpg,stone,,Construction and Demolition Waste,,,,,,,,,,,,,,,,,,,,,
CODD_TRAINING_08604,s-1667.jpg,stone,,Construction and Demolition Waste,,,,,,,,,,,,,,,,,,,,,
CODD_TRAINING_08605,s-1667.jpg,stone,,Construction and Demolition Waste,,,,,,,,,,,,,,,,,,,,,
CODD_TRAINING_08606,s-1668.jpg,stone,,Construction and Demolition Waste,,,,,,,,,,,,,,,,,,,,,
CODD_TRAINING_08607,s-1668.jpg,stone,,Construction and Demolition Waste,,,,,,,,,,,,,,,,,,,,,
CODD_TRAINING_08608,s-1670.jpg,stone,,Construction and Demolition Waste,,,,,,,,,,,,,,,,,,,,,
CODD_TRAINING_08609,s-1672.jpg,stone,,Construction and Demolition Waste,,,,,,,,,,,,,,,,,,,,,
CODD_TRAINING_08610,s-1672.jpg,stone,,Construction and Demolition Waste,,,,,,,,,,,,,,,,,,,,,
CODD_TRAINING_08611,s-1675.jpg,stone,,Construction and Demolition Waste,,,,,,,,,,,,,,,,,,,,,
CODD_TRAINING_08612,s-1675.jpg,stone,,Construction and Demolition Waste,,,,,,,,,,,,,,,,,,,,,
CODD_TRAINING_08613,s-1676.jpg,stone,,Construction and Demolition Waste,,,,,,,,,,,,,,,,,,,,,
CODD_TRAINING_08614,s-1676.jpg,stone,,Construction and Demolition Waste,,,,,,,,,,,,,,,,,,,,,
CODD_TRAINING_08615,s-1677.jpg,stone,,Construction and Demolition Waste,,,,,,,,,,,,,,,,,,,,,
CODD_TRAINING_08616,s-1677.jpg,stone,,Construction and Demolition Waste,,,,,,,,,,,,,,,,,,,,,
CODD_TRAINING_08617,s-1678.jpg,stone,,Construction and Demolition Waste,,,,,,,,,,,,,,,,,,,,,
CODD_TRAINING_08618,s-1678.jpg,stone,,Construction and Demolition Waste,,,,,,,,,,,,,,,,,,,,,
CODD_TRAINING_08619,s-1679.jpg,stone,,Construction and Demolition Waste,,,,,,,,,,,,,,,,,,,,,
CODD_TRAINING_08620,s-1679.jpg,stone,,Construction and Demolition Waste,,,,,,,,,,,,,,,,,,,,,
CODD_TRAINING_08621,s-1680.jpg,stone,,Construction and Demolition Waste,,,,,,,,,,,,,,,,,,,,,
CODD_TRAINING_08622,s-1680.jpg,stone,,Construction and Demolition Waste,,,,,,,,,,,,,,,,,,,,,
CODD_TRAINING_08623,s-1681.jpg,stone,,Construction and Demolition Waste,,,,,,,,,,,,,,,,,,,,,
CODD_TRAINING_08624,s-1681.jpg,stone,,Construction and Demolition Waste,,,,,,,,,,,,,,,,,,,,,
CODD_TRAINING_08625,s-1682.jpg,stone,,Construction and Demolition Waste,,,,,,,,,,,,,,,,,,,,,
CODD_TRAINING_08626,s-1682.jpg,stone,,Construction and Demolition Waste,,,,,,,,,,,,,,,,,,,,,
CODD_TRAINING_08627,s-1683.jpg,stone,,Construction and Demolition Waste,,,,,,,,,,,,,,,,,,,,,
CODD_TRAINING_08628,s-1683.jpg,stone,,Construction and Demolition Waste,,,,,,,,,,,,,,,,,,,,,
CODD_TRAINING_08629,s-1686.jpg,stone,,Construction and Demolition Waste,,,,,,,,,,,,,,,,,,,,,
CODD_TRAINING_08630,s-1686.jpg,stone,,Construction and Demolition Waste,,,,,,,,,,,,,,,,,,,,,
CODD_TRAINING_08631,s-1687.jpg,stone,,Construction and Demolition Waste,,,,,,,,,,,,,,,,,,,,,
CODD_TRAINING_08632,s-1688.jpg,stone,,Construction and Demolition Waste,,,,,,,,,,,,,,,,,,,,,
CODD_TRAINING_08633,s-1688.jpg,stone,,Construction and Demolition Waste,,,,,,,,,,,,,,,,,,,,,
CODD_TRAINING_08634,s-1689.jpg,stone,,Construction and Demolition Waste,,,,,,,,,,,,,,,,,,,,,
CODD_TRAINING_08635,s-1689.jpg,stone,,Construction and Demolition Waste,,,,,,,,,,,,,,,,,,,,,
CODD_TRAINING_08636,s-1691.jpg,stone,,Construction and Demolition Waste,,,,,,,,,,,,,,,,,,,,,
CODD_TRAINING_08637,s-1691.jpg,stone,,Construction and Demolition Waste,,,,,,,,,,,,,,,,,,,,,
CODD_TRAINING_08638,s-1692.jpg,stone,,Construction and Demolition Waste,,,,,,,,,,,,,,,,,,,,,
CODD_TRAINING_08639,s-1692.jpg,stone,,Construction and Demolition Waste,,,,,,,,,,,,,,,,,,,,,
CODD_TRAINING_08640,s-1696.jpg,stone,,Construction and Demolition Waste,,,,,,,,,,,,,,,,,,,,,
CODD_TRAINING_08641,s-1696.jpg,stone,,Construction and Demolition Waste,,,,,,,,,,,,,,,,,,,,,
CODD_TRAINING_08642,s-1697.jpg,stone,,Construction and Demolition Waste,,,,,,,,,,,,,,,,,,,,,
CODD_TRAINING_08643,s-1697.jpg,stone,,Construction and Demolition Waste,,,,,,,,,,,,,,,,,,,,,
CODD_TRAINING_08644,s-1698.jpg,stone,,Construction and Demolition Waste,,,,,,,,,,,,,,,,,,,,,
CODD_TRAINING_08645,s-1698.jpg,stone,,Construction and Demolition Waste,,,,,,,,,,,,,,,,,,,,,
CODD_TRAINING_08646,s-1699.jpg,stone,,Construction and Demolition Waste,,,,,,,,,,,,,,,,,,,,,
CODD_TRAINING_08647,s-1699.jpg,stone,,Construction and Demolition Waste,,,,,,,,,,,,,,,,,,,,,
CODD_TRAINING_08648,s-1700.jpg,stone,,Construction and Demolition Waste,,,,,,,,,,,,,,,,,,,,,
CODD_TRAINING_08649,s-1700.jpg,stone,,Construction and Demolition Waste,,,,,,,,,,,,,,,,,,,,,
CODD_TRAINING_08650,s-1702.jpg,stone,,Construction and Demolition Waste,,,,,,,,,,,,,,,,,,,,,
CODD_TRAINING_08651,s-1702.jpg,stone,,Construction and Demolition Waste,,,,,,,,,,,,,,,,,,,,,
CODD_TRAINING_08652,s-1705.jpg,stone,,Construction and Demolition Waste,,,,,,,,,,,,,,,,,,,,,
CODD_TRAINING_08653,s-1705.jpg,stone,,Construction and Demolition Waste,,,,,,,,,,,,,,,,,,,,,
CODD_TRAINING_08654,s-1706.jpg,stone,,Construction and Demolition Waste,,,,,,,,,,,,,,,,,,,,,
CODD_TRAINING_08655,s-1706.jpg,stone,,Construction and Demolition Waste,,,,,,,,,,,,,,,,,,,,,
CODD_TRAINING_08656,s-1712.jpg,stone,,Construction and Demolition Waste,,,,,,,,,,,,,,,,,,,,,
CODD_TRAINING_08657,s-1712.jpg,stone,,Construction and Demolition Waste,,,,,,,,,,,,,,,,,,,,,
CODD_TRAINING_08658,s-1713.jpg,stone,,Construction and Demolition Waste,,,,,,,,,,,,,,,,,,,,,
CODD_TRAINING_08659,s-1713.jpg,stone,,Construction and Demolition Waste,,,,,,,,,,,,,,,,,,,,,
CODD_TRAINING_08660,s-1714.jpg,stone,,Construction and Demolition Waste,,,,,,,,,,,,,,,,,,,,,
CODD_TRAINING_08661,s-1715.jpg,stone,,Construction and Demolition Waste,,,,,,,,,,,,,,,,,,,,,
CODD_TRAINING_08662,s-1715.jpg,stone,,Construction and Demolition Waste,,,,,,,,,,,,,,,,,,,,,
CODD_TRAINING_08663,s-1716.jpg,stone,,Construction and Demolition Waste,,,,,,,,,,,,,,,,,,,,,
CODD_TRAINING_08664,s-1716.jpg,stone,,Construction and Demolition Waste,,,,,,,,,,,,,,,,,,,,,
CODD_TRAINING_08665,s-1717.jpg,stone,,Construction and Demolition Waste,,,,,,,,,,,,,,,,,,,,,
CODD_TRAINING_08666,s-1719.jpg,stone,,Construction and Demolition Waste,,,,,,,,,,,,,,,,,,,,,
CODD_TRAINING_08667,s-1719.jpg,stone,,Construction and Demolition Waste,,,,,,,,,,,,,,,,,,,,,
CODD_TRAINING_08668,s-1721.jpg,stone,,Construction and Demolition Waste,,,,,,,,,,,,,,,,,,,,,
CODD_TRAINING_08669,s-1723.jpg,stone,,Construction and Demolition Waste,,,,,,,,,,,,,,,,,,,,,
CODD_TRAINING_08670,s-1723.jpg,stone,,Construction and Demolition Waste,,,,,,,,,,,,,,,,,,,,,
CODD_TRAINING_08671,s-1724.jpg,stone,,Construction and Demolition Waste,,,,,,,,,,,,,,,,,,,,,
CODD_TRAINING_08672,s-1725.jpg,stone,,Construction and Demolition Waste,,,,,,,,,,,,,,,,,,,,,
CODD_TRAINING_08673,s-1726.jpg,stone,,Construction and Demolition Waste,,,,,,,,,,,,,,,,,,,,,
CODD_TRAINING_08674,s-1726.jpg,stone,,Construction and Demolition Waste,,,,,,,,,,,,,,,,,,,,,
CODD_TRAINING_08675,s-1727.jpg,stone,,Construction and Demolition Waste,,,,,,,,,,,,,,,,,,,,,
CODD_TRAINING_08676,s-1727.jpg,stone,,Construction and Demolition Waste,,,,,,,,,,,,,,,,,,,,,
CODD_TRAINING_08677,s-1729.jpg,stone,,Construction and Demolition Waste,,,,,,,,,,,,,,,,,,,,,
CODD_TRAINING_08678,s-1729.jpg,stone,,Construction and Demolition Waste,,,,,,,,,,,,,,,,,,,,,
CODD_TRAINING_08679,s-1729.jpg,stone,,Construction and Demolition Waste,,,,,,,,,,,,,,,,,,,,,
CODD_TRAINING_08680,s-1729.jpg,stone,,Construction and Demolition Waste,,,,,,,,,,,,,,,,,,,,,
CODD_TRAINING_08681,s-1729.jpg,stone,,Construction and Demolition Waste,,,,,,,,,,,,,,,,,,,,,
CODD_TRAINING_08682,s-1729.jpg,stone,,Construction and Demolition Waste,,,,,,,,,,,,,,,,,,,,,
CODD_TRAINING_08683,s-1731.jpg,stone,,Construction and Demolition Waste,,,,,,,,,,,,,,,,,,,,,
CODD_TRAINING_08684,s-1731.jpg,stone,,Construction and Demolition Waste,,,,,,,,,,,,,,,,,,,,,
CODD_TRAINING_08685,s-1731.jpg,stone,,Construction and Demolition Waste,,,,,,,,,,,,,,,,,,,,,
CODD_TRAINING_08686,s-1731.jpg,stone,,Construction and Demolition Waste,,,,,,,,,,,,,,,,,,,,,
CODD_TRAINING_08687,s-1731.jpg,stone,,Construction and Demolition Waste,,,,,,,,,,,,,,,,,,,,,
CODD_TRAINING_08688,s-1731.jpg,stone,,Construction and Demolition Waste,,,,,,,,,,,,,,,,,,,,,
CODD_TRAINING_08689,s-1734.jpg,stone,,Construction and Demolition Waste,,,,,,,,,,,,,,,,,,,,,
CODD_TRAINING_08690,s-1734.jpg,stone,,Construction and Demolition Waste,,,,,,,,,,,,,,,,,,,,,
CODD_TRAINING_08691,s-1734.jpg,stone,,Construction and Demolition Waste,,,,,,,,,,,,,,,,,,,,,
CODD_TRAINING_08692,s-1734.jpg,stone,,Construction and Demolition Waste,,,,,,,,,,,,,,,,,,,,,
CODD_TRAINING_08693,s-1734.jpg,stone,,Construction and Demolition Waste,,,,,,,,,,,,,,,,,,,,,
CODD_TRAINING_08694,s-1734.jpg,stone,,Construction and Demolition Waste,,,,,,,,,,,,,,,,,,,,,
CODD_TRAINING_08695,s-1735.jpg,stone,,Construction and Demolition Waste,,,,,,,,,,,,,,,,,,,,,
CODD_TRAINING_08696,s-1735.jpg,stone,,Construction and Demolition Waste,,,,,,,,,,,,,,,,,,,,,
CODD_TRAINING_08697,s-1735.jpg,stone,,Construction and Demolition Waste,,,,,,,,,,,,,,,,,,,,,
CODD_TRAINING_08698,s-1735.jpg,stone,,Construction and Demolition Waste,,,,,,,,,,,,,,,,,,,,,
CODD_TRAINING_08699,s-1735.jpg,stone,,Construction and Demolition Waste,,,,,,,,,,,,,,,,,,,,,
CODD_TRAINING_08700,s-1735.jpg,stone,,Construction and Demolition Waste,,,,,,,,,,,,,,,,,,,,,
CODD_TRAINING_08701,s-1739.jpg,stone,,Construction and Demolition Waste,,,,,,,,,,,,,,,,,,,,,
CODD_TRAINING_08702,s-1739.jpg,stone,,Construction and Demolition Waste,,,,,,,,,,,,,,,,,,,,,
CODD_TRAINING_08703,s-1739.jpg,stone,,Construction and Demolition Waste,,,,,,,,,,,,,,,,,,,,,
CODD_TRAINING_08704,s-1739.jpg,stone,,Construction and Demolition Waste,,,,,,,,,,,,,,,,,,,,,
CODD_TRAINING_08705,s-1739.jpg,stone,,Construction and Demolition Waste,,,,,,,,,,,,,,,,,,,,,
CODD_TRAINING_08706,s-1740.jpg,stone,,Construction and Demolition Waste,,,,,,,,,,,,,,,,,,,,,
CODD_TRAINING_08707,s-1740.jpg,stone,,Construction and Demolition Waste,,,,,,,,,,,,,,,,,,,,,
CODD_TRAINING_08708,s-1740.jpg,stone,,Construction and Demolition Waste,,,,,,,,,,,,,,,,,,,,,
CODD_TRAINING_08709,s-1740.jpg,stone,,Construction and Demolition Waste,,,,,,,,,,,,,,,,,,,,,
CODD_TRAINING_08710,s-1740.jpg,stone,,Construction and Demolition Waste,,,,,,,,,,,,,,,,,,,,,
CODD_TRAINING_08711,s-1740.jpg,stone,,Construction and Demolition Waste,,,,,,,,,,,,,,,,,,,,,
CODD_TRAINING_08712,s-1741.jpg,stone,,Construction and Demolition Waste,,,,,,,,,,,,,,,,,,,,,
CODD_TRAINING_08713,s-1741.jpg,stone,,Construction and Demolition Waste,,,,,,,,,,,,,,,,,,,,,
CODD_TRAINING_08714,s-1741.jpg,stone,,Construction and Demolition Waste,,,,,,,,,,,,,,,,,,,,,
CODD_TRAINING_08715,s-1741.jpg,stone,,Construction and Demolition Waste,,,,,,,,,,,,,,,,,,,,,
CODD_TRAINING_08716,s-1741.jpg,stone,,Construction and Demolition Waste,,,,,,,,,,,,,,,,,,,,,
CODD_TRAINING_08717,s-1741.jpg,stone,,Construction and Demolition Waste,,,,,,,,,,,,,,,,,,,,,
CODD_TRAINING_08718,s-1742.jpg,stone,,Construction and Demolition Waste,,,,,,,,,,,,,,,,,,,,,
CODD_TRAINING_08719,s-1742.jpg,stone,,Construction and Demolition Waste,,,,,,,,,,,,,,,,,,,,,
CODD_TRAINING_08720,s-1743.jpg,stone,,Construction and Demolition Waste,,,,,,,,,,,,,,,,,,,,,
CODD_TRAINING_08721,s-1743.jpg,stone,,Construction and Demolition Waste,,,,,,,,,,,,,,,,,,,,,
CODD_TRAINING_08722,s-1743.jpg,stone,,Construction and Demolition Waste,,,,,,,,,,,,,,,,,,,,,
CODD_TRAINING_08723,s-1743.jpg,stone,,Construction and Demolition Waste,,,,,,,,,,,,,,,,,,,,,
CODD_TRAINING_08724,s-1743.jpg,stone,,Construction and Demolition Waste,,,,,,,,,,,,,,,,,,,,,
CODD_TRAINING_08725,s-1743.jpg,stone,,Construction and Demolition Waste,,,,,,,,,,,,,,,,,,,,,
CODD_TRAINING_08726,s-1745.jpg,stone,,Construction and Demolition Waste,,,,,,,,,,,,,,,,,,,,,
CODD_TRAINING_08727,s-1745.jpg,stone,,Construction and Demolition Waste,,,,,,,,,,,,,,,,,,,,,
CODD_TRAINING_08728,s-1745.jpg,stone,,Construction and Demolition Waste,,,,,,,,,,,,,,,,,,,,,
CODD_TRAINING_08729,s-1745.jpg,stone,,Construction and Demolition Waste,,,,,,,,,,,,,,,,,,,,,
CODD_TRAINING_08730,s-1745.jpg,stone,,Construction and Demolition Waste,,,,,,,,,,,,,,,,,,,,,
CODD_TRAINING_08731,s-1745.jpg,stone,,Construction and Demolition Waste,,,,,,,,,,,,,,,,,,,,,
CODD_TRAINING_08732,s-1746.jpg,stone,,Construction and Demolition Waste,,,,,,,,,,,,,,,,,,,,,
CODD_TRAINING_08733,s-1746.jpg,stone,,Construction and Demolition Waste,,,,,,,,,,,,,,,,,,,,,
CODD_TRAINING_08734,s-1746.jpg,stone,,Construction and Demolition Waste,,,,,,,,,,,,,,,,,,,,,
CODD_TRAINING_08735,s-1746.jpg,stone,,Construction and Demolition Waste,,,,,,,,,,,,,,,,,,,,,
CODD_TRAINING_08736,s-1746.jpg,stone,,Construction and Demolition Waste,,,,,,,,,,,,,,,,,,,,,
CODD_TRAINING_08737,s-1746.jpg,stone,,Construction and Demolition Waste,,,,,,,,,,,,,,,,,,,,,
CODD_TRAINING_08738,s-1747.jpg,stone,,Construction and Demolition Waste,,,,,,,,,,,,,,,,,,,,,
CODD_TRAINING_08739,s-1747.jpg,stone,,Construction and Demolition Waste,,,,,,,,,,,,,,,,,,,,,
CODD_TRAINING_08740,s-1747.jpg,stone,,Construction and Demolition Waste,,,,,,,,,,,,,,,,,,,,,
CODD_TRAINING_08741,s-1747.jpg,stone,,Construction and Demolition Waste,,,,,,,,,,,,,,,,,,,,,
CODD_TRAINING_08742,s-1747.jpg,stone,,Construction and Demolition Waste,,,,,,,,,,,,,,,,,,,,,
CODD_TRAINING_08743,s-1747.jpg,stone,,Construction and Demolition Waste,,,,,,,,,,,,,,,,,,,,,
CODD_TRAINING_08744,s-1749.jpg,stone,,Construction and Demolition Waste,,,,,,,,,,,,,,,,,,,,,
CODD_TRAINING_08745,s-1749.jpg,stone,,Construction and Demolition Waste,,,,,,,,,,,,,,,,,,,,,
CODD_TRAINING_08746,s-1749.jpg,stone,,Construction and Demolition Waste,,,,,,,,,,,,,,,,,,,,,
CODD_TRAINING_08747,s-1749.jpg,stone,,Construction and Demolition Waste,,,,,,,,,,,,,,,,,,,,,
CODD_TRAINING_08748,s-1749.jpg,stone,,Construction and Demolition Waste,,,,,,,,,,,,,,,,,,,,,
CODD_TRAINING_08749,s-1749.jpg,stone,,Construction and Demolition Waste,,,,,,,,,,,,,,,,,,,,,
CODD_TRAINING_08750,s-1750.jpg,stone,,Construction and Demolition Waste,,,,,,,,,,,,,,,,,,,,,
CODD_TRAINING_08751,s-1750.jpg,stone,,Construction and Demolition Waste,,,,,,,,,,,,,,,,,,,,,
CODD_TRAINING_08752,s-1750.jpg,stone,,Construction and Demolition Waste,,,,,,,,,,,,,,,,,,,,,
CODD_TRAINING_08753,s-1750.jpg,stone,,Construction and Demolition Waste,,,,,,,,,,,,,,,,,,,,,
CODD_TRAINING_08754,s-1750.jpg,stone,,Construction and Demolition Waste,,,,,,,,,,,,,,,,,,,,,
CODD_TRAINING_08755,s-1750.jpg,stone,,Construction and Demolition Waste,,,,,,,,,,,,,,,,,,,,,
CODD_TRAINING_08756,s-1751.jpg,stone,,Construction and Demolition Waste,,,,,,,,,,,,,,,,,,,,,
CODD_TRAINING_08757,s-1751.jpg,stone,,Construction and Demolition Waste,,,,,,,,,,,,,,,,,,,,,
CODD_TRAINING_08758,s-1751.jpg,stone,,Construction and Demolition Waste,,,,,,,,,,,,,,,,,,,,,
CODD_TRAINING_08759,s-1751.jpg,stone,,Construction and Demolition Waste,,,,,,,,,,,,,,,,,,,,,
CODD_TRAINING_08760,s-1751.jpg,stone,,Construction and Demolition Waste,,,,,,,,,,,,,,,,,,,,,
CODD_TRAINING_08761,s-1751.jpg,stone,,Construction and Demolition Waste,,,,,,,,,,,,,,,,,,,,,
CODD_TRAINING_08762,s-1752.jpg,stone,,Construction and Demolition Waste,,,,,,,,,,,,,,,,,,,,,
CODD_TRAINING_08763,s-1752.jpg,stone,,Construction and Demolition Waste,,,,,,,,,,,,,,,,,,,,,
CODD_TRAINING_08764,s-1752.jpg,stone,,Construction and Demolition Waste,,,,,,,,,,,,,,,,,,,,,
CODD_TRAINING_08765,s-1752.jpg,stone,,Construction and Demolition Waste,,,,,,,,,,,,,,,,,,,,,
CODD_TRAINING_08766,s-1752.jpg,stone,,Construction and Demolition Waste,,,,,,,,,,,,,,,,,,,,,
CODD_TRAINING_08767,s-1752.jpg,stone,,Construction and Demolition Waste,,,,,,,,,,,,,,,,,,,,,
CODD_TRAINING_08768,s-1753.jpg,stone,,Construction and Demolition Waste,,,,,,,,,,,,,,,,,,,,,
CODD_TRAINING_08769,s-1753.jpg,stone,,Construction and Demolition Waste,,,,,,,,,,,,,,,,,,,,,
CODD_TRAINING_08770,s-1753.jpg,stone,,Construction and Demolition Waste,,,,,,,,,,,,,,,,,,,,,
CODD_TRAINING_08771,s-1753.jpg,stone,,Construction and Demolition Waste,,,,,,,,,,,,,,,,,,,,,
CODD_TRAINING_08772,s-1753.jpg,stone,,Construction and Demolition Waste,,,,,,,,,,,,,,,,,,,,,
CODD_TRAINING_08773,s-1753.jpg,stone,,Construction and Demolition Waste,,,,,,,,,,,,,,,,,,,,,
CODD_TRAINING_08774,s-1754.jpg,stone,,Construction and Demolition Waste,,,,,,,,,,,,,,,,,,,,,
CODD_TRAINING_08775,s-1754.jpg,stone,,Construction and Demolition Waste,,,,,,,,,,,,,,,,,,,,,
CODD_TRAINING_08776,s-1754.jpg,stone,,Construction and Demolition Waste,,,,,,,,,,,,,,,,,,,,,
CODD_TRAINING_08777,s-1754.jpg,stone,,Construction and Demolition Waste,,,,,,,,,,,,,,,,,,,,,
CODD_TRAINING_08778,s-1754.jpg,stone,,Construction and Demolition Waste,,,,,,,,,,,,,,,,,,,,,
CODD_TRAINING_08779,s-1756.jpg,stone,,Construction and Demolition Waste,,,,,,,,,,,,,,,,,,,,,
CODD_TRAINING_08780,s-1756.jpg,stone,,Construction and Demolition Waste,,,,,,,,,,,,,,,,,,,,,
CODD_TRAINING_08781,s-1756.jpg,stone,,Construction and Demolition Waste,,,,,,,,,,,,,,,,,,,,,
CODD_TRAINING_08782,s-1756.jpg,stone,,Construction and Demolition Waste,,,,,,,,,,,,,,,,,,,,,
CODD_TRAINING_08783,s-1756.jpg,stone,,Construction and Demolition Waste,,,,,,,,,,,,,,,,,,,,,
CODD_TRAINING_08784,s-1756.jpg,stone,,Construction and Demolition Waste,,,,,,,,,,,,,,,,,,,,,
CODD_TRAINING_08785,s-1757.jpg,stone,,Construction and Demolition Waste,,,,,,,,,,,,,,,,,,,,,
CODD_TRAINING_08786,s-1757.jpg,stone,,Construction and Demolition Waste,,,,,,,,,,,,,,,,,,,,,
CODD_TRAINING_08787,s-1757.jpg,stone,,Construction and Demolition Waste,,,,,,,,,,,,,,,,,,,,,
CODD_TRAINING_08788,s-1757.jpg,stone,,Construction and Demolition Waste,,,,,,,,,,,,,,,,,,,,,
CODD_TRAINING_08789,s-1757.jpg,stone,,Construction and Demolition Waste,,,,,,,,,,,,,,,,,,,,,
CODD_TRAINING_08790,s-1757.jpg,stone,,Construction and Demolition Waste,,,,,,,,,,,,,,,,,,,,,
CODD_TRAINING_08791,s-1758.jpg,stone,,Construction and Demolition Waste,,,,,,,,,,,,,,,,,,,,,
CODD_TRAINING_08792,s-1758.jpg,stone,,Construction and Demolition Waste,,,,,,,,,,,,,,,,,,,,,
CODD_TRAINING_08793,s-1758.jpg,stone,,Construction and Demolition Waste,,,,,,,,,,,,,,,,,,,,,
CODD_TRAINING_08794,s-1759.jpg,stone,,Construction and Demolition Waste,,,,,,,,,,,,,,,,,,,,,
CODD_TRAINING_08795,s-1759.jpg,stone,,Construction and Demolition Waste,,,,,,,,,,,,,,,,,,,,,
CODD_TRAINING_08796,s-1759.jpg,stone,,Construction and Demolition Waste,,,,,,,,,,,,,,,,,,,,,
CODD_TRAINING_08797,s-1759.jpg,stone,,Construction and Demolition Waste,,,,,,,,,,,,,,,,,,,,,
CODD_TRAINING_08798,s-1759.jpg,stone,,Construction and Demolition Waste,,,,,,,,,,,,,,,,,,,,,
CODD_TRAINING_08799,s-1759.jpg,stone,,Construction and Demolition Waste,,,,,,,,,,,,,,,,,,,,,
CODD_TRAINING_08800,s-1760.jpg,stone,,Construction and Demolition Waste,,,,,,,,,,,,,,,,,,,,,
CODD_TRAINING_08801,s-1760.jpg,stone,,Construction and Demolition Waste,,,,,,,,,,,,,,,,,,,,,
CODD_TRAINING_08802,s-1760.jpg,stone,,Construction and Demolition Waste,,,,,,,,,,,,,,,,,,,,,
CODD_TRAINING_08803,s-1760.jpg,stone,,Construction and Demolition Waste,,,,,,,,,,,,,,,,,,,,,
CODD_TRAINING_08804,s-1760.jpg,stone,,Construction and Demolition Waste,,,,,,,,,,,,,,,,,,,,,
CODD_TRAINING_08805,s-1760.jpg,stone,,Construction and Demolition Waste,,,,,,,,,,,,,,,,,,,,,
CODD_TRAINING_08806,s-1762.jpg,stone,,Construction and Demolition Waste,,,,,,,,,,,,,,,,,,,,,
CODD_TRAINING_08807,s-1762.jpg,stone,,Construction and Demolition Waste,,,,,,,,,,,,,,,,,,,,,
CODD_TRAINING_08808,s-1762.jpg,stone,,Construction and Demolition Waste,,,,,,,,,,,,,,,,,,,,,
CODD_TRAINING_08809,s-1762.jpg,stone,,Construction and Demolition Waste,,,,,,,,,,,,,,,,,,,,,
CODD_TRAINING_08810,s-1762.jpg,stone,,Construction and Demolition Waste,,,,,,,,,,,,,,,,,,,,,
CODD_TRAINING_08811,s-1762.jpg,stone,,Construction and Demolition Waste,,,,,,,,,,,,,,,,,,,,,
CODD_TRAINING_08812,s-1763.jpg,stone,,Construction and Demolition Waste,,,,,,,,,,,,,,,,,,,,,
CODD_TRAINING_08813,s-1763.jpg,stone,,Construction and Demolition Waste,,,,,,,,,,,,,,,,,,,,,
CODD_TRAINING_08814,s-1763.jpg,stone,,Construction and Demolition Waste,,,,,,,,,,,,,,,,,,,,,
CODD_TRAINING_08815,s-1763.jpg,stone,,Construction and Demolition Waste,,,,,,,,,,,,,,,,,,,,,
CODD_TRAINING_08816,s-1764.jpg,stone,,Construction and Demolition Waste,,,,,,,,,,,,,,,,,,,,,
CODD_TRAINING_08817,s-1764.jpg,stone,,Construction and Demolition Waste,,,,,,,,,,,,,,,,,,,,,
CODD_TRAINING_08818,s-1764.jpg,stone,,Construction and Demolition Waste,,,,,,,,,,,,,,,,,,,,,
CODD_TRAINING_08819,s-1764.jpg,stone,,Construction and Demolition Waste,,,,,,,,,,,,,,,,,,,,,
CODD_TRAINING_08820,s-1764.jpg,stone,,Construction and Demolition Waste,,,,,,,,,,,,,,,,,,,,,
CODD_TRAINING_08821,s-1764.jpg,stone,,Construction and Demolition Waste,,,,,,,,,,,,,,,,,,,,,
CODD_TRAINING_08822,s-1766.jpg,stone,,Construction and Demolition Waste,,,,,,,,,,,,,,,,,,,,,
CODD_TRAINING_08823,s-1766.jpg,stone,,Construction and Demolition Waste,,,,,,,,,,,,,,,,,,,,,
CODD_TRAINING_08824,s-1766.jpg,stone,,Construction and Demolition Waste,,,,,,,,,,,,,,,,,,,,,
CODD_TRAINING_08825,s-1766.jpg,stone,,Construction and Demolition Waste,,,,,,,,,,,,,,,,,,,,,
CODD_TRAINING_08826,s-1766.jpg,stone,,Construction and Demolition Waste,,,,,,,,,,,,,,,,,,,,,
CODD_TRAINING_08827,s-1766.jpg,stone,,Construction and Demolition Waste,,,,,,,,,,,,,,,,,,,,,
CODD_TRAINING_08828,s-1767.jpg,stone,,Construction and Demolition Waste,,,,,,,,,,,,,,,,,,,,,
CODD_TRAINING_08829,s-1767.jpg,stone,,Construction and Demolition Waste,,,,,,,,,,,,,,,,,,,,,
CODD_TRAINING_08830,s-1767.jpg,stone,,Construction and Demolition Waste,,,,,,,,,,,,,,,,,,,,,
CODD_TRAINING_08831,s-1767.jpg,stone,,Construction and Demolition Waste,,,,,,,,,,,,,,,,,,,,,
CODD_TRAINING_08832,s-1767.jpg,stone,,Construction and Demolition Waste,,,,,,,,,,,,,,,,,,,,,
CODD_TRAINING_08833,s-1767.jpg,stone,,Construction and Demolition Waste,,,,,,,,,,,,,,,,,,,,,
CODD_TRAINING_08834,s-1768.jpg,stone,,Construction and Demolition Waste,,,,,,,,,,,,,,,,,,,,,
CODD_TRAINING_08835,s-1768.jpg,stone,,Construction and Demolition Waste,,,,,,,,,,,,,,,,,,,,,
CODD_TRAINING_08836,s-1768.jpg,stone,,Construction and Demolition Waste,,,,,,,,,,,,,,,,,,,,,
CODD_TRAINING_08837,s-1768.jpg,stone,,Construction and Demolition Waste,,,,,,,,,,,,,,,,,,,,,
CODD_TRAINING_08838,s-1768.jpg,stone,,Construction and Demolition Waste,,,,,,,,,,,,,,,,,,,,,
CODD_TRAINING_08839,s-1768.jpg,stone,,Construction and Demolition Waste,,,,,,,,,,,,,,,,,,,,,
CODD_TRAINING_08840,s-1769.jpg,stone,,Construction and Demolition Waste,,,,,,,,,,,,,,,,,,,,,
CODD_TRAINING_08841,s-1769.jpg,stone,,Construction and Demolition Waste,,,,,,,,,,,,,,,,,,,,,
CODD_TRAINING_08842,s-1769.jpg,stone,,Construction and Demolition Waste,,,,,,,,,,,,,,,,,,,,,
CODD_TRAINING_08843,s-1769.jpg,stone,,Construction and Demolition Waste,,,,,,,,,,,,,,,,,,,,,
CODD_TRAINING_08844,s-1769.jpg,stone,,Construction and Demolition Waste,,,,,,,,,,,,,,,,,,,,,
CODD_TRAINING_08845,s-1769.jpg,stone,,Construction and Demolition Waste,,,,,,,,,,,,,,,,,,,,,
CODD_TRAINING_08846,s-1769.jpg,stone,,Construction and Demolition Waste,,,,,,,,,,,,,,,,,,,,,
CODD_TRAINING_08847,s-1769.jpg,stone,,Construction and Demolition Waste,,,,,,,,,,,,,,,,,,,,,
CODD_TRAINING_08848,s-1770.jpg,stone,,Construction and Demolition Waste,,,,,,,,,,,,,,,,,,,,,
CODD_TRAINING_08849,s-1770.jpg,stone,,Construction and Demolition Waste,,,,,,,,,,,,,,,,,,,,,
CODD_TRAINING_08850,s-1770.jpg,stone,,Construction and Demolition Waste,,,,,,,,,,,,,,,,,,,,,
CODD_TRAINING_08851,s-1770.jpg,stone,,Construction and Demolition Waste,,,,,,,,,,,,,,,,,,,,,
CODD_TRAINING_08852,s-1770.jpg,stone,,Construction and Demolition Waste,,,,,,,,,,,,,,,,,,,,,
CODD_TRAINING_08853,s-1773.jpg,stone,,Construction and Demolition Waste,,,,,,,,,,,,,,,,,,,,,
CODD_TRAINING_08854,s-1775.jpg,stone,,Construction and Demolition Waste,,,,,,,,,,,,,,,,,,,,,
CODD_TRAINING_08855,s-1775.jpg,stone,,Construction and Demolition Waste,,,,,,,,,,,,,,,,,,,,,
CODD_TRAINING_08856,s-1775.jpg,stone,,Construction and Demolition Waste,,,,,,,,,,,,,,,,,,,,,
CODD_TRAINING_08857,s-1775.jpg,stone,,Construction and Demolition Waste,,,,,,,,,,,,,,,,,,,,,
CODD_TRAINING_08858,s-1775.jpg,stone,,Construction and Demolition Waste,,,,,,,,,,,,,,,,,,,,,
CODD_TRAINING_08859,s-1775.jpg,stone,,Construction and Demolition Waste,,,,,,,,,,,,,,,,,,,,,
CODD_TRAINING_08860,s-1776.jpg,stone,,Construction and Demolition Waste,,,,,,,,,,,,,,,,,,,,,
CODD_TRAINING_08861,s-1776.jpg,stone,,Construction and Demolition Waste,,,,,,,,,,,,,,,,,,,,,
CODD_TRAINING_08862,s-1776.jpg,stone,,Construction and Demolition Waste,,,,,,,,,,,,,,,,,,,,,
CODD_TRAINING_08863,s-1776.jpg,stone,,Construction and Demolition Waste,,,,,,,,,,,,,,,,,,,,,
CODD_TRAINING_08864,s-1776.jpg,stone,,Construction and Demolition Waste,,,,,,,,,,,,,,,,,,,,,
CODD_TRAINING_08865,s-1776.jpg,stone,,Construction and Demolition Waste,,,,,,,,,,,,,,,,,,,,,
CODD_TRAINING_08866,s-1778.jpg,stone,,Construction and Demolition Waste,,,,,,,,,,,,,,,,,,,,,
CODD_TRAINING_08867,s-1778.jpg,stone,,Construction and Demolition Waste,,,,,,,,,,,,,,,,,,,,,
CODD_TRAINING_08868,s-1778.jpg,stone,,Construction and Demolition Waste,,,,,,,,,,,,,,,,,,,,,
CODD_TRAINING_08869,s-1778.jpg,stone,,Construction and Demolition Waste,,,,,,,,,,,,,,,,,,,,,
CODD_TRAINING_08870,s-1778.jpg,stone,,Construction and Demolition Waste,,,,,,,,,,,,,,,,,,,,,
CODD_TRAINING_08871,s-1778.jpg,stone,,Construction and Demolition Waste,,,,,,,,,,,,,,,,,,,,,
CODD_TRAINING_08872,s-1780.jpg,stone,,Construction and Demolition Waste,,,,,,,,,,,,,,,,,,,,,
CODD_TRAINING_08873,s-1780.jpg,stone,,Construction and Demolition Waste,,,,,,,,,,,,,,,,,,,,,
CODD_TRAINING_08874,s-1780.jpg,stone,,Construction and Demolition Waste,,,,,,,,,,,,,,,,,,,,,
CODD_TRAINING_08875,s-1780.jpg,stone,,Construction and Demolition Waste,,,,,,,,,,,,,,,,,,,,,
CODD_TRAINING_08876,s-1780.jpg,stone,,Construction and Demolition Waste,,,,,,,,,,,,,,,,,,,,,
CODD_TRAINING_08877,s-1780.jpg,stone,,Construction and Demolition Waste,,,,,,,,,,,,,,,,,,,,,
CODD_TRAINING_08878,s-1783.jpg,stone,,Construction and Demolition Waste,,,,,,,,,,,,,,,,,,,,,
CODD_TRAINING_08879,s-1783.jpg,stone,,Construction and Demolition Waste,,,,,,,,,,,,,,,,,,,,,
CODD_TRAINING_08880,s-1783.jpg,stone,,Construction and Demolition Waste,,,,,,,,,,,,,,,,,,,,,
CODD_TRAINING_08881,s-1783.jpg,stone,,Construction and Demolition Waste,,,,,,,,,,,,,,,,,,,,,
CODD_TRAINING_08882,s-1783.jpg,stone,,Construction and Demolition Waste,,,,,,,,,,,,,,,,,,,,,
CODD_TRAINING_08883,s-1783.jpg,stone,,Construction and Demolition Waste,,,,,,,,,,,,,,,,,,,,,
CODD_TRAINING_08884,s-1784.jpg,stone,,Construction and Demolition Waste,,,,,,,,,,,,,,,,,,,,,
CODD_TRAINING_08885,s-1784.jpg,stone,,Construction and Demolition Waste,,,,,,,,,,,,,,,,,,,,,
CODD_TRAINING_08886,s-1784.jpg,stone,,Construction and Demolition Waste,,,,,,,,,,,,,,,,,,,,,
CODD_TRAINING_08887,s-1784.jpg,stone,,Construction and Demolition Waste,,,,,,,,,,,,,,,,,,,,,
CODD_TRAINING_08888,s-1784.jpg,stone,,Construction and Demolition Waste,,,,,,,,,,,,,,,,,,,,,
CODD_TRAINING_08889,s-1784.jpg,stone,,Construction and Demolition Waste,,,,,,,,,,,,,,,,,,,,,
CODD_TRAINING_08890,s-1785.jpg,stone,,Construction and Demolition Waste,,,,,,,,,,,,,,,,,,,,,
CODD_TRAINING_08891,s-1785.jpg,stone,,Construction and Demolition Waste,,,,,,,,,,,,,,,,,,,,,
CODD_TRAINING_08892,s-1785.jpg,stone,,Construction and Demolition Waste,,,,,,,,,,,,,,,,,,,,,
CODD_TRAINING_08893,s-1785.jpg,stone,,Construction and Demolition Waste,,,,,,,,,,,,,,,,,,,,,
CODD_TRAINING_08894,s-1785.jpg,stone,,Construction and Demolition Waste,,,,,,,,,,,,,,,,,,,,,
CODD_TRAINING_08895,s-1785.jpg,stone,,Construction and Demolition Waste,,,,,,,,,,,,,,,,,,,,,
CODD_TRAINING_08896,s-1787.jpg,stone,,Construction and Demolition Waste,,,,,,,,,,,,,,,,,,,,,
CODD_TRAINING_08897,s-1787.jpg,stone,,Construction and Demolition Waste,,,,,,,,,,,,,,,,,,,,,
CODD_TRAINING_08898,s-1787.jpg,stone,,Construction and Demolition Waste,,,,,,,,,,,,,,,,,,,,,
CODD_TRAINING_08899,s-1787.jpg,stone,,Construction and Demolition Waste,,,,,,,,,,,,,,,,,,,,,
CODD_TRAINING_08900,s-1787.jpg,stone,,Construction and Demolition Waste,,,,,,,,,,,,,,,,,,,,,
CODD_TRAINING_08901,s-1787.jpg,stone,,Construction and Demolition Waste,,,,,,,,,,,,,,,,,,,,,
CODD_TRAINING_08902,s-1788.jpg,stone,,Construction and Demolition Waste,,,,,,,,,,,,,,,,,,,,,
CODD_TRAINING_08903,s-1788.jpg,stone,,Construction and Demolition Waste,,,,,,,,,,,,,,,,,,,,,
CODD_TRAINING_08904,s-1788.jpg,stone,,Construction and Demolition Waste,,,,,,,,,,,,,,,,,,,,,
CODD_TRAINING_08905,s-1788.jpg,stone,,Construction and Demolition Waste,,,,,,,,,,,,,,,,,,,,,
CODD_TRAINING_08906,s-1788.jpg,stone,,Construction and Demolition Waste,,,,,,,,,,,,,,,,,,,,,
CODD_TRAINING_08907,s-1788.jpg,stone,,Construction and Demolition Waste,,,,,,,,,,,,,,,,,,,,,
CODD_TRAINING_08908,s-1789.jpg,stone,,Construction and Demolition Waste,,,,,,,,,,,,,,,,,,,,,
CODD_TRAINING_08909,s-1789.jpg,stone,,Construction and Demolition Waste,,,,,,,,,,,,,,,,,,,,,
CODD_TRAINING_08910,s-1789.jpg,stone,,Construction and Demolition Waste,,,,,,,,,,,,,,,,,,,,,
CODD_TRAINING_08911,s-1789.jpg,stone,,Construction and Demolition Waste,,,,,,,,,,,,,,,,,,,,,
CODD_TRAINING_08912,s-1789.jpg,stone,,Construction and Demolition Waste,,,,,,,,,,,,,,,,,,,,,
CODD_TRAINING_08913,s-1789.jpg,stone,,Construction and Demolition Waste,,,,,,,,,,,,,,,,,,,,,
CODD_TRAINING_08914,s-1790.jpg,stone,,Construction and Demolition Waste,,,,,,,,,,,,,,,,,,,,,
CODD_TRAINING_08915,s-1790.jpg,stone,,Construction and Demolition Waste,,,,,,,,,,,,,,,,,,,,,
CODD_TRAINING_08916,s-1790.jpg,stone,,Construction and Demolition Waste,,,,,,,,,,,,,,,,,,,,,
CODD_TRAINING_08917,s-1790.jpg,stone,,Construction and Demolition Waste,,,,,,,,,,,,,,,,,,,,,
CODD_TRAINING_08918,s-1790.jpg,stone,,Construction and Demolition Waste,,,,,,,,,,,,,,,,,,,,,
CODD_TRAINING_08919,s-1790.jpg,stone,,Construction and Demolition Waste,,,,,,,,,,,,,,,,,,,,,
CODD_TRAINING_08920,s-1792.jpg,stone,,Construction and Demolition Waste,,,,,,,,,,,,,,,,,,,,,
CODD_TRAINING_08921,s-1792.jpg,stone,,Construction and Demolition Waste,,,,,,,,,,,,,,,,,,,,,
CODD_TRAINING_08922,s-1792.jpg,stone,,Construction and Demolition Waste,,,,,,,,,,,,,,,,,,,,,
CODD_TRAINING_08923,s-1793.jpg,stone,,Construction and Demolition Waste,,,,,,,,,,,,,,,,,,,,,
CODD_TRAINING_08924,s-1793.jpg,stone,,Construction and Demolition Waste,,,,,,,,,,,,,,,,,,,,,
CODD_TRAINING_08925,s-1793.jpg,stone,,Construction and Demolition Waste,,,,,,,,,,,,,,,,,,,,,
CODD_TRAINING_08926,s-1794.jpg,stone,,Construction and Demolition Waste,,,,,,,,,,,,,,,,,,,,,
CODD_TRAINING_08927,s-1794.jpg,stone,,Construction and Demolition Waste,,,,,,,,,,,,,,,,,,,,,
CODD_TRAINING_08928,s-1794.jpg,stone,,Construction and Demolition Waste,,,,,,,,,,,,,,,,,,,,,
CODD_TRAINING_08929,s-1795.jpg,stone,,Construction and Demolition Waste,,,,,,,,,,,,,,,,,,,,,
CODD_TRAINING_08930,s-1795.jpg,stone,,Construction and Demolition Waste,,,,,,,,,,,,,,,,,,,,,
CODD_TRAINING_08931,s-1795.jpg,stone,,Construction and Demolition Waste,,,,,,,,,,,,,,,,,,,,,
CODD_TRAINING_08932,s-1796.jpg,stone,,Construction and Demolition Waste,,,,,,,,,,,,,,,,,,,,,
CODD_TRAINING_08933,s-1796.jpg,stone,,Construction and Demolition Waste,,,,,,,,,,,,,,,,,,,,,
CODD_TRAINING_08934,s-1796.jpg,stone,,Construction and Demolition Waste,,,,,,,,,,,,,,,,,,,,,
CODD_TRAINING_08935,s-1797.jpg,stone,,Construction and Demolition Waste,,,,,,,,,,,,,,,,,,,,,
CODD_TRAINING_08936,s-1797.jpg,stone,,Construction and Demolition Waste,,,,,,,,,,,,,,,,,,,,,
CODD_TRAINING_08937,s-1797.jpg,stone,,Construction and Demolition Waste,,,,,,,,,,,,,,,,,,,,,
CODD_TRAINING_08938,s-1797.jpg,stone,,Construction and Demolition Waste,,,,,,,,,,,,,,,,,,,,,
CODD_TRAINING_08939,s-1797.jpg,stone,,Construction and Demolition Waste,,,,,,,,,,,,,,,,,,,,,
CODD_TRAINING_08940,s-1797.jpg,stone,,Construction and Demolition Waste,,,,,,,,,,,,,,,,,,,,,
CODD_TRAINING_08941,s-1798.jpg,stone,,Construction and Demolition Waste,,,,,,,,,,,,,,,,,,,,,
CODD_TRAINING_08942,s-1798.jpg,stone,,Construction and Demolition Waste,,,,,,,,,,,,,,,,,,,,,
CODD_TRAINING_08943,s-1798.jpg,stone,,Construction and Demolition Waste,,,,,,,,,,,,,,,,,,,,,
CODD_TRAINING_08944,s-1798.jpg,stone,,Construction and Demolition Waste,,,,,,,,,,,,,,,,,,,,,
CODD_TRAINING_08945,s-1798.jpg,stone,,Construction and Demolition Waste,,,,,,,,,,,,,,,,,,,,,
CODD_TRAINING_08946,s-1798.jpg,stone,,Construction and Demolition Waste,,,,,,,,,,,,,,,,,,,,,
CODD_TRAINING_08947,s-1799.jpg,stone,,Construction and Demolition Waste,,,,,,,,,,,,,,,,,,,,,
CODD_TRAINING_08948,s-1799.jpg,stone,,Construction and Demolition Waste,,,,,,,,,,,,,,,,,,,,,
CODD_TRAINING_08949,s-1800.jpg,stone,,Construction and Demolition Waste,,,,,,,,,,,,,,,,,,,,,
CODD_TRAINING_08950,s-1800.jpg,stone,,Construction and Demolition Waste,,,,,,,,,,,,,,,,,,,,,
CODD_TRAINING_08951,s-1800.jpg,stone,,Construction and Demolition Waste,,,,,,,,,,,,,,,,,,,,,
CODD_TRAINING_08952,s-1800.jpg,stone,,Construction and Demolition Waste,,,,,,,,,,,,,,,,,,,,,
CODD_TRAINING_08953,s-1800.jpg,stone,,Construction and Demolition Waste,,,,,,,,,,,,,,,,,,,,,
CODD_TRAINING_08954,s-1800.jpg,stone,,Construction and Demolition Waste,,,,,,,,,,,,,,,,,,,,,
CODD_TRAINING_08955,s-1801.jpg,stone,,Construction and Demolition Waste,,,,,,,,,,,,,,,,,,,,,
CODD_TRAINING_08956,s-1801.jpg,stone,,Construction and Demolition Waste,,,,,,,,,,,,,,,,,,,,,
CODD_TRAINING_08957,s-1801.jpg,stone,,Construction and Demolition Waste,,,,,,,,,,,,,,,,,,,,,
CODD_TRAINING_08958,s-1801.jpg,stone,,Construction and Demolition Waste,,,,,,,,,,,,,,,,,,,,,
CODD_TRAINING_08959,s-1801.jpg,stone,,Construction and Demolition Waste,,,,,,,,,,,,,,,,,,,,,
CODD_TRAINING_08960,s-1801.jpg,stone,,Construction and Demolition Waste,,,,,,,,,,,,,,,,,,,,,
CODD_TRAINING_08961,s-1802.jpg,stone,,Construction and Demolition Waste,,,,,,,,,,,,,,,,,,,,,
CODD_TRAINING_08962,s-1802.jpg,stone,,Construction and Demolition Waste,,,,,,,,,,,,,,,,,,,,,
CODD_TRAINING_08963,s-1802.jpg,stone,,Construction and Demolition Waste,,,,,,,,,,,,,,,,,,,,,
CODD_TRAINING_08964,s-1802.jpg,stone,,Construction and Demolition Waste,,,,,,,,,,,,,,,,,,,,,
CODD_TRAINING_08965,s-1802.jpg,stone,,Construction and Demolition Waste,,,,,,,,,,,,,,,,,,,,,
CODD_TRAINING_08966,s-1802.jpg,stone,,Construction and Demolition Waste,,,,,,,,,,,,,,,,,,,,,
CODD_TRAINING_08967,s-1803.jpg,stone,,Construction and Demolition Waste,,,,,,,,,,,,,,,,,,,,,
CODD_TRAINING_08968,s-1803.jpg,stone,,Construction and Demolition Waste,,,,,,,,,,,,,,,,,,,,,
CODD_TRAINING_08969,s-1803.jpg,stone,,Construction and Demolition Waste,,,,,,,,,,,,,,,,,,,,,
CODD_TRAINING_08970,s-1803.jpg,stone,,Construction and Demolition Waste,,,,,,,,,,,,,,,,,,,,,
CODD_TRAINING_08971,s-1803.jpg,stone,,Construction and Demolition Waste,,,,,,,,,,,,,,,,,,,,,
CODD_TRAINING_08972,s-1803.jpg,stone,,Construction and Demolition Waste,,,,,,,,,,,,,,,,,,,,,
CODD_TRAINING_08973,s-1804.jpg,stone,,Construction and Demolition Waste,,,,,,,,,,,,,,,,,,,,,
CODD_TRAINING_08974,s-1804.jpg,stone,,Construction and Demolition Waste,,,,,,,,,,,,,,,,,,,,,
CODD_TRAINING_08975,s-1804.jpg,stone,,Construction and Demolition Waste,,,,,,,,,,,,,,,,,,,,,
CODD_TRAINING_08976,s-1804.jpg,stone,,Construction and Demolition Waste,,,,,,,,,,,,,,,,,,,,,
CODD_TRAINING_08977,s-1804.jpg,stone,,Construction and Demolition Waste,,,,,,,,,,,,,,,,,,,,,
CODD_TRAINING_08978,s-1804.jpg,stone,,Construction and Demolition Waste,,,,,,,,,,,,,,,,,,,,,
CODD_TRAINING_08979,s-1805.jpg,stone,,Construction and Demolition Waste,,,,,,,,,,,,,,,,,,,,,
CODD_TRAINING_08980,s-1805.jpg,stone,,Construction and Demolition Waste,,,,,,,,,,,,,,,,,,,,,
CODD_TRAINING_08981,s-1805.jpg,stone,,Construction and Demolition Waste,,,,,,,,,,,,,,,,,,,,,
CODD_TRAINING_08982,s-1805.jpg,stone,,Construction and Demolition Waste,,,,,,,,,,,,,,,,,,,,,
CODD_TRAINING_08983,s-1805.jpg,stone,,Construction and Demolition Waste,,,,,,,,,,,,,,,,,,,,,
CODD_TRAINING_08984,s-1805.jpg,stone,,Construction and Demolition Waste,,,,,,,,,,,,,,,,,,,,,
CODD_TRAINING_08985,s-1806.jpg,stone,,Construction and Demolition Waste,,,,,,,,,,,,,,,,,,,,,
CODD_TRAINING_08986,s-1806.jpg,stone,,Construction and Demolition Waste,,,,,,,,,,,,,,,,,,,,,
CODD_TRAINING_08987,s-1806.jpg,stone,,Construction and Demolition Waste,,,,,,,,,,,,,,,,,,,,,
CODD_TRAINING_08988,s-1806.jpg,stone,,Construction and Demolition Waste,,,,,,,,,,,,,,,,,,,,,
CODD_TRAINING_08989,s-1806.jpg,stone,,Construction and Demolition Waste,,,,,,,,,,,,,,,,,,,,,
CODD_TRAINING_08990,s-1806.jpg,stone,,Construction and Demolition Waste,,,,,,,,,,,,,,,,,,,,,
CODD_TRAINING_08991,s-1807.jpg,stone,,Construction and Demolition Waste,,,,,,,,,,,,,,,,,,,,,
CODD_TRAINING_08992,s-1807.jpg,stone,,Construction and Demolition Waste,,,,,,,,,,,,,,,,,,,,,
CODD_TRAINING_08993,s-1807.jpg,stone,,Construction and Demolition Waste,,,,,,,,,,,,,,,,,,,,,
CODD_TRAINING_08994,s-1807.jpg,stone,,Construction and Demolition Waste,,,,,,,,,,,,,,,,,,,,,
CODD_TRAINING_08995,s-1807.jpg,stone,,Construction and Demolition Waste,,,,,,,,,,,,,,,,,,,,,
CODD_TRAINING_08996,s-1807.jpg,stone,,Construction and Demolition Waste,,,,,,,,,,,,,,,,,,,,,
CODD_TRAINING_08997,s-1808.jpg,stone,,Construction and Demolition Waste,,,,,,,,,,,,,,,,,,,,,
CODD_TRAINING_08998,s-1808.jpg,stone,,Construction and Demolition Waste,,,,,,,,,,,,,,,,,,,,,
CODD_TRAINING_08999,s-1808.jpg,stone,,Construction and Demolition Waste,,,,,,,,,,,,,,,,,,,,,
CODD_TRAINING_09000,s-1808.jpg,stone,,Construction and Demolition Waste,,,,,,,,,,,,,,,,,,,,,
CODD_TRAINING_09001,s-1808.jpg,stone,,Construction and Demolition Waste,,,,,,,,,,,,,,,,,,,,,
CODD_TRAINING_09002,s-1809.jpg,stone,,Construction and Demolition Waste,,,,,,,,,,,,,,,,,,,,,
CODD_TRAINING_09003,s-1809.jpg,stone,,Construction and Demolition Waste,,,,,,,,,,,,,,,,,,,,,
CODD_TRAINING_09004,s-1809.jpg,stone,,Construction and Demolition Waste,,,,,,,,,,,,,,,,,,,,,
CODD_TRAINING_09005,s-1809.jpg,stone,,Construction and Demolition Waste,,,,,,,,,,,,,,,,,,,,,
CODD_TRAINING_09006,s-1809.jpg,stone,,Construction and Demolition Waste,,,,,,,,,,,,,,,,,,,,,
CODD_TRAINING_09007,w-2296.jpg,wood,,Construction and Demolition Waste,,,,,,,,,,,,,,,,,,,,,
CODD_TRAINING_09008,w-2297.jpg,wood,,Construction and Demolition Waste,,,,,,,,,,,,,,,,,,,,,
CODD_TRAINING_09009,w-2298.jpg,wood,,Construction and Demolition Waste,,,,,,,,,,,,,,,,,,,,,
CODD_TRAINING_09010,w-2299.jpg,wood,,Construction and Demolition Waste,,,,,,,,,,,,,,,,,,,,,
CODD_TRAINING_09011,w-2301.jpg,wood,,Construction and Demolition Waste,,,,,,,,,,,,,,,,,,,,,
CODD_TRAINING_09012,w-2303.jpg,wood,,Construction and Demolition Waste,,,,,,,,,,,,,,,,,,,,,
CODD_TRAINING_09013,w-2304.jpg,wood,,Construction and Demolition Waste,,,,,,,,,,,,,,,,,,,,,
CODD_TRAINING_09014,w-2304.jpg,wood,,Construction and Demolition Waste,,,,,,,,,,,,,,,,,,,,,
CODD_TRAINING_09015,w-2304.jpg,wood,,Construction and Demolition Waste,,,,,,,,,,,,,,,,,,,,,
CODD_TRAINING_09016,w-2305.jpg,wood,,Construction and Demolition Waste,,,,,,,,,,,,,,,,,,,,,
CODD_TRAINING_09017,w-2305.jpg,wood,,Construction and Demolition Waste,,,,,,,,,,,,,,,,,,,,,
CODD_TRAINING_09018,w-2307.jpg,wood,,Construction and Demolition Waste,,,,,,,,,,,,,,,,,,,,,
CODD_TRAINING_09019,w-2307.jpg,wood,,Construction and Demolition Waste,,,,,,,,,,,,,,,,,,,,,
CODD_TRAINING_09020,w-2307.jpg,wood,,Construction and Demolition Waste,,,,,,,,,,,,,,,,,,,,,
CODD_TRAINING_09021,w-2307.jpg,wood,,Construction and Demolition Waste,,,,,,,,,,,,,,,,,,,,,
CODD_TRAINING_09022,w-2308.jpg,wood,,Construction and Demolition Waste,,,,,,,,,,,,,,,,,,,,,
CODD_TRAINING_09023,w-2308.jpg,wood,,Construction and Demolition Waste,,,,,,,,,,,,,,,,,,,,,
CODD_TRAINING_09024,w-2308.jpg,wood,,Construction and Demolition Waste,,,,,,,,,,,,,,,,,,,,,
CODD_TRAINING_09025,w-2308.jpg,wood,,Construction and Demolition Waste,,,,,,,,,,,,,,,,,,,,,
CODD_TRAINING_09026,w-2309.jpg,wood,,Construction and Demolition Waste,,,,,,,,,,,,,,,,,,,,,
CODD_TRAINING_09027,w-2309.jpg,wood,,Construction and Demolition Waste,,,,,,,,,,,,,,,,,,,,,
CODD_TRAINING_09028,w-2309.jpg,wood,,Construction and Demolition Waste,,,,,,,,,,,,,,,,,,,,,
CODD_TRAINING_09029,w-2309.jpg,wood,,Construction and Demolition Waste,,,,,,,,,,,,,,,,,,,,,
CODD_TRAINING_09030,w-2310.jpg,wood,,Construction and Demolition Waste,,,,,,,,,,,,,,,,,,,,,
CODD_TRAINING_09031,w-2312.jpg,wood,,Construction and Demolition Waste,,,,,,,,,,,,,,,,,,,,,
CODD_TRAINING_09032,w-2313.jpg,wood,,Construction and Demolition Waste,,,,,,,,,,,,,,,,,,,,,
CODD_TRAINING_09033,w-2314.jpg,wood,,Construction and Demolition Waste,,,,,,,,,,,,,,,,,,,,,
CODD_TRAINING_09034,w-2315.jpg,wood,,Construction and Demolition Waste,,,,,,,,,,,,,,,,,,,,,
CODD_TRAINING_09035,w-2316.jpg,wood,,Construction and Demolition Waste,,,,,,,,,,,,,,,,,,,,,
CODD_TRAINING_09036,w-2317.jpg,wood,,Construction and Demolition Waste,,,,,,,,,,,,,,,,,,,,,
CODD_TRAINING_09037,w-2318.jpg,wood,,Construction and Demolition Waste,,,,,,,,,,,,,,,,,,,,,
CODD_TRAINING_09038,w-2318.jpg,wood,,Construction and Demolition Waste,,,,,,,,,,,,,,,,,,,,,
CODD_TRAINING_09039,w-2319.jpg,wood,,Construction and Demolition Waste,,,,,,,,,,,,,,,,,,,,,
CODD_TRAINING_09040,w-2319.jpg,wood,,Construction and Demolition Waste,,,,,,,,,,,,,,,,,,,,,
CODD_TRAINING_09041,w-2320.jpg,wood,,Construction and Demolition Waste,,,,,,,,,,,,,,,,,,,,,
CODD_TRAINING_09042,w-2320.jpg,wood,,Construction and Demolition Waste,,,,,,,,,,,,,,,,,,,,,
CODD_TRAINING_09043,w-2322.jpg,wood,,Construction and Demolition Waste,,,,,,,,,,,,,,,,,,,,,
CODD_TRAINING_09044,w-2325.jpg,wood,,Construction and Demolition Waste,,,,,,,,,,,,,,,,,,,,,
CODD_TRAINING_09045,w-2326.jpg,wood,,Construction and Demolition Waste,,,,,,,,,,,,,,,,,,,,,
CODD_TRAINING_09046,w-2327.jpg,wood,,Construction and Demolition Waste,,,,,,,,,,,,,,,,,,,,,
CODD_TRAINING_09047,w-2328.jpg,wood,,Construction and Demolition Waste,,,,,,,,,,,,,,,,,,,,,
CODD_TRAINING_09048,w-2329.jpg,wood,,Construction and Demolition Waste,,,,,,,,,,,,,,,,,,,,,
CODD_TRAINING_09049,w-2331.jpg,wood,,Construction and Demolition Waste,,,,,,,,,,,,,,,,,,,,,
CODD_TRAINING_09050,w-2332.jpg,wood,,Construction and Demolition Waste,,,,,,,,,,,,,,,,,,,,,
CODD_TRAINING_09051,w-2333.jpg,wood,,Construction and Demolition Waste,,,,,,,,,,,,,,,,,,,,,
CODD_TRAINING_09052,w-2335.jpg,wood,,Construction and Demolition Waste,,,,,,,,,,,,,,,,,,,,,
CODD_TRAINING_09053,w-2336.jpg,wood,,Construction and Demolition Waste,,,,,,,,,,,,,,,,,,,,,
CODD_TRAINING_09054,w-2341.jpg,wood,,Construction and Demolition Waste,,,,,,,,,,,,,,,,,,,,,
CODD_TRAINING_09055,w-2343.jpg,wood,,Construction and Demolition Waste,,,,,,,,,,,,,,,,,,,,,
CODD_TRAINING_09056,w-2344.jpg,wood,,Construction and Demolition Waste,,,,,,,,,,,,,,,,,,,,,
CODD_TRAINING_09057,w-2344.jpg,wood,,Construction and Demolition Waste,,,,,,,,,,,,,,,,,,,,,
CODD_TRAINING_09058,w-2346.jpg,wood,,Construction and Demolition Waste,,,,,,,,,,,,,,,,,,,,,
CODD_TRAINING_09059,w-2346.jpg,wood,,Construction and Demolition Waste,,,,,,,,,,,,,,,,,,,,,
CODD_TRAINING_09060,w-2347.jpg,wood,,Construction and Demolition Waste,,,,,,,,,,,,,,,,,,,,,
CODD_TRAINING_09061,w-2347.jpg,wood,,Construction and Demolition Waste,,,,,,,,,,,,,,,,,,,,,
CODD_TRAINING_09062,w-2349.jpg,wood,,Construction and Demolition Waste,,,,,,,,,,,,,,,,,,,,,
CODD_TRAINING_09063,w-2351.jpg,wood,,Construction and Demolition Waste,,,,,,,,,,,,,,,,,,,,,
CODD_TRAINING_09064,w-2351.jpg,wood,,Construction and Demolition Waste,,,,,,,,,,,,,,,,,,,,,
CODD_TRAINING_09065,w-2356.jpg,wood,,Construction and Demolition Waste,,,,,,,,,,,,,,,,,,,,,
CODD_TRAINING_09066,w-2357.jpg,wood,,Construction and Demolition Waste,,,,,,,,,,,,,,,,,,,,,
CODD_TRAINING_09067,w-2358.jpg,wood,,Construction and Demolition Waste,,,,,,,,,,,,,,,,,,,,,
CODD_TRAINING_09068,w-2358.jpg,wood,,Construction and Demolition Waste,,,,,,,,,,,,,,,,,,,,,
CODD_TRAINING_09069,w-2359.jpg,wood,,Construction and Demolition Waste,,,,,,,,,,,,,,,,,,,,,
CODD_TRAINING_09070,w-2359.jpg,wood,,Construction and Demolition Waste,,,,,,,,,,,,,,,,,,,,,
CODD_TRAINING_09071,w-2361.jpg,wood,,Construction and Demolition Waste,,,,,,,,,,,,,,,,,,,,,
CODD_TRAINING_09072,w-2362.jpg,wood,,Construction and Demolition Waste,,,,,,,,,,,,,,,,,,,,,
CODD_TRAINING_09073,w-2362.jpg,wood,,Construction and Demolition Waste,,,,,,,,,,,,,,,,,,,,,
CODD_TRAINING_09074,w-2363.jpg,wood,,Construction and Demolition Waste,,,,,,,,,,,,,,,,,,,,,
CODD_TRAINING_09075,w-2363.jpg,wood,,Construction and Demolition Waste,,,,,,,,,,,,,,,,,,,,,
CODD_TRAINING_09076,w-2364.jpg,wood,,Construction and Demolition Waste,,,,,,,,,,,,,,,,,,,,,
CODD_TRAINING_09077,w-2364.jpg,wood,,Construction and Demolition Waste,,,,,,,,,,,,,,,,,,,,,
CODD_TRAINING_09078,w-2367.jpg,wood,,Construction and Demolition Waste,,,,,,,,,,,,,,,,,,,,,
CODD_TRAINING_09079,w-2367.jpg,wood,,Construction and Demolition Waste,,,,,,,,,,,,,,,,,,,,,
CODD_TRAINING_09080,w-2367.jpg,wood,,Construction and Demolition Waste,,,,,,,,,,,,,,,,,,,,,
CODD_TRAINING_09081,w-2368.jpg,wood,,Construction and Demolition Waste,,,,,,,,,,,,,,,,,,,,,
CODD_TRAINING_09082,w-2369.jpg,wood,,Construction and Demolition Waste,,,,,,,,,,,,,,,,,,,,,
CODD_TRAINING_09083,w-2370.jpg,general_w,,Construction and Demolition Waste,,,,,,,,,,,,,,,,,,,,,
CODD_TRAINING_09084,w-2371.jpg,general_w,,Construction and Demolition Waste,,,,,,,,,,,,,,,,,,,,,
CODD_TRAINING_09085,w-2372.jpg,wood,,Construction and Demolition Waste,,,,,,,,,,,,,,,,,,,,,
CODD_TRAINING_09086,w-2373.jpg,wood,,Construction and Demolition Waste,,,,,,,,,,,,,,,,,,,,,
CODD_TRAINING_09087,w-2374.jpg,wood,,Construction and Demolition Waste,,,,,,,,,,,,,,,,,,,,,
CODD_TRAINING_09088,w-2375.jpg,wood,,Construction and Demolition Waste,,,,,,,,,,,,,,,,,,,,,
CODD_TRAINING_09089,w-2375.jpg,wood,,Construction and Demolition Waste,,,,,,,,,,,,,,,,,,,,,
CODD_TRAINING_09090,w-2376.jpg,wood,,Construction and Demolition Waste,,,,,,,,,,,,,,,,,,,,,
CODD_TRAINING_09091,w-2376.jpg,wood,,Construction and Demolition Waste,,,,,,,,,,,,,,,,,,,,,
CODD_TRAINING_09092,w-2379.jpg,wood,,Construction and Demolition Waste,,,,,,,,,,,,,,,,,,,,,
CODD_TRAINING_09093,w-2379.jpg,wood,,Construction and Demolition Waste,,,,,,,,,,,,,,,,,,,,,
CODD_TRAINING_09094,w-2380.jpg,wood,,Construction and Demolition Waste,,,,,,,,,,,,,,,,,,,,,
CODD_TRAINING_09095,w-2381.jpg,wood,,Construction and Demolition Waste,,,,,,,,,,,,,,,,,,,,,
CODD_TRAINING_09096,w-2383.jpg,wood,,Construction and Demolition Waste,,,,,,,,,,,,,,,,,,,,,
CODD_TRAINING_09097,w-2384.jpg,wood,,Construction and Demolition Waste,,,,,,,,,,,,,,,,,,,,,
CODD_TRAINING_09098,w-2384.jpg,wood,,Construction and Demolition Waste,,,,,,,,,,,,,,,,,,,,,
CODD_TRAINING_09099,w-2384.jpg,wood,,Construction and Demolition Waste,,,,,,,,,,,,,,,,,,,,,
CODD_TRAINING_09100,w-2385.jpg,wood,,Construction and Demolition Waste,,,,,,,,,,,,,,,,,,,,,
CODD_TRAINING_09101,w-2385.jpg,wood,,Construction and Demolition Waste,,,,,,,,,,,,,,,,,,,,,
CODD_TRAINING_09102,w-2385.jpg,wood,,Construction and Demolition Waste,,,,,,,,,,,,,,,,,,,,,
CODD_TRAINING_09103,w-2386.jpg,wood,,Construction and Demolition Waste,,,,,,,,,,,,,,,,,,,,,
CODD_TRAINING_09104,w-2386.jpg,wood,,Construction and Demolition Waste,,,,,,,,,,,,,,,,,,,,,
CODD_TRAINING_09105,w-2391.jpg,wood,,Construction and Demolition Waste,,,,,,,,,,,,,,,,,,,,,
CODD_TRAINING_09106,w-2391.jpg,wood,,Construction and Demolition Waste,,,,,,,,,,,,,,,,,,,,,
CODD_TRAINING_09107,w-2391.jpg,wood,,Construction and Demolition Waste,,,,,,,,,,,,,,,,,,,,,
CODD_TRAINING_09108,w-2395.jpg,wood,,Construction and Demolition Waste,,,,,,,,,,,,,,,,,,,,,
CODD_TRAINING_09109,w-2396.jpg,wood,,Construction and Demolition Waste,,,,,,,,,,,,,,,,,,,,,
CODD_TRAINING_09110,w-2399.jpg,wood,,Construction and Demolition Waste,,,,,,,,,,,,,,,,,,,,,
CODD_TRAINING_09111,w-2401.jpg,wood,,Construction and Demolition Waste,,,,,,,,,,,,,,,,,,,,,
CODD_TRAINING_09112,w-2402.jpg,wood,,Construction and Demolition Waste,,,,,,,,,,,,,,,,,,,,,
CODD_TRAINING_09113,w-2402.jpg,wood,,Construction and Demolition Waste,,,,,,,,,,,,,,,,,,,,,
CODD_TRAINING_09114,w-2403.jpg,wood,,Construction and Demolition Waste,,,,,,,,,,,,,,,,,,,,,
CODD_TRAINING_09115,w-2403.jpg,wood,,Construction and Demolition Waste,,,,,,,,,,,,,,,,,,,,,
CODD_TRAINING_09116,w-2404.jpg,wood,,Construction and Demolition Waste,,,,,,,,,,,,,,,,,,,,,
CODD_TRAINING_09117,w-2404.jpg,wood,,Construction and Demolition Waste,,,,,,,,,,,,,,,,,,,,,
CODD_TRAINING_09118,w-2406.jpg,wood,,Construction and Demolition Waste,,,,,,,,,,,,,,,,,,,,,
CODD_TRAINING_09119,w-2406.jpg,wood,,Construction and Demolition Waste,,,,,,,,,,,,,,,,,,,,,
CODD_TRAINING_09120,w-2407.jpg,wood,,Construction and Demolition Waste,,,,,,,,,,,,,,,,,,,,,
CODD_TRAINING_09121,w-2407.jpg,wood,,Construction and Demolition Waste,,,,,,,,,,,,,,,,,,,,,
CODD_TRAINING_09122,w-2408.jpg,wood,,Construction and Demolition Waste,,,,,,,,,,,,,,,,,,,,,
CODD_TRAINING_09123,w-2408.jpg,wood,,Construction and Demolition Waste,,,,,,,,,,,,,,,,,,,,,
CODD_TRAINING_09124,w-2409.jpg,wood,,Construction and Demolition Waste,,,,,,,,,,,,,,,,,,,,,
CODD_TRAINING_09125,w-2409.jpg,wood,,Construction and Demolition Waste,,,,,,,,,,,,,,,,,,,,,
CODD_TRAINING_09126,w-2411.jpg,wood,,Construction and Demolition Waste,,,,,,,,,,,,,,,,,,,,,
CODD_TRAINING_09127,w-2411.jpg,wood,,Construction and Demolition Waste,,,,,,,,,,,,,,,,,,,,,
CODD_TRAINING_09128,w-2412.jpg,wood,,Construction and Demolition Waste,,,,,,,,,,,,,,,,,,,,,
CODD_TRAINING_09129,w-2412.jpg,wood,,Construction and Demolition Waste,,,,,,,,,,,,,,,,,,,,,
CODD_TRAINING_09130,w-2414.jpg,wood,,Construction and Demolition Waste,,,,,,,,,,,,,,,,,,,,,
CODD_TRAINING_09131,w-2414.jpg,wood,,Construction and Demolition Waste,,,,,,,,,,,,,,,,,,,,,
CODD_TRAINING_09132,w-2414.jpg,wood,,Construction and Demolition Waste,,,,,,,,,,,,,,,,,,,,,
CODD_TRAINING_09133,w-2415.jpg,wood,,Construction and Demolition Waste,,,,,,,,,,,,,,,,,,,,,
CODD_TRAINING_09134,w-2415.jpg,wood,,Construction and Demolition Waste,,,,,,,,,,,,,,,,,,,,,
CODD_TRAINING_09135,w-2416.jpg,wood,,Construction and Demolition Waste,,,,,,,,,,,,,,,,,,,,,
CODD_TRAINING_09136,w-2416.jpg,wood,,Construction and Demolition Waste,,,,,,,,,,,,,,,,,,,,,
CODD_TRAINING_09137,w-2417.jpg,wood,,Construction and Demolition Waste,,,,,,,,,,,,,,,,,,,,,
CODD_TRAINING_09138,w-2417.jpg,wood,,Construction and Demolition Waste,,,,,,,,,,,,,,,,,,,,,
CODD_TRAINING_09139,w-2418.jpg,wood,,Construction and Demolition Waste,,,,,,,,,,,,,,,,,,,,,
CODD_TRAINING_09140,w-2420.jpg,wood,,Construction and Demolition Waste,,,,,,,,,,,,,,,,,,,,,
CODD_TRAINING_09141,w-2422.jpg,wood,,Construction and Demolition Waste,,,,,,,,,,,,,,,,,,,,,
CODD_TRAINING_09142,w-2423.jpg,wood,,Construction and Demolition Waste,,,,,,,,,,,,,,,,,,,,,
CODD_TRAINING_09143,w-2423.jpg,wood,,Construction and Demolition Waste,,,,,,,,,,,,,,,,,,,,,
CODD_TRAINING_09144,w-2424.jpg,wood,,Construction and Demolition Waste,,,,,,,,,,,,,,,,,,,,,
CODD_TRAINING_09145,w-2424.jpg,wood,,Construction and Demolition Waste,,,,,,,,,,,,,,,,,,,,,
CODD_TRAINING_09146,w-2425.jpg,wood,,Construction and Demolition Waste,,,,,,,,,,,,,,,,,,,,,
CODD_TRAINING_09147,w-2425.jpg,wood,,Construction and Demolition Waste,,,,,,,,,,,,,,,,,,,,,
CODD_TRAINING_09148,w-2426.jpg,wood,,Construction and Demolition Waste,,,,,,,,,,,,,,,,,,,,,
CODD_TRAINING_09149,w-2426.jpg,wood,,Construction and Demolition Waste,,,,,,,,,,,,,,,,,,,,,
CODD_TRAINING_09150,w-2427.jpg,wood,,Construction and Demolition Waste,,,,,,,,,,,,,,,,,,,,,
CODD_TRAINING_09151,w-2427.jpg,wood,,Construction and Demolition Waste,,,,,,,,,,,,,,,,,,,,,
CODD_TRAINING_09152,w-2428.jpg,wood,,Construction and Demolition Waste,,,,,,,,,,,,,,,,,,,,,
CODD_TRAINING_09153,w-2428.jpg,wood,,Construction and Demolition Waste,,,,,,,,,,,,,,,,,,,,,
CODD_TRAINING_09154,w-2432.jpg,wood,,Construction and Demolition Waste,,,,,,,,,,,,,,,,,,,,,
CODD_TRAINING_09155,w-2432.jpg,wood,,Construction and Demolition Waste,,,,,,,,,,,,,,,,,,,,,
CODD_TRAINING_09156,w-2433.jpg,wood,,Construction and Demolition Waste,,,,,,,,,,,,,,,,,,,,,
CODD_TRAINING_09157,w-2433.jpg,wood,,Construction and Demolition Waste,,,,,,,,,,,,,,,,,,,,,
CODD_TRAINING_09158,w-2435.jpg,wood,,Construction and Demolition Waste,,,,,,,,,,,,,,,,,,,,,
CODD_TRAINING_09159,w-2435.jpg,wood,,Construction and Demolition Waste,,,,,,,,,,,,,,,,,,,,,
CODD_TRAINING_09160,w-2436.jpg,wood,,Construction and Demolition Waste,,,,,,,,,,,,,,,,,,,,,
CODD_TRAINING_09161,w-2436.jpg,wood,,Construction and Demolition Waste,,,,,,,,,,,,,,,,,,,,,
CODD_TRAINING_09162,w-2437.jpg,wood,,Construction and Demolition Waste,,,,,,,,,,,,,,,,,,,,,
CODD_TRAINING_09163,w-2437.jpg,wood,,Construction and Demolition Waste,,,,,,,,,,,,,,,,,,,,,
CODD_TRAINING_09164,w-2438.jpg,wood,,Construction and Demolition Waste,,,,,,,,,,,,,,,,,,,,,
CODD_TRAINING_09165,w-2439.jpg,wood,,Construction and Demolition Waste,,,,,,,,,,,,,,,,,,,,,
CODD_TRAINING_09166,w-2439.jpg,wood,,Construction and Demolition Waste,,,,,,,,,,,,,,,,,,,,,
CODD_TRAINING_09167,w-2441.jpg,wood,,Construction and Demolition Waste,,,,,,,,,,,,,,,,,,,,,
CODD_TRAINING_09168,w-2441.jpg,wood,,Construction and Demolition Waste,,,,,,,,,,,,,,,,,,,,,
CODD_TRAINING_09169,w-2443.jpg,wood,,Construction and Demolition Waste,,,,,,,,,,,,,,,,,,,,,
CODD_TRAINING_09170,w-2443.jpg,wood,,Construction and Demolition Waste,,,,,,,,,,,,,,,,,,,,,
CODD_TRAINING_09171,w-2445.jpg,wood,,Construction and Demolition Waste,,,,,,,,,,,,,,,,,,,,,
CODD_TRAINING_09172,w-2445.jpg,wood,,Construction and Demolition Waste,,,,,,,,,,,,,,,,,,,,,
CODD_TRAINING_09173,w-2446.jpg,wood,,Construction and Demolition Waste,,,,,,,,,,,,,,,,,,,,,
CODD_TRAINING_09174,w-2449.jpg,wood,,Construction and Demolition Waste,,,,,,,,,,,,,,,,,,,,,
CODD_TRAINING_09175,w-2451.jpg,wood,,Construction and Demolition Waste,,,,,,,,,,,,,,,,,,,,,
CODD_TRAINING_09176,w-2452.jpg,wood,,Construction and Demolition Waste,,,,,,,,,,,,,,,,,,,,,
CODD_TRAINING_09177,w-2452.jpg,wood,,Construction and Demolition Waste,,,,,,,,,,,,,,,,,,,,,
CODD_TRAINING_09178,w-2454.jpg,wood,,Construction and Demolition Waste,,,,,,,,,,,,,,,,,,,,,
CODD_TRAINING_09179,w-2454.jpg,wood,,Construction and Demolition Waste,,,,,,,,,,,,,,,,,,,,,
CODD_TRAINING_09180,w-2455.jpg,wood,,Construction and Demolition Waste,,,,,,,,,,,,,,,,,,,,,
CODD_TRAINING_09181,w-2455.jpg,wood,,Construction and Demolition Waste,,,,,,,,,,,,,,,,,,,,,
CODD_TRAINING_09182,w-2456.jpg,wood,,Construction and Demolition Waste,,,,,,,,,,,,,,,,,,,,,
CODD_TRAINING_09183,w-2456.jpg,wood,,Construction and Demolition Waste,,,,,,,,,,,,,,,,,,,,,
CODD_TRAINING_09184,w-2458.jpg,wood,,Construction and Demolition Waste,,,,,,,,,,,,,,,,,,,,,
CODD_TRAINING_09185,w-2459.jpg,wood,,Construction and Demolition Waste,,,,,,,,,,,,,,,,,,,,,
CODD_TRAINING_09186,w-2460.jpg,wood,,Construction and Demolition Waste,,,,,,,,,,,,,,,,,,,,,
CODD_TRAINING_09187,w-2462.jpg,wood,,Construction and Demolition Waste,,,,,,,,,,,,,,,,,,,,,
CODD_TRAINING_09188,w-2463.jpg,wood,,Construction and Demolition Waste,,,,,,,,,,,,,,,,,,,,,
CODD_TRAINING_09189,w-2463.jpg,wood,,Construction and Demolition Waste,,,,,,,,,,,,,,,,,,,,,
CODD_TRAINING_09190,w-2463.jpg,wood,,Construction and Demolition Waste,,,,,,,,,,,,,,,,,,,,,
CODD_TRAINING_09191,w-2464.jpg,wood,,Construction and Demolition Waste,,,,,,,,,,,,,,,,,,,,,
CODD_TRAINING_09192,w-2464.jpg,wood,,Construction and Demolition Waste,,,,,,,,,,,,,,,,,,,,,
CODD_TRAINING_09193,w-2464.jpg,wood,,Construction and Demolition Waste,,,,,,,,,,,,,,,,,,,,,
CODD_TRAINING_09194,w-2465.jpg,wood,,Construction and Demolition Waste,,,,,,,,,,,,,,,,,,,,,
CODD_TRAINING_09195,w-2465.jpg,wood,,Construction and Demolition Waste,,,,,,,,,,,,,,,,,,,,,
CODD_TRAINING_09196,w-2466.jpg,wood,,Construction and Demolition Waste,,,,,,,,,,,,,,,,,,,,,
CODD_TRAINING_09197,w-2466.jpg,wood,,Construction and Demolition Waste,,,,,,,,,,,,,,,,,,,,,
CODD_TRAINING_09198,w-2467.jpg,wood,,Construction and Demolition Waste,,,,,,,,,,,,,,,,,,,,,
CODD_TRAINING_09199,w-2467.jpg,wood,,Construction and Demolition Waste,,,,,,,,,,,,,,,,,,,,,
CODD_TRAINING_09200,w-2469.jpg,wood,,Construction and Demolition Waste,,,,,,,,,,,,,,,,,,,,,
CODD_TRAINING_09201,w-2470.jpg,wood,,Construction and Demolition Waste,,,,,,,,,,,,,,,,,,,,,
CODD_TRAINING_09202,w-2471.jpg,wood,,Construction and Demolition Waste,,,,,,,,,,,,,,,,,,,,,
CODD_TRAINING_09203,w-2472.jpg,wood,,Construction and Demolition Waste,,,,,,,,,,,,,,,,,,,,,
CODD_TRAINING_09204,w-2472.jpg,wood,,Construction and Demolition Waste,,,,,,,,,,,,,,,,,,,,,
CODD_TRAINING_09205,w-2473.jpg,wood,,Construction and Demolition Waste,,,,,,,,,,,,,,,,,,,,,
CODD_TRAINING_09206,w-2473.jpg,wood,,Construction and Demolition Waste,,,,,,,,,,,,,,,,,,,,,
CODD_TRAINING_09207,w-2474.jpg,wood,,Construction and Demolition Waste,,,,,,,,,,,,,,,,,,,,,
CODD_TRAINING_09208,w-2475.jpg,wood,,Construction and Demolition Waste,,,,,,,,,,,,,,,,,,,,,
CODD_TRAINING_09209,w-2476.jpg,wood,,Construction and Demolition Waste,,,,,,,,,,,,,,,,,,,,,
CODD_TRAINING_09210,w-2479.jpg,wood,,Construction and Demolition Waste,,,,,,,,,,,,,,,,,,,,,
CODD_TRAINING_09211,w-2479.jpg,wood,,Construction and Demolition Waste,,,,,,,,,,,,,,,,,,,,,
CODD_TRAINING_09212,w-2480.jpg,wood,,Construction and Demolition Waste,,,,,,,,,,,,,,,,,,,,,
CODD_TRAINING_09213,w-2480.jpg,wood,,Construction and Demolition Waste,,,,,,,,,,,,,,,,,,,,,
CODD_TRAINING_09214,w-2481.jpg,wood,,Construction and Demolition Waste,,,,,,,,,,,,,,,,,,,,,
CODD_TRAINING_09215,w-2481.jpg,wood,,Construction and Demolition Waste,,,,,,,,,,,,,,,,,,,,,
CODD_TRAINING_09216,w-2482.jpg,wood,,Construction and Demolition Waste,,,,,,,,,,,,,,,,,,,,,
CODD_TRAINING_09217,w-2482.jpg,wood,,Construction and Demolition Waste,,,,,,,,,,,,,,,,,,,,,
CODD_TRAINING_09218,w-2485.jpg,wood,,Construction and Demolition Waste,,,,,,,,,,,,,,,,,,,,,
CODD_TRAINING_09219,w-2485.jpg,wood,,Construction and Demolition Waste,,,,,,,,,,,,,,,,,,,,,
CODD_TRAINING_09220,w-2486.jpg,wood,,Construction and Demolition Waste,,,,,,,,,,,,,,,,,,,,,
CODD_TRAINING_09221,w-2486.jpg,wood,,Construction and Demolition Waste,,,,,,,,,,,,,,,,,,,,,
CODD_TRAINING_09222,w-2486.jpg,wood,,Construction and Demolition Waste,,,,,,,,,,,,,,,,,,,,,
CODD_TRAINING_09223,w-2487.jpg,wood,,Construction and Demolition Waste,,,,,,,,,,,,,,,,,,,,,
CODD_TRAINING_09224,w-2487.jpg,wood,,Construction and Demolition Waste,,,,,,,,,,,,,,,,,,,,,
CODD_TRAINING_09225,w-2487.jpg,wood,,Construction and Demolition Waste,,,,,,,,,,,,,,,,,,,,,
CODD_TRAINING_09226,w-2488.jpg,wood,,Construction and Demolition Waste,,,,,,,,,,,,,,,,,,,,,
CODD_TRAINING_09227,w-2488.jpg,wood,,Construction and Demolition Waste,,,,,,,,,,,,,,,,,,,,,
CODD_TRAINING_09228,w-2488.jpg,wood,,Construction and Demolition Waste,,,,,,,,,,,,,,,,,,,,,
CODD_TRAINING_09229,w-2489.jpg,wood,,Construction and Demolition Waste,,,,,,,,,,,,,,,,,,,,,
CODD_TRAINING_09230,w-2489.jpg,wood,,Construction and Demolition Waste,,,,,,,,,,,,,,,,,,,,,
CODD_TRAINING_09231,w-2489.jpg,wood,,Construction and Demolition Waste,,,,,,,,,,,,,,,,,,,,,
CODD_TRAINING_09232,w-2489.jpg,wood,,Construction and Demolition Waste,,,,,,,,,,,,,,,,,,,,,
CODD_TRAINING_09233,w-2490.jpg,wood,,Construction and Demolition Waste,,,,,,,,,,,,,,,,,,,,,
CODD_TRAINING_09234,w-2490.jpg,wood,,Construction and Demolition Waste,,,,,,,,,,,,,,,,,,,,,
CODD_TRAINING_09235,w-2490.jpg,wood,,Construction and Demolition Waste,,,,,,,,,,,,,,,,,,,,,
CODD_TRAINING_09236,w-2490.jpg,wood,,Construction and Demolition Waste,,,,,,,,,,,,,,,,,,,,,
CODD_TRAINING_09237,w-2491.jpg,wood,,Construction and Demolition Waste,,,,,,,,,,,,,,,,,,,,,
CODD_TRAINING_09238,w-2491.jpg,wood,,Construction and Demolition Waste,,,,,,,,,,,,,,,,,,,,,
CODD_TRAINING_09239,w-2491.jpg,wood,,Construction and Demolition Waste,,,,,,,,,,,,,,,,,,,,,
CODD_TRAINING_09240,w-2491.jpg,wood,,Construction and Demolition Waste,,,,,,,,,,,,,,,,,,,,,
CODD_TRAINING_09241,w-2491.jpg,wood,,Construction and Demolition Waste,,,,,,,,,,,,,,,,,,,,,
CODD_TRAINING_09242,w-2495.jpg,wood,,Construction and Demolition Waste,,,,,,,,,,,,,,,,,,,,,
CODD_TRAINING_09243,w-2495.jpg,wood,,Construction and Demolition Waste,,,,,,,,,,,,,,,,,,,,,
CODD_TRAINING_09244,w-2498.jpg,wood,,Construction and Demolition Waste,,,,,,,,,,,,,,,,,,,,,
CODD_TRAINING_09245,w-2499.jpg,wood,,Construction and Demolition Waste,,,,,,,,,,,,,,,,,,,,,
CODD_TRAINING_09246,w-2502.jpg,wood,,Construction and Demolition Waste,,,,,,,,,,,,,,,,,,,,,
CODD_TRAINING_09247,w-2502.jpg,wood,,Construction and Demolition Waste,,,,,,,,,,,,,,,,,,,,,
CODD_TRAINING_09248,w-2503.jpg,wood,,Construction and Demolition Waste,,,,,,,,,,,,,,,,,,,,,
CODD_TRAINING_09249,w-2503.jpg,wood,,Construction and Demolition Waste,,,,,,,,,,,,,,,,,,,,,
CODD_TRAINING_09250,w-2505.jpg,wood,,Construction and Demolition Waste,,,,,,,,,,,,,,,,,,,,,
CODD_TRAINING_09251,w-2505.jpg,wood,,Construction and Demolition Waste,,,,,,,,,,,,,,,,,,,,,
CODD_TRAINING_09252,w-2510.jpg,wood,,Construction and Demolition Waste,,,,,,,,,,,,,,,,,,,,,
CODD_TRAINING_09253,w-2514.jpg,wood,,Construction and Demolition Waste,,,,,,,,,,,,,,,,,,,,,
CODD_TRAINING_09254,w-2515.jpg,wood,,Construction and Demolition Waste,,,,,,,,,,,,,,,,,,,,,
CODD_TRAINING_09255,w-2516.jpg,wood,,Construction and Demolition Waste,,,,,,,,,,,,,,,,,,,,,
CODD_TRAINING_09256,w-2516.jpg,wood,,Construction and Demolition Waste,,,,,,,,,,,,,,,,,,,,,
CODD_TRAINING_09257,w-2516.jpg,wood,,Construction and Demolition Waste,,,,,,,,,,,,,,,,,,,,,
CODD_TRAINING_09258,w-2518.jpg,wood,,Construction and Demolition Waste,,,,,,,,,,,,,,,,,,,,,
CODD_TRAINING_09259,w-2518.jpg,wood,,Construction and Demolition Waste,,,,,,,,,,,,,,,,,,,,,
CODD_TRAINING_09260,w-2519.jpg,wood,,Construction and Demolition Waste,,,,,,,,,,,,,,,,,,,,,
CODD_TRAINING_09261,w-2521.jpg,wood,,Construction and Demolition Waste,,,,,,,,,,,,,,,,,,,,,
CODD_TRAINING_09262,w-2521.jpg,wood,,Construction and Demolition Waste,,,,,,,,,,,,,,,,,,,,,
CODD_TRAINING_09263,w-2523.jpg,wood,,Construction and Demolition Waste,,,,,,,,,,,,,,,,,,,,,
CODD_TRAINING_09264,w-2523.jpg,wood,,Construction and Demolition Waste,,,,,,,,,,,,,,,,,,,,,
CODD_TRAINING_09265,w-2524.jpg,wood,,Construction and Demolition Waste,,,,,,,,,,,,,,,,,,,,,
CODD_TRAINING_09266,w-2524.jpg,wood,,Construction and Demolition Waste,,,,,,,,,,,,,,,,,,,,,
CODD_TRAINING_09267,w-2525.jpg,wood,,Construction and Demolition Waste,,,,,,,,,,,,,,,,,,,,,
CODD_TRAINING_09268,w-2525.jpg,wood,,Construction and Demolition Waste,,,,,,,,,,,,,,,,,,,,,
CODD_TRAINING_09269,w-2527.jpg,wood,,Construction and Demolition Waste,,,,,,,,,,,,,,,,,,,,,
CODD_TRAINING_09270,w-2527.jpg,wood,,Construction and Demolition Waste,,,,,,,,,,,,,,,,,,,,,
CODD_TRAINING_09271,w-2527.jpg,wood,,Construction and Demolition Waste,,,,,,,,,,,,,,,,,,,,,
CODD_TRAINING_09272,w-2527.jpg,wood,,Construction and Demolition Waste,,,,,,,,,,,,,,,,,,,,,
CODD_TRAINING_09273,w-2529.jpg,wood,,Construction and Demolition Waste,,,,,,,,,,,,,,,,,,,,,
CODD_TRAINING_09274,w-2529.jpg,wood,,Construction and Demolition Waste,,,,,,,,,,,,,,,,,,,,,
CODD_TRAINING_09275,w-2529.jpg,wood,,Construction and Demolition Waste,,,,,,,,,,,,,,,,,,,,,
CODD_TRAINING_09276,w-2529.jpg,wood,,Construction and Demolition Waste,,,,,,,,,,,,,,,,,,,,,
CODD_TRAINING_09277,w-2531.jpg,wood,,Construction and Demolition Waste,,,,,,,,,,,,,,,,,,,,,
CODD_TRAINING_09278,w-2531.jpg,wood,,Construction and Demolition Waste,,,,,,,,,,,,,,,,,,,,,
CODD_TRAINING_09279,w-2531.jpg,wood,,Construction and Demolition Waste,,,,,,,,,,,,,,,,,,,,,
CODD_TRAINING_09280,w-2531.jpg,wood,,Construction and Demolition Waste,,,,,,,,,,,,,,,,,,,,,
CODD_TRAINING_09281,w-2532.jpg,wood,,Construction and Demolition Waste,,,,,,,,,,,,,,,,,,,,,
CODD_TRAINING_09282,w-2532.jpg,wood,,Construction and Demolition Waste,,,,,,,,,,,,,,,,,,,,,
CODD_TRAINING_09283,w-2532.jpg,wood,,Construction and Demolition Waste,,,,,,,,,,,,,,,,,,,,,
CODD_TRAINING_09284,w-2535.jpg,wood,,Construction and Demolition Waste,,,,,,,,,,,,,,,,,,,,,
CODD_TRAINING_09285,w-2535.jpg,wood,,Construction and Demolition Waste,,,,,,,,,,,,,,,,,,,,,
CODD_TRAINING_09286,w-2536.jpg,wood,,Construction and Demolition Waste,,,,,,,,,,,,,,,,,,,,,
CODD_TRAINING_09287,w-2536.jpg,wood,,Construction and Demolition Waste,,,,,,,,,,,,,,,,,,,,,
CODD_TRAINING_09288,w-2538.jpg,wood,,Construction and Demolition Waste,,,,,,,,,,,,,,,,,,,,,
CODD_TRAINING_09289,w-2538.jpg,wood,,Construction and Demolition Waste,,,,,,,,,,,,,,,,,,,,,
CODD_TRAINING_09290,w-2540.jpg,wood,,Construction and Demolition Waste,,,,,,,,,,,,,,,,,,,,,
CODD_TRAINING_09291,w-2540.jpg,wood,,Construction and Demolition Waste,,,,,,,,,,,,,,,,,,,,,
CODD_TRAINING_09292,w-2542.jpg,wood,,Construction and Demolition Waste,,,,,,,,,,,,,,,,,,,,,
CODD_TRAINING_09293,w-2542.jpg,wood,,Construction and Demolition Waste,,,,,,,,,,,,,,,,,,,,,
CODD_TRAINING_09294,w-2543.jpg,wood,,Construction and Demolition Waste,,,,,,,,,,,,,,,,,,,,,
CODD_TRAINING_09295,w-2544.jpg,wood,,Construction and Demolition Waste,,,,,,,,,,,,,,,,,,,,,
CODD_TRAINING_09296,w-2545.jpg,wood,,Construction and Demolition Waste,,,,,,,,,,,,,,,,,,,,,
CODD_TRAINING_09297,w-2545.jpg,wood,,Construction and Demolition Waste,,,,,,,,,,,,,,,,,,,,,
CODD_TRAINING_09298,w-2545.jpg,wood,,Construction and Demolition Waste,,,,,,,,,,,,,,,,,,,,,
CODD_TRAINING_09299,w-2545.jpg,wood,,Construction and Demolition Waste,,,,,,,,,,,,,,,,,,,,,
CODD_TRAINING_09300,w-2545.jpg,wood,,Construction and Demolition Waste,,,,,,,,,,,,,,,,,,,,,
CODD_TRAINING_09301,w-2547.jpg,wood,,Construction and Demolition Waste,,,,,,,,,,,,,,,,,,,,,
CODD_TRAINING_09302,w-2547.jpg,wood,,Construction and Demolition Waste,,,,,,,,,,,,,,,,,,,,,
CODD_TRAINING_09303,w-2547.jpg,wood,,Construction and Demolition Waste,,,,,,,,,,,,,,,,,,,,,
CODD_TRAINING_09304,w-2547.jpg,wood,,Construction and Demolition Waste,,,,,,,,,,,,,,,,,,,,,
CODD_TRAINING_09305,w-2548.jpg,wood,,Construction and Demolition Waste,,,,,,,,,,,,,,,,,,,,,
CODD_TRAINING_09306,w-2548.jpg,wood,,Construction and Demolition Waste,,,,,,,,,,,,,,,,,,,,,
CODD_TRAINING_09307,w-2549.jpg,wood,,Construction and Demolition Waste,,,,,,,,,,,,,,,,,,,,,
CODD_TRAINING_09308,w-2549.jpg,wood,,Construction and Demolition Waste,,,,,,,,,,,,,,,,,,,,,
CODD_TRAINING_09309,w-2550.jpg,wood,,Construction and Demolition Waste,,,,,,,,,,,,,,,,,,,,,
CODD_TRAINING_09310,w-2550.jpg,wood,,Construction and Demolition Waste,,,,,,,,,,,,,,,,,,,,,
CODD_TRAINING_09311,w-2551.jpg,wood,,Construction and Demolition Waste,,,,,,,,,,,,,,,,,,,,,
CODD_TRAINING_09312,w-2551.jpg,wood,,Construction and Demolition Waste,,,,,,,,,,,,,,,,,,,,,
CODD_TRAINING_09313,w-2552.jpg,wood,,Construction and Demolition Waste,,,,,,,,,,,,,,,,,,,,,
CODD_TRAINING_09314,w-2552.jpg,wood,,Construction and Demolition Waste,,,,,,,,,,,,,,,,,,,,,
CODD_TRAINING_09315,w-2554.jpg,wood,,Construction and Demolition Waste,,,,,,,,,,,,,,,,,,,,,
CODD_TRAINING_09316,w-2554.jpg,wood,,Construction and Demolition Waste,,,,,,,,,,,,,,,,,,,,,
CODD_TRAINING_09317,w-2556.jpg,wood,,Construction and Demolition Waste,,,,,,,,,,,,,,,,,,,,,
CODD_TRAINING_09318,w-2556.jpg,wood,,Construction and Demolition Waste,,,,,,,,,,,,,,,,,,,,,
CODD_TRAINING_09319,w-2558.jpg,wood,,Construction and Demolition Waste,,,,,,,,,,,,,,,,,,,,,
CODD_TRAINING_09320,w-2558.jpg,wood,,Construction and Demolition Waste,,,,,,,,,,,,,,,,,,,,,
CODD_TRAINING_09321,w-2559.jpg,wood,,Construction and Demolition Waste,,,,,,,,,,,,,,,,,,,,,
CODD_TRAINING_09322,w-2559.jpg,wood,,Construction and Demolition Waste,,,,,,,,,,,,,,,,,,,,,
CODD_TRAINING_09323,w-2560.jpg,wood,,Construction and Demolition Waste,,,,,,,,,,,,,,,,,,,,,
CODD_TRAINING_09324,w-2561.jpg,wood,,Construction and Demolition Waste,,,,,,,,,,,,,,,,,,,,,
CODD_TRAINING_09325,w-2561.jpg,wood,,Construction and Demolition Waste,,,,,,,,,,,,,,,,,,,,,
CODD_TRAINING_09326,w-2561.jpg,wood,,Construction and Demolition Waste,,,,,,,,,,,,,,,,,,,,,
CODD_TRAINING_09327,w-2562.jpg,wood,,Construction and Demolition Waste,,,,,,,,,,,,,,,,,,,,,
CODD_TRAINING_09328,w-2562.jpg,wood,,Construction and Demolition Waste,,,,,,,,,,,,,,,,,,,,,
CODD_TRAINING_09329,w-2562.jpg,wood,,Construction and Demolition Waste,,,,,,,,,,,,,,,,,,,,,
CODD_TRAINING_09330,w-2562.jpg,wood,,Construction and Demolition Waste,,,,,,,,,,,,,,,,,,,,,
CODD_TRAINING_09331,w-2565.jpg,wood,,Construction and Demolition Waste,,,,,,,,,,,,,,,,,,,,,
CODD_TRAINING_09332,w-2565.jpg,wood,,Construction and Demolition Waste,,,,,,,,,,,,,,,,,,,,,
CODD_TRAINING_09333,w-2565.jpg,wood,,Construction and Demolition Waste,,,,,,,,,,,,,,,,,,,,,
CODD_TRAINING_09334,w-2566.jpg,wood,,Construction and Demolition Waste,,,,,,,,,,,,,,,,,,,,,
CODD_TRAINING_09335,w-2566.jpg,wood,,Construction and Demolition Waste,,,,,,,,,,,,,,,,,,,,,
CODD_TRAINING_09336,w-2566.jpg,wood,,Construction and Demolition Waste,,,,,,,,,,,,,,,,,,,,,
CODD_TRAINING_09337,w-2567.jpg,wood,,Construction and Demolition Waste,,,,,,,,,,,,,,,,,,,,,
CODD_TRAINING_09338,w-2567.jpg,wood,,Construction and Demolition Waste,,,,,,,,,,,,,,,,,,,,,
CODD_TRAINING_09339,w-2567.jpg,wood,,Construction and Demolition Waste,,,,,,,,,,,,,,,,,,,,,
CODD_TRAINING_09340,w-2569.jpg,wood,,Construction and Demolition Waste,,,,,,,,,,,,,,,,,,,,,
CODD_TRAINING_09341,w-2569.jpg,wood,,Construction and Demolition Waste,,,,,,,,,,,,,,,,,,,,,
CODD_TRAINING_09342,w-2569.jpg,wood,,Construction and Demolition Waste,,,,,,,,,,,,,,,,,,,,,
CODD_TRAINING_09343,w-2571.jpg,wood,,Construction and Demolition Waste,,,,,,,,,,,,,,,,,,,,,
CODD_TRAINING_09344,w-2571.jpg,wood,,Construction and Demolition Waste,,,,,,,,,,,,,,,,,,,,,
CODD_TRAINING_09345,w-2571.jpg,wood,,Construction and Demolition Waste,,,,,,,,,,,,,,,,,,,,,
CODD_TRAINING_09346,w-2572.jpg,wood,,Construction and Demolition Waste,,,,,,,,,,,,,,,,,,,,,
CODD_TRAINING_09347,w-2572.jpg,wood,,Construction and Demolition Waste,,,,,,,,,,,,,,,,,,,,,
CODD_TRAINING_09348,w-2572.jpg,wood,,Construction and Demolition Waste,,,,,,,,,,,,,,,,,,,,,
CODD_TRAINING_09349,w-2573.jpg,wood,,Construction and Demolition Waste,,,,,,,,,,,,,,,,,,,,,
CODD_TRAINING_09350,w-2573.jpg,wood,,Construction and Demolition Waste,,,,,,,,,,,,,,,,,,,,,
CODD_TRAINING_09351,w-2573.jpg,wood,,Construction and Demolition Waste,,,,,,,,,,,,,,,,,,,,,
CODD_TRAINING_09352,w-2573.jpg,wood,,Construction and Demolition Waste,,,,,,,,,,,,,,,,,,,,,
CODD_TRAINING_09353,w-2573.jpg,wood,,Construction and Demolition Waste,,,,,,,,,,,,,,,,,,,,,
CODD_TRAINING_09354,w-2573.jpg,wood,,Construction and Demolition Waste,,,,,,,,,,,,,,,,,,,,,
CODD_TRAINING_09355,w-2573.jpg,wood,,Construction and Demolition Waste,,,,,,,,,,,,,,,,,,,,,
CODD_TRAINING_09356,w-2574.jpg,wood,,Construction and Demolition Waste,,,,,,,,,,,,,,,,,,,,,
CODD_TRAINING_09357,w-2574.jpg,wood,,Construction and Demolition Waste,,,,,,,,,,,,,,,,,,,,,
CODD_TRAINING_09358,w-2574.jpg,wood,,Construction and Demolition Waste,,,,,,,,,,,,,,,,,,,,,
CODD_TRAINING_09359,w-2574.jpg,wood,,Construction and Demolition Waste,,,,,,,,,,,,,,,,,,,,,
CODD_TRAINING_09360,w-2574.jpg,wood,,Construction and Demolition Waste,,,,,,,,,,,,,,,,,,,,,
CODD_TRAINING_09361,w-2574.jpg,wood,,Construction and Demolition Waste,,,,,,,,,,,,,,,,,,,,,
CODD_TRAINING_09362,w-2574.jpg,wood,,Construction and Demolition Waste,,,,,,,,,,,,,,,,,,,,,
CODD_TRAINING_09363,w-2574.jpg,wood,,Construction and Demolition Waste,,,,,,,,,,,,,,,,,,,,,
CODD_TRAINING_09364,w-2575.jpg,wood,,Construction and Demolition Waste,,,,,,,,,,,,,,,,,,,,,
CODD_TRAINING_09365,w-2575.jpg,wood,,Construction and Demolition Waste,,,,,,,,,,,,,,,,,,,,,
CODD_TRAINING_09366,w-2575.jpg,wood,,Construction and Demolition Waste,,,,,,,,,,,,,,,,,,,,,
CODD_TRAINING_09367,w-2576.jpg,wood,,Construction and Demolition Waste,,,,,,,,,,,,,,,,,,,,,
CODD_TRAINING_09368,w-2576.jpg,wood,,Construction and Demolition Waste,,,,,,,,,,,,,,,,,,,,,
CODD_TRAINING_09369,w-2576.jpg,wood,,Construction and Demolition Waste,,,,,,,,,,,,,,,,,,,,,
CODD_TRAINING_09370,w-353.jpg,wood,,Construction and Demolition Waste,,,,,,,,,,,,,,,,,,,,,
CODD_TRAINING_09371,w-353.jpg,wood,,Construction and Demolition Waste,,,,,,,,,,,,,,,,,,,,,
CODD_TRAINING_09372,w-353.jpg,wood,,Construction and Demolition Waste,,,,,,,,,,,,,,,,,,,,,
CODD_TRAINING_09373,w-353.jpg,wood,,Construction and Demolition Waste,,,,,,,,,,,,,,,,,,,,,
CODD_TRAINING_09374,w-357.jpg,wood,,Construction and Demolition Waste,,,,,,,,,,,,,,,,,,,,,
CODD_TRAINING_09375,w-357.jpg,wood,,Construction and Demolition Waste,,,,,,,,,,,,,,,,,,,,,
CODD_TRAINING_09376,w-357.jpg,wood,,Construction and Demolition Waste,,,,,,,,,,,,,,,,,,,,,
CODD_TRAINING_09377,w-357.jpg,wood,,Construction and Demolition Waste,,,,,,,,,,,,,,,,,,,,,
CODD_TRAINING_09378,w-358.jpg,wood,,Construction and Demolition Waste,,,,,,,,,,,,,,,,,,,,,
CODD_TRAINING_09379,w-358.jpg,wood,,Construction and Demolition Waste,,,,,,,,,,,,,,,,,,,,,
CODD_TRAINING_09380,w-358.jpg,wood,,Construction and Demolition Waste,,,,,,,,,,,,,,,,,,,,,
CODD_TRAINING_09381,w-359.jpg,wood,,Construction and Demolition Waste,,,,,,,,,,,,,,,,,,,,,
CODD_TRAINING_09382,w-359.jpg,wood,,Construction and Demolition Waste,,,,,,,,,,,,,,,,,,,,,
CODD_TRAINING_09383,w-359.jpg,wood,,Construction and Demolition Waste,,,,,,,,,,,,,,,,,,,,,
CODD_TRAINING_09384,w-361.jpg,wood,,Construction and Demolition Waste,,,,,,,,,,,,,,,,,,,,,
CODD_TRAINING_09385,w-361.jpg,wood,,Construction and Demolition Waste,,,,,,,,,,,,,,,,,,,,,
CODD_TRAINING_09386,w-361.jpg,wood,,Construction and Demolition Waste,,,,,,,,,,,,,,,,,,,,,
CODD_TRAINING_09387,w-362.jpg,wood,,Construction and Demolition Waste,,,,,,,,,,,,,,,,,,,,,
CODD_TRAINING_09388,w-362.jpg,wood,,Construction and Demolition Waste,,,,,,,,,,,,,,,,,,,,,
CODD_TRAINING_09389,w-362.jpg,wood,,Construction and Demolition Waste,,,,,,,,,,,,,,,,,,,,,
CODD_TRAINING_09390,w-364.jpg,wood,,Construction and Demolition Waste,,,,,,,,,,,,,,,,,,,,,
CODD_TRAINING_09391,w-364.jpg,wood,,Construction and Demolition Waste,,,,,,,,,,,,,,,,,,,,,
CODD_TRAINING_09392,w-364.jpg,wood,,Construction and Demolition Waste,,,,,,,,,,,,,,,,,,,,,
CODD_TRAINING_09393,w-365.jpg,wood,,Construction and Demolition Waste,,,,,,,,,,,,,,,,,,,,,
CODD_TRAINING_09394,w-365.jpg,wood,,Construction and Demolition Waste,,,,,,,,,,,,,,,,,,,,,
CODD_TRAINING_09395,w-365.jpg,wood,,Construction and Demolition Waste,,,,,,,,,,,,,,,,,,,,,
CODD_TRAINING_09396,w-366.jpg,wood,,Construction and Demolition Waste,,,,,,,,,,,,,,,,,,,,,
CODD_TRAINING_09397,w-366.jpg,wood,,Construction and Demolition Waste,,,,,,,,,,,,,,,,,,,,,
CODD_TRAINING_09398,w-366.jpg,wood,,Construction and Demolition Waste,,,,,,,,,,,,,,,,,,,,,
CODD_TRAINING_09399,w-367.jpg,wood,,Construction and Demolition Waste,,,,,,,,,,,,,,,,,,,,,
CODD_TRAINING_09400,w-367.jpg,wood,,Construction and Demolition Waste,,,,,,,,,,,,,,,,,,,,,
CODD_TRAINING_09401,w-369.jpg,wood,,Construction and Demolition Waste,,,,,,,,,,,,,,,,,,,,,
CODD_TRAINING_09402,w-369.jpg,wood,,Construction and Demolition Waste,,,,,,,,,,,,,,,,,,,,,
CODD_TRAINING_09403,w-369.jpg,wood,,Construction and Demolition Waste,,,,,,,,,,,,,,,,,,,,,
CODD_TRAINING_09404,w-371.jpg,wood,,Construction and Demolition Waste,,,,,,,,,,,,,,,,,,,,,
CODD_TRAINING_09405,w-371.jpg,wood,,Construction and Demolition Waste,,,,,,,,,,,,,,,,,,,,,
CODD_TRAINING_09406,w-371.jpg,wood,,Construction and Demolition Waste,,,,,,,,,,,,,,,,,,,,,
CODD_TRAINING_09407,w-372.jpg,wood,,Construction and Demolition Waste,,,,,,,,,,,,,,,,,,,,,
CODD_TRAINING_09408,w-372.jpg,wood,,Construction and Demolition Waste,,,,,,,,,,,,,,,,,,,,,
CODD_TRAINING_09409,w-372.jpg,wood,,Construction and Demolition Waste,,,,,,,,,,,,,,,,,,,,,
CODD_TRAINING_09410,w-373.jpg,wood,,Construction and Demolition Waste,,,,,,,,,,,,,,,,,,,,,
CODD_TRAINING_09411,w-373.jpg,wood,,Construction and Demolition Waste,,,,,,,,,,,,,,,,,,,,,
CODD_TRAINING_09412,w-373.jpg,wood,,Construction and Demolition Waste,,,,,,,,,,,,,,,,,,,,,
CODD_TRAINING_09413,w-374.jpg,wood,,Construction and Demolition Waste,,,,,,,,,,,,,,,,,,,,,
CODD_TRAINING_09414,w-374.jpg,wood,,Construction and Demolition Waste,,,,,,,,,,,,,,,,,,,,,
CODD_TRAINING_09415,w-374.jpg,wood,,Construction and Demolition Waste,,,,,,,,,,,,,,,,,,,,,
CODD_TRAINING_09416,w-376.jpg,wood,,Construction and Demolition Waste,,,,,,,,,,,,,,,,,,,,,
CODD_TRAINING_09417,w-376.jpg,wood,,Construction and Demolition Waste,,,,,,,,,,,,,,,,,,,,,
CODD_TRAINING_09418,w-377.jpg,wood,,Construction and Demolition Waste,,,,,,,,,,,,,,,,,,,,,
CODD_TRAINING_09419,w-377.jpg,wood,,Construction and Demolition Waste,,,,,,,,,,,,,,,,,,,,,
CODD_TRAINING_09420,w-380.jpg,wood,,Construction and Demolition Waste,,,,,,,,,,,,,,,,,,,,,
CODD_TRAINING_09421,w-380.jpg,wood,,Construction and Demolition Waste,,,,,,,,,,,,,,,,,,,,,
CODD_TRAINING_09422,w-381.jpg,wood,,Construction and Demolition Waste,,,,,,,,,,,,,,,,,,,,,
CODD_TRAINING_09423,w-381.jpg,wood,,Construction and Demolition Waste,,,,,,,,,,,,,,,,,,,,,
CODD_TRAINING_09424,w-382.jpg,wood,,Construction and Demolition Waste,,,,,,,,,,,,,,,,,,,,,
CODD_TRAINING_09425,w-382.jpg,wood,,Construction and Demolition Waste,,,,,,,,,,,,,,,,,,,,,
CODD_TRAINING_09426,w-383.jpg,wood,,Construction and Demolition Waste,,,,,,,,,,,,,,,,,,,,,
CODD_TRAINING_09427,w-383.jpg,wood,,Construction and Demolition Waste,,,,,,,,,,,,,,,,,,,,,
CODD_TRAINING_09428,w-386.jpg,wood,,Construction and Demolition Waste,,,,,,,,,,,,,,,,,,,,,
CODD_TRAINING_09429,w-386.jpg,wood,,Construction and Demolition Waste,,,,,,,,,,,,,,,,,,,,,
CODD_TRAINING_09430,w-386.jpg,wood,,Construction and Demolition Waste,,,,,,,,,,,,,,,,,,,,,
CODD_TRAINING_09431,w-387.jpg,wood,,Construction and Demolition Waste,,,,,,,,,,,,,,,,,,,,,
CODD_TRAINING_09432,w-387.jpg,wood,,Construction and Demolition Waste,,,,,,,,,,,,,,,,,,,,,
CODD_TRAINING_09433,w-388.jpg,wood,,Construction and Demolition Waste,,,,,,,,,,,,,,,,,,,,,
CODD_TRAINING_09434,w-389.jpg,wood,,Construction and Demolition Waste,,,,,,,,,,,,,,,,,,,,,
CODD_TRAINING_09435,w-389.jpg,wood,,Construction and Demolition Waste,,,,,,,,,,,,,,,,,,,,,
CODD_TRAINING_09436,w-390.jpg,wood,,Construction and Demolition Waste,,,,,,,,,,,,,,,,,,,,,
CODD_TRAINING_09437,w-390.jpg,wood,,Construction and Demolition Waste,,,,,,,,,,,,,,,,,,,,,
CODD_TRAINING_09438,w-390.jpg,wood,,Construction and Demolition Waste,,,,,,,,,,,,,,,,,,,,,
CODD_TRAINING_09439,w-390.jpg,wood,,Construction and Demolition Waste,,,,,,,,,,,,,,,,,,,,,
CODD_TRAINING_09440,w-391.jpg,wood,,Construction and Demolition Waste,,,,,,,,,,,,,,,,,,,,,
CODD_TRAINING_09441,w-391.jpg,wood,,Construction and Demolition Waste,,,,,,,,,,,,,,,,,,,,,
CODD_TRAINING_09442,w-391.jpg,wood,,Construction and Demolition Waste,,,,,,,,,,,,,,,,,,,,,
CODD_TRAINING_09443,w-391.jpg,wood,,Construction and Demolition Waste,,,,,,,,,,,,,,,,,,,,,
CODD_TRAINING_09444,w-393.jpg,wood,,Construction and Demolition Waste,,,,,,,,,,,,,,,,,,,,,
CODD_TRAINING_09445,w-394.jpg,wood,,Construction and Demolition Waste,,,,,,,,,,,,,,,,,,,,,
CODD_TRAINING_09446,w-394.jpg,wood,,Construction and Demolition Waste,,,,,,,,,,,,,,,,,,,,,
CODD_TRAINING_09447,w-395.jpg,wood,,Construction and Demolition Waste,,,,,,,,,,,,,,,,,,,,,
CODD_TRAINING_09448,w-395.jpg,wood,,Construction and Demolition Waste,,,,,,,,,,,,,,,,,,,,,
CODD_TRAINING_09449,w-396.jpg,wood,,Construction and Demolition Waste,,,,,,,,,,,,,,,,,,,,,
CODD_TRAINING_09450,w-396.jpg,wood,,Construction and Demolition Waste,,,,,,,,,,,,,,,,,,,,,
CODD_TRAINING_09451,w-398.jpg,wood,,Construction and Demolition Waste,,,,,,,,,,,,,,,,,,,,,
CODD_TRAINING_09452,w-398.jpg,wood,,Construction and Demolition Waste,,,,,,,,,,,,,,,,,,,,,
CODD_TRAINING_09453,w-398.jpg,wood,,Construction and Demolition Waste,,,,,,,,,,,,,,,,,,,,,
CODD_TRAINING_09454,w-399.jpg,wood,,Construction and Demolition Waste,,,,,,,,,,,,,,,,,,,,,
CODD_TRAINING_09455,w-399.jpg,wood,,Construction and Demolition Waste,,,,,,,,,,,,,,,,,,,,,
CODD_TRAINING_09456,w-399.jpg,wood,,Construction and Demolition Waste,,,,,,,,,,,,,,,,,,,,,
CODD_TRAINING_09457,w-401.jpg,wood,,Construction and Demolition Waste,,,,,,,,,,,,,,,,,,,,,
CODD_TRAINING_09458,w-401.jpg,wood,,Construction and Demolition Waste,,,,,,,,,,,,,,,,,,,,,
CODD_TRAINING_09459,w-401.jpg,wood,,Construction and Demolition Waste,,,,,,,,,,,,,,,,,,,,,
CODD_TRAINING_09460,w-401.jpg,wood,,Construction and Demolition Waste,,,,,,,,,,,,,,,,,,,,,
CODD_TRAINING_09461,w-402.jpg,wood,,Construction and Demolition Waste,,,,,,,,,,,,,,,,,,,,,
CODD_TRAINING_09462,w-402.jpg,wood,,Construction and Demolition Waste,,,,,,,,,,,,,,,,,,,,,
CODD_TRAINING_09463,w-402.jpg,wood,,Construction and Demolition Waste,,,,,,,,,,,,,,,,,,,,,
CODD_TRAINING_09464,w-402.jpg,wood,,Construction and Demolition Waste,,,,,,,,,,,,,,,,,,,,,
CODD_TRAINING_09465,w-403.jpg,wood,,Construction and Demolition Waste,,,,,,,,,,,,,,,,,,,,,
CODD_TRAINING_09466,w-403.jpg,wood,,Construction and Demolition Waste,,,,,,,,,,,,,,,,,,,,,
CODD_TRAINING_09467,w-403.jpg,wood,,Construction and Demolition Waste,,,,,,,,,,,,,,,,,,,,,
CODD_TRAINING_09468,w-403.jpg,wood,,Construction and Demolition Waste,,,,,,,,,,,,,,,,,,,,,
CODD_TRAINING_09469,w-403.jpg,wood,,Construction and Demolition Waste,,,,,,,,,,,,,,,,,,,,,
CODD_TRAINING_09470,w-405.jpg,wood,,Construction and Demolition Waste,,,,,,,,,,,,,,,,,,,,,
CODD_TRAINING_09471,w-405.jpg,wood,,Construction and Demolition Waste,,,,,,,,,,,,,,,,,,,,,
CODD_TRAINING_09472,w-405.jpg,wood,,Construction and Demolition Waste,,,,,,,,,,,,,,,,,,,,,
CODD_TRAINING_09473,w-409.jpg,wood,,Construction and Demolition Waste,,,,,,,,,,,,,,,,,,,,,
CODD_TRAINING_09474,w-409.jpg,wood,,Construction and Demolition Waste,,,,,,,,,,,,,,,,,,,,,
CODD_TRAINING_09475,w-409.jpg,wood,,Construction and Demolition Waste,,,,,,,,,,,,,,,,,,,,,
CODD_TRAINING_09476,w-409.jpg,wood,,Construction and Demolition Waste,,,,,,,,,,,,,,,,,,,,,
CODD_TRAINING_09477,w-409.jpg,wood,,Construction and Demolition Waste,,,,,,,,,,,,,,,,,,,,,
CODD_TRAINING_09478,w-410.jpg,wood,,Construction and Demolition Waste,,,,,,,,,,,,,,,,,,,,,
CODD_TRAINING_09479,w-410.jpg,wood,,Construction and Demolition Waste,,,,,,,,,,,,,,,,,,,,,
CODD_TRAINING_09480,w-410.jpg,wood,,Construction and Demolition Waste,,,,,,,,,,,,,,,,,,,,,
CODD_TRAINING_09481,w-412.jpg,wood,,Construction and Demolition Waste,,,,,,,,,,,,,,,,,,,,,
CODD_TRAINING_09482,w-412.jpg,wood,,Construction and Demolition Waste,,,,,,,,,,,,,,,,,,,,,
CODD_TRAINING_09483,w-412.jpg,wood,,Construction and Demolition Waste,,,,,,,,,,,,,,,,,,,,,
CODD_TRAINING_09484,w-412.jpg,wood,,Construction and Demolition Waste,,,,,,,,,,,,,,,,,,,,,
CODD_TRAINING_09485,w-413.jpg,wood,,Construction and Demolition Waste,,,,,,,,,,,,,,,,,,,,,
CODD_TRAINING_09486,w-413.jpg,wood,,Construction and Demolition Waste,,,,,,,,,,,,,,,,,,,,,
CODD_TRAINING_09487,w-413.jpg,wood,,Construction and Demolition Waste,,,,,,,,,,,,,,,,,,,,,
CODD_TRAINING_09488,w-414.jpg,wood,,Construction and Demolition Waste,,,,,,,,,,,,,,,,,,,,,
CODD_TRAINING_09489,w-414.jpg,wood,,Construction and Demolition Waste,,,,,,,,,,,,,,,,,,,,,
CODD_TRAINING_09490,w-414.jpg,wood,,Construction and Demolition Waste,,,,,,,,,,,,,,,,,,,,,
CODD_TRAINING_09491,w-415.jpg,wood,,Construction and Demolition Waste,,,,,,,,,,,,,,,,,,,,,
CODD_TRAINING_09492,w-415.jpg,wood,,Construction and Demolition Waste,,,,,,,,,,,,,,,,,,,,,
CODD_TRAINING_09493,w-415.jpg,wood,,Construction and Demolition Waste,,,,,,,,,,,,,,,,,,,,,
CODD_TRAINING_09494,w-417.jpg,wood,,Construction and Demolition Waste,,,,,,,,,,,,,,,,,,,,,
CODD_TRAINING_09495,w-417.jpg,wood,,Construction and Demolition Waste,,,,,,,,,,,,,,,,,,,,,
CODD_TRAINING_09496,w-417.jpg,wood,,Construction and Demolition Waste,,,,,,,,,,,,,,,,,,,,,
CODD_TRAINING_09497,w-419.jpg,wood,,Construction and Demolition Waste,,,,,,,,,,,,,,,,,,,,,
CODD_TRAINING_09498,w-419.jpg,wood,,Construction and Demolition Waste,,,,,,,,,,,,,,,,,,,,,
CODD_TRAINING_09499,w-419.jpg,wood,,Construction and Demolition Waste,,,,,,,,,,,,,,,,,,,,,
CODD_TRAINING_09500,w-421.jpg,wood,,Construction and Demolition Waste,,,,,,,,,,,,,,,,,,,,,
CODD_TRAINING_09501,w-421.jpg,wood,,Construction and Demolition Waste,,,,,,,,,,,,,,,,,,,,,
CODD_TRAINING_09502,w-421.jpg,wood,,Construction and Demolition Waste,,,,,,,,,,,,,,,,,,,,,
CODD_TRAINING_09503,w-421.jpg,wood,,Construction and Demolition Waste,,,,,,,,,,,,,,,,,,,,,
CODD_TRAINING_09504,w-421.jpg,wood,,Construction and Demolition Waste,,,,,,,,,,,,,,,,,,,,,
CODD_TRAINING_09505,w-423.jpg,wood,,Construction and Demolition Waste,,,,,,,,,,,,,,,,,,,,,
CODD_TRAINING_09506,w-423.jpg,wood,,Construction and Demolition Waste,,,,,,,,,,,,,,,,,,,,,
CODD_TRAINING_09507,w-423.jpg,wood,,Construction and Demolition Waste,,,,,,,,,,,,,,,,,,,,,
CODD_TRAINING_09508,w-423.jpg,wood,,Construction and Demolition Waste,,,,,,,,,,,,,,,,,,,,,
CODD_TRAINING_09509,w-424.jpg,wood,,Construction and Demolition Waste,,,,,,,,,,,,,,,,,,,,,
CODD_TRAINING_09510,w-424.jpg,wood,,Construction and Demolition Waste,,,,,,,,,,,,,,,,,,,,,
CODD_TRAINING_09511,w-424.jpg,wood,,Construction and Demolition Waste,,,,,,,,,,,,,,,,,,,,,
CODD_TRAINING_09512,w-426.jpg,wood,,Construction and Demolition Waste,,,,,,,,,,,,,,,,,,,,,
CODD_TRAINING_09513,w-426.jpg,wood,,Construction and Demolition Waste,,,,,,,,,,,,,,,,,,,,,
CODD_TRAINING_09514,w-426.jpg,wood,,Construction and Demolition Waste,,,,,,,,,,,,,,,,,,,,,
CODD_TRAINING_09515,w-428.jpg,wood,,Construction and Demolition Waste,,,,,,,,,,,,,,,,,,,,,
CODD_TRAINING_09516,w-428.jpg,wood,,Construction and Demolition Waste,,,,,,,,,,,,,,,,,,,,,
CODD_TRAINING_09517,w-428.jpg,wood,,Construction and Demolition Waste,,,,,,,,,,,,,,,,,,,,,
CODD_TRAINING_09518,w-428.jpg,wood,,Construction and Demolition Waste,,,,,,,,,,,,,,,,,,,,,
CODD_TRAINING_09519,w-428.jpg,wood,,Construction and Demolition Waste,,,,,,,,,,,,,,,,,,,,,
CODD_TRAINING_09520,w-428.jpg,wood,,Construction and Demolition Waste,,,,,,,,,,,,,,,,,,,,,
CODD_TRAINING_09521,w-429.jpg,wood,,Construction and Demolition Waste,,,,,,,,,,,,,,,,,,,,,
CODD_TRAINING_09522,w-429.jpg,wood,,Construction and Demolition Waste,,,,,,,,,,,,,,,,,,,,,
CODD_TRAINING_09523,w-429.jpg,wood,,Construction and Demolition Waste,,,,,,,,,,,,,,,,,,,,,
CODD_TRAINING_09524,w-429.jpg,wood,,Construction and Demolition Waste,,,,,,,,,,,,,,,,,,,,,
CODD_TRAINING_09525,w-429.jpg,wood,,Construction and Demolition Waste,,,,,,,,,,,,,,,,,,,,,
CODD_TRAINING_09526,w-429.jpg,wood,,Construction and Demolition Waste,,,,,,,,,,,,,,,,,,,,,
CODD_TRAINING_09527,w-432.jpg,wood,,Construction and Demolition Waste,,,,,,,,,,,,,,,,,,,,,
CODD_TRAINING_09528,w-432.jpg,wood,,Construction and Demolition Waste,,,,,,,,,,,,,,,,,,,,,
CODD_TRAINING_09529,w-432.jpg,wood,,Construction and Demolition Waste,,,,,,,,,,,,,,,,,,,,,
CODD_TRAINING_09530,w-432.jpg,wood,,Construction and Demolition Waste,,,,,,,,,,,,,,,,,,,,,
CODD_TRAINING_09531,w-432.jpg,wood,,Construction and Demolition Waste,,,,,,,,,,,,,,,,,,,,,
CODD_TRAINING_09532,w-432.jpg,wood,,Construction and Demolition Waste,,,,,,,,,,,,,,,,,,,,,
CODD_TRAINING_09533,w-434.jpg,wood,,Construction and Demolition Waste,,,,,,,,,,,,,,,,,,,,,
CODD_TRAINING_09534,w-434.jpg,wood,,Construction and Demolition Waste,,,,,,,,,,,,,,,,,,,,,
CODD_TRAINING_09535,w-434.jpg,wood,,Construction and Demolition Waste,,,,,,,,,,,,,,,,,,,,,
CODD_TRAINING_09536,w-434.jpg,wood,,Construction and Demolition Waste,,,,,,,,,,,,,,,,,,,,,
CODD_TRAINING_09537,w-435.jpg,wood,,Construction and Demolition Waste,,,,,,,,,,,,,,,,,,,,,
CODD_TRAINING_09538,w-435.jpg,wood,,Construction and Demolition Waste,,,,,,,,,,,,,,,,,,,,,
CODD_TRAINING_09539,w-435.jpg,wood,,Construction and Demolition Waste,,,,,,,,,,,,,,,,,,,,,
CODD_TRAINING_09540,w-435.jpg,wood,,Construction and Demolition Waste,,,,,,,,,,,,,,,,,,,,,
CODD_TRAINING_09541,w-437.jpg,wood,,Construction and Demolition Waste,,,,,,,,,,,,,,,,,,,,,
CODD_TRAINING_09542,w-437.jpg,wood,,Construction and Demolition Waste,,,,,,,,,,,,,,,,,,,,,
CODD_TRAINING_09543,w-437.jpg,wood,,Construction and Demolition Waste,,,,,,,,,,,,,,,,,,,,,
CODD_TRAINING_09544,w-437.jpg,wood,,Construction and Demolition Waste,,,,,,,,,,,,,,,,,,,,,
CODD_TRAINING_09545,w-437.jpg,wood,,Construction and Demolition Waste,,,,,,,,,,,,,,,,,,,,,
CODD_TRAINING_09546,w-438.jpg,wood,,Construction and Demolition Waste,,,,,,,,,,,,,,,,,,,,,
CODD_TRAINING_09547,w-438.jpg,wood,,Construction and Demolition Waste,,,,,,,,,,,,,,,,,,,,,
CODD_TRAINING_09548,w-438.jpg,wood,,Construction and Demolition Waste,,,,,,,,,,,,,,,,,,,,,
CODD_TRAINING_09549,w-438.jpg,wood,,Construction and Demolition Waste,,,,,,,,,,,,,,,,,,,,,
CODD_TRAINING_09550,w-438.jpg,wood,,Construction and Demolition Waste,,,,,,,,,,,,,,,,,,,,,
CODD_TRAINING_09551,w-445.jpg,wood,,Construction and Demolition Waste,,,,,,,,,,,,,,,,,,,,,
CODD_TRAINING_09552,w-445.jpg,wood,,Construction and Demolition Waste,,,,,,,,,,,,,,,,,,,,,
CODD_TRAINING_09553,w-445.jpg,wood,,Construction and Demolition Waste,,,,,,,,,,,,,,,,,,,,,
CODD_TRAINING_09554,w-445.jpg,wood,,Construction and Demolition Waste,,,,,,,,,,,,,,,,,,,,,
CODD_TRAINING_09555,w-446.jpg,wood,,Construction and Demolition Waste,,,,,,,,,,,,,,,,,,,,,
CODD_TRAINING_09556,w-446.jpg,wood,,Construction and Demolition Waste,,,,,,,,,,,,,,,,,,,,,
CODD_TRAINING_09557,w-446.jpg,wood,,Construction and Demolition Waste,,,,,,,,,,,,,,,,,,,,,
CODD_TRAINING_09558,w-446.jpg,wood,,Construction and Demolition Waste,,,,,,,,,,,,,,,,,,,,,
CODD_TRAINING_09559,w-447.jpg,wood,,Construction and Demolition Waste,,,,,,,,,,,,,,,,,,,,,
CODD_TRAINING_09560,w-448.jpg,wood,,Construction and Demolition Waste,,,,,,,,,,,,,,,,,,,,,
CODD_TRAINING_09561,w-448.jpg,wood,,Construction and Demolition Waste,,,,,,,,,,,,,,,,,,,,,
CODD_TRAINING_09562,w-448.jpg,wood,,Construction and Demolition Waste,,,,,,,,,,,,,,,,,,,,,
CODD_TRAINING_09563,w-448.jpg,wood,,Construction and Demolition Waste,,,,,,,,,,,,,,,,,,,,,
CODD_TRAINING_09564,w-450.jpg,wood,,Construction and Demolition Waste,,,,,,,,,,,,,,,,,,,,,
CODD_TRAINING_09565,w-450.jpg,wood,,Construction and Demolition Waste,,,,,,,,,,,,,,,,,,,,,
CODD_TRAINING_09566,w-450.jpg,wood,,Construction and Demolition Waste,,,,,,,,,,,,,,,,,,,,,
CODD_TRAINING_09567,w-454.jpg,wood,,Construction and Demolition Waste,,,,,,,,,,,,,,,,,,,,,
CODD_TRAINING_09568,w-457.jpg,wood,,Construction and Demolition Waste,,,,,,,,,,,,,,,,,,,,,
CODD_TRAINING_09569,w-457.jpg,wood,,Construction and Demolition Waste,,,,,,,,,,,,,,,,,,,,,
CODD_TRAINING_09570,w-457.jpg,wood,,Construction and Demolition Waste,,,,,,,,,,,,,,,,,,,,,
CODD_TRAINING_09571,w-458.jpg,wood,,Construction and Demolition Waste,,,,,,,,,,,,,,,,,,,,,
CODD_TRAINING_09572,w-458.jpg,wood,,Construction and Demolition Waste,,,,,,,,,,,,,,,,,,,,,
CODD_TRAINING_09573,w-458.jpg,wood,,Construction and Demolition Waste,,,,,,,,,,,,,,,,,,,,,
CODD_TRAINING_09574,w-459.jpg,wood,,Construction and Demolition Waste,,,,,,,,,,,,,,,,,,,,,
CODD_TRAINING_09575,w-459.jpg,wood,,Construction and Demolition Waste,,,,,,,,,,,,,,,,,,,,,
CODD_TRAINING_09576,w-459.jpg,wood,,Construction and Demolition Waste,,,,,,,,,,,,,,,,,,,,,
CODD_TRAINING_09577,w-461.jpg,wood,,Construction and Demolition Waste,,,,,,,,,,,,,,,,,,,,,
CODD_TRAINING_09578,w-461.jpg,wood,,Construction and Demolition Waste,,,,,,,,,,,,,,,,,,,,,
CODD_TRAINING_09579,w-461.jpg,wood,,Construction and Demolition Waste,,,,,,,,,,,,,,,,,,,,,
CODD_TRAINING_09580,w-461.jpg,wood,,Construction and Demolition Waste,,,,,,,,,,,,,,,,,,,,,
CODD_TRAINING_09581,w-462.jpg,wood,,Construction and Demolition Waste,,,,,,,,,,,,,,,,,,,,,
CODD_TRAINING_09582,w-462.jpg,wood,,Construction and Demolition Waste,,,,,,,,,,,,,,,,,,,,,
CODD_TRAINING_09583,w-462.jpg,wood,,Construction and Demolition Waste,,,,,,,,,,,,,,,,,,,,,
CODD_TRAINING_09584,w-462.jpg,wood,,Construction and Demolition Waste,,,,,,,,,,,,,,,,,,,,,
CODD_TRAINING_09585,w-463.jpg,wood,,Construction and Demolition Waste,,,,,,,,,,,,,,,,,,,,,
CODD_TRAINING_09586,w-463.jpg,wood,,Construction and Demolition Waste,,,,,,,,,,,,,,,,,,,,,
CODD_TRAINING_09587,w-463.jpg,wood,,Construction and Demolition Waste,,,,,,,,,,,,,,,,,,,,,
CODD_TRAINING_09588,w-464.jpg,wood,,Construction and Demolition Waste,,,,,,,,,,,,,,,,,,,,,
CODD_TRAINING_09589,w-464.jpg,wood,,Construction and Demolition Waste,,,,,,,,,,,,,,,,,,,,,
CODD_TRAINING_09590,w-464.jpg,wood,,Construction and Demolition Waste,,,,,,,,,,,,,,,,,,,,,
CODD_TRAINING_09591,w-466.jpg,wood,,Construction and Demolition Waste,,,,,,,,,,,,,,,,,,,,,
CODD_TRAINING_09592,w-466.jpg,wood,,Construction and Demolition Waste,,,,,,,,,,,,,,,,,,,,,
CODD_TRAINING_09593,w-466.jpg,wood,,Construction and Demolition Waste,,,,,,,,,,,,,,,,,,,,,
CODD_TRAINING_09594,w-467.jpg,wood,,Construction and Demolition Waste,,,,,,,,,,,,,,,,,,,,,
CODD_TRAINING_09595,w-467.jpg,wood,,Construction and Demolition Waste,,,,,,,,,,,,,,,,,,,,,
CODD_TRAINING_09596,w-467.jpg,wood,,Construction and Demolition Waste,,,,,,,,,,,,,,,,,,,,,
CODD_TRAINING_09597,w-469.jpg,wood,,Construction and Demolition Waste,,,,,,,,,,,,,,,,,,,,,
CODD_TRAINING_09598,w-469.jpg,wood,,Construction and Demolition Waste,,,,,,,,,,,,,,,,,,,,,
CODD_TRAINING_09599,w-469.jpg,wood,,Construction and Demolition Waste,,,,,,,,,,,,,,,,,,,,,
CODD_TRAINING_09600,w-470.jpg,wood,,Construction and Demolition Waste,,,,,,,,,,,,,,,,,,,,,
CODD_TRAINING_09601,w-470.jpg,wood,,Construction and Demolition Waste,,,,,,,,,,,,,,,,,,,,,
CODD_TRAINING_09602,w-470.jpg,wood,,Construction and Demolition Waste,,,,,,,,,,,,,,,,,,,,,
CODD_TRAINING_09603,w-471.jpg,wood,,Construction and Demolition Waste,,,,,,,,,,,,,,,,,,,,,
CODD_TRAINING_09604,w-471.jpg,wood,,Construction and Demolition Waste,,,,,,,,,,,,,,,,,,,,,
CODD_TRAINING_09605,w-472.jpg,wood,,Construction and Demolition Waste,,,,,,,,,,,,,,,,,,,,,
CODD_TRAINING_09606,w-472.jpg,wood,,Construction and Demolition Waste,,,,,,,,,,,,,,,,,,,,,
CODD_TRAINING_09607,w-472.jpg,wood,,Construction and Demolition Waste,,,,,,,,,,,,,,,,,,,,,
CODD_TRAINING_09608,w-475.jpg,wood,,Construction and Demolition Waste,,,,,,,,,,,,,,,,,,,,,
CODD_TRAINING_09609,w-475.jpg,wood,,Construction and Demolition Waste,,,,,,,,,,,,,,,,,,,,,
CODD_TRAINING_09610,w-475.jpg,wood,,Construction and Demolition Waste,,,,,,,,,,,,,,,,,,,,,
CODD_TRAINING_09611,w-476.jpg,wood,,Construction and Demolition Waste,,,,,,,,,,,,,,,,,,,,,
CODD_TRAINING_09612,w-476.jpg,wood,,Construction and Demolition Waste,,,,,,,,,,,,,,,,,,,,,
CODD_TRAINING_09613,w-478.jpg,wood,,Construction and Demolition Waste,,,,,,,,,,,,,,,,,,,,,
CODD_TRAINING_09614,w-478.jpg,wood,,Construction and Demolition Waste,,,,,,,,,,,,,,,,,,,,,
CODD_TRAINING_09615,w-478.jpg,wood,,Construction and Demolition Waste,,,,,,,,,,,,,,,,,,,,,
CODD_TRAINING_09616,w-478.jpg,wood,,Construction and Demolition Waste,,,,,,,,,,,,,,,,,,,,,
CODD_TRAINING_09617,w-478.jpg,wood,,Construction and Demolition Waste,,,,,,,,,,,,,,,,,,,,,
CODD_TRAINING_09618,w-478.jpg,wood,,Construction and Demolition Waste,,,,,,,,,,,,,,,,,,,,,
CODD_TRAINING_09619,w-479.jpg,wood,,Construction and Demolition Waste,,,,,,,,,,,,,,,,,,,,,
CODD_TRAINING_09620,w-479.jpg,wood,,Construction and Demolition Waste,,,,,,,,,,,,,,,,,,,,,
CODD_TRAINING_09621,w-479.jpg,wood,,Construction and Demolition Waste,,,,,,,,,,,,,,,,,,,,,
CODD_TRAINING_09622,w-480.jpg,wood,,Construction and Demolition Waste,,,,,,,,,,,,,,,,,,,,,
CODD_TRAINING_09623,w-480.jpg,wood,,Construction and Demolition Waste,,,,,,,,,,,,,,,,,,,,,
CODD_TRAINING_09624,w-480.jpg,wood,,Construction and Demolition Waste,,,,,,,,,,,,,,,,,,,,,
CODD_TRAINING_09625,w-481.jpg,wood,,Construction and Demolition Waste,,,,,,,,,,,,,,,,,,,,,
CODD_TRAINING_09626,w-481.jpg,wood,,Construction and Demolition Waste,,,,,,,,,,,,,,,,,,,,,
CODD_TRAINING_09627,w-481.jpg,wood,,Construction and Demolition Waste,,,,,,,,,,,,,,,,,,,,,
CODD_TRAINING_09628,w-481.jpg,wood,,Construction and Demolition Waste,,,,,,,,,,,,,,,,,,,,,
CODD_TRAINING_09629,w-482.jpg,wood,,Construction and Demolition Waste,,,,,,,,,,,,,,,,,,,,,
CODD_TRAINING_09630,w-482.jpg,wood,,Construction and Demolition Waste,,,,,,,,,,,,,,,,,,,,,
CODD_TRAINING_09631,w-482.jpg,wood,,Construction and Demolition Waste,,,,,,,,,,,,,,,,,,,,,
CODD_TRAINING_09632,w-483.jpg,wood,,Construction and Demolition Waste,,,,,,,,,,,,,,,,,,,,,
CODD_TRAINING_09633,w-483.jpg,wood,,Construction and Demolition Waste,,,,,,,,,,,,,,,,,,,,,
CODD_TRAINING_09634,w-483.jpg,wood,,Construction and Demolition Waste,,,,,,,,,,,,,,,,,,,,,
CODD_TRAINING_09635,w-484.jpg,wood,,Construction and Demolition Waste,,,,,,,,,,,,,,,,,,,,,
CODD_TRAINING_09636,w-484.jpg,wood,,Construction and Demolition Waste,,,,,,,,,,,,,,,,,,,,,
CODD_TRAINING_09637,w-484.jpg,wood,,Construction and Demolition Waste,,,,,,,,,,,,,,,,,,,,,
CODD_TRAINING_09638,w-486.jpg,wood,,Construction and Demolition Waste,,,,,,,,,,,,,,,,,,,,,
CODD_TRAINING_09639,w-486.jpg,wood,,Construction and Demolition Waste,,,,,,,,,,,,,,,,,,,,,
CODD_TRAINING_09640,w-486.jpg,wood,,Construction and Demolition Waste,,,,,,,,,,,,,,,,,,,,,
CODD_TRAINING_09641,w-486.jpg,wood,,Construction and Demolition Waste,,,,,,,,,,,,,,,,,,,,,
CODD_TRAINING_09642,w-487.jpg,wood,,Construction and Demolition Waste,,,,,,,,,,,,,,,,,,,,,
CODD_TRAINING_09643,w-487.jpg,wood,,Construction and Demolition Waste,,,,,,,,,,,,,,,,,,,,,
CODD_TRAINING_09644,w-488.jpg,wood,,Construction and Demolition Waste,,,,,,,,,,,,,,,,,,,,,
CODD_TRAINING_09645,w-488.jpg,wood,,Construction and Demolition Waste,,,,,,,,,,,,,,,,,,,,,
CODD_TRAINING_09646,w-488.jpg,wood,,Construction and Demolition Waste,,,,,,,,,,,,,,,,,,,,,
CODD_TRAINING_09647,w-489.jpg,wood,,Construction and Demolition Waste,,,,,,,,,,,,,,,,,,,,,
CODD_TRAINING_09648,w-489.jpg,wood,,Construction and Demolition Waste,,,,,,,,,,,,,,,,,,,,,
CODD_TRAINING_09649,w-489.jpg,wood,,Construction and Demolition Waste,,,,,,,,,,,,,,,,,,,,,
CODD_TRAINING_09650,w-490.jpg,wood,,Construction and Demolition Waste,,,,,,,,,,,,,,,,,,,,,
CODD_TRAINING_09651,w-490.jpg,wood,,Construction and Demolition Waste,,,,,,,,,,,,,,,,,,,,,
CODD_TRAINING_09652,w-490.jpg,wood,,Construction and Demolition Waste,,,,,,,,,,,,,,,,,,,,,
CODD_TRAINING_09653,w-490.jpg,wood,,Construction and Demolition Waste,,,,,,,,,,,,,,,,,,,,,
CODD_TRAINING_09654,w-490.jpg,wood,,Construction and Demolition Waste,,,,,,,,,,,,,,,,,,,,,
CODD_TRAINING_09655,w-491.jpg,wood,,Construction and Demolition Waste,,,,,,,,,,,,,,,,,,,,,
CODD_TRAINING_09656,w-491.jpg,wood,,Construction and Demolition Waste,,,,,,,,,,,,,,,,,,,,,
CODD_TRAINING_09657,w-491.jpg,wood,,Construction and Demolition Waste,,,,,,,,,,,,,,,,,,,,,
CODD_TRAINING_09658,w-492.jpg,wood,,Construction and Demolition Waste,,,,,,,,,,,,,,,,,,,,,
CODD_TRAINING_09659,w-492.jpg,wood,,Construction and Demolition Waste,,,,,,,,,,,,,,,,,,,,,
CODD_TRAINING_09660,w-492.jpg,wood,,Construction and Demolition Waste,,,,,,,,,,,,,,,,,,,,,
CODD_TRAINING_09661,w-493.jpg,wood,,Construction and Demolition Waste,,,,,,,,,,,,,,,,,,,,,
CODD_TRAINING_09662,w-493.jpg,wood,,Construction and Demolition Waste,,,,,,,,,,,,,,,,,,,,,
CODD_TRAINING_09663,w-493.jpg,wood,,Construction and Demolition Waste,,,,,,,,,,,,,,,,,,,,,
CODD_TRAINING_09664,w-494.jpg,wood,,Construction and Demolition Waste,,,,,,,,,,,,,,,,,,,,,
CODD_TRAINING_09665,w-494.jpg,wood,,Construction and Demolition Waste,,,,,,,,,,,,,,,,,,,,,
CODD_TRAINING_09666,w-494.jpg,wood,,Construction and Demolition Waste,,,,,,,,,,,,,,,,,,,,,
CODD_TRAINING_09667,w-494.jpg,wood,,Construction and Demolition Waste,,,,,,,,,,,,,,,,,,,,,
CODD_TRAINING_09668,w-494.jpg,wood,,Construction and Demolition Waste,,,,,,,,,,,,,,,,,,,,,
CODD_TRAINING_09669,w-494.jpg,wood,,Construction and Demolition Waste,,,,,,,,,,,,,,,,,,,,,
CODD_TRAINING_09670,w-495.jpg,wood,,Construction and Demolition Waste,,,,,,,,,,,,,,,,,,,,,
CODD_TRAINING_09671,w-495.jpg,wood,,Construction and Demolition Waste,,,,,,,,,,,,,,,,,,,,,
CODD_TRAINING_09672,w-495.jpg,wood,,Construction and Demolition Waste,,,,,,,,,,,,,,,,,,,,,
CODD_TRAINING_09673,w-495.jpg,wood,,Construction and Demolition Waste,,,,,,,,,,,,,,,,,,,,,
CODD_TRAINING_09674,w-495.jpg,wood,,Construction and Demolition Waste,,,,,,,,,,,,,,,,,,,,,
CODD_TRAINING_09675,w-495.jpg,wood,,Construction and Demolition Waste,,,,,,,,,,,,,,,,,,,,,
CODD_TRAINING_09676,w-496.jpg,wood,,Construction and Demolition Waste,,,,,,,,,,,,,,,,,,,,,
CODD_TRAINING_09677,w-496.jpg,wood,,Construction and Demolition Waste,,,,,,,,,,,,,,,,,,,,,
CODD_TRAINING_09678,w-496.jpg,wood,,Construction and Demolition Waste,,,,,,,,,,,,,,,,,,,,,
CODD_TRAINING_09679,w-496.jpg,wood,,Construction and Demolition Waste,,,,,,,,,,,,,,,,,,,,,
CODD_TRAINING_09680,w-497.jpg,wood,,Construction and Demolition Waste,,,,,,,,,,,,,,,,,,,,,
CODD_TRAINING_09681,w-497.jpg,wood,,Construction and Demolition Waste,,,,,,,,,,,,,,,,,,,,,
CODD_TRAINING_09682,w-498.jpg,wood,,Construction and Demolition Waste,,,,,,,,,,,,,,,,,,,,,
CODD_TRAINING_09683,w-500.jpg,wood,,Construction and Demolition Waste,,,,,,,,,,,,,,,,,,,,,
CODD_TRAINING_09684,w-500.jpg,wood,,Construction and Demolition Waste,,,,,,,,,,,,,,,,,,,,,
CODD_TRAINING_09685,w-500.jpg,wood,,Construction and Demolition Waste,,,,,,,,,,,,,,,,,,,,,
CODD_TRAINING_09686,w-500.jpg,wood,,Construction and Demolition Waste,,,,,,,,,,,,,,,,,,,,,
CODD_TRAINING_09687,w-500.jpg,wood,,Construction and Demolition Waste,,,,,,,,,,,,,,,,,,,,,
CODD_TRAINING_09688,w-500.jpg,wood,,Construction and Demolition Waste,,,,,,,,,,,,,,,,,,,,,
CODD_TRAINING_09689,w-500.jpg,wood,,Construction and Demolition Waste,,,,,,,,,,,,,,,,,,,,,
CODD_TRAINING_09690,w-501.jpg,wood,,Construction and Demolition Waste,,,,,,,,,,,,,,,,,,,,,
CODD_TRAINING_09691,w-501.jpg,wood,,Construction and Demolition Waste,,,,,,,,,,,,,,,,,,,,,
CODD_TRAINING_09692,w-501.jpg,wood,,Construction and Demolition Waste,,,,,,,,,,,,,,,,,,,,,
CODD_TRAINING_09693,w-501.jpg,wood,,Construction and Demolition Waste,,,,,,,,,,,,,,,,,,,,,
CODD_TRAINING_09694,w-502.jpg,wood,,Construction and Demolition Waste,,,,,,,,,,,,,,,,,,,,,
CODD_TRAINING_09695,w-502.jpg,wood,,Construction and Demolition Waste,,,,,,,,,,,,,,,,,,,,,
CODD_TRAINING_09696,w-502.jpg,wood,,Construction and Demolition Waste,,,,,,,,,,,,,,,,,,,,,
CODD_TRAINING_09697,w-504.jpg,wood,,Construction and Demolition Waste,,,,,,,,,,,,,,,,,,,,,
CODD_TRAINING_09698,w-504.jpg,wood,,Construction and Demolition Waste,,,,,,,,,,,,,,,,,,,,,
CODD_TRAINING_09699,w-504.jpg,wood,,Construction and Demolition Waste,,,,,,,,,,,,,,,,,,,,,
CODD_TRAINING_09700,w-506.jpg,wood,,Construction and Demolition Waste,,,,,,,,,,,,,,,,,,,,,
CODD_TRAINING_09701,w-506.jpg,wood,,Construction and Demolition Waste,,,,,,,,,,,,,,,,,,,,,
CODD_TRAINING_09702,w-506.jpg,wood,,Construction and Demolition Waste,,,,,,,,,,,,,,,,,,,,,
CODD_TRAINING_09703,w-506.jpg,wood,,Construction and Demolition Waste,,,,,,,,,,,,,,,,,,,,,
CODD_TRAINING_09704,w-508.jpg,wood,,Construction and Demolition Waste,,,,,,,,,,,,,,,,,,,,,
CODD_TRAINING_09705,w-508.jpg,wood,,Construction and Demolition Waste,,,,,,,,,,,,,,,,,,,,,
CODD_TRAINING_09706,w-509.jpg,wood,,Construction and Demolition Waste,,,,,,,,,,,,,,,,,,,,,
CODD_TRAINING_09707,w-509.jpg,wood,,Construction and Demolition Waste,,,,,,,,,,,,,,,,,,,,,
CODD_TRAINING_09708,w-514.jpg,wood,,Construction and Demolition Waste,,,,,,,,,,,,,,,,,,,,,
CODD_TRAINING_09709,w-514.jpg,wood,,Construction and Demolition Waste,,,,,,,,,,,,,,,,,,,,,
CODD_TRAINING_09710,w-514.jpg,wood,,Construction and Demolition Waste,,,,,,,,,,,,,,,,,,,,,
CODD_TRAINING_09711,w-515.jpg,wood,,Construction and Demolition Waste,,,,,,,,,,,,,,,,,,,,,
CODD_TRAINING_09712,w-515.jpg,wood,,Construction and Demolition Waste,,,,,,,,,,,,,,,,,,,,,
CODD_TRAINING_09713,w-515.jpg,wood,,Construction and Demolition Waste,,,,,,,,,,,,,,,,,,,,,
CODD_TRAINING_09714,w-517.jpg,wood,,Construction and Demolition Waste,,,,,,,,,,,,,,,,,,,,,
CODD_TRAINING_09715,w-517.jpg,wood,,Construction and Demolition Waste,,,,,,,,,,,,,,,,,,,,,
CODD_TRAINING_09716,w-517.jpg,wood,,Construction and Demolition Waste,,,,,,,,,,,,,,,,,,,,,
CODD_TRAINING_09717,w-518.jpg,wood,,Construction and Demolition Waste,,,,,,,,,,,,,,,,,,,,,
CODD_TRAINING_09718,w-518.jpg,wood,,Construction and Demolition Waste,,,,,,,,,,,,,,,,,,,,,
CODD_TRAINING_09719,w-518.jpg,wood,,Construction and Demolition Waste,,,,,,,,,,,,,,,,,,,,,
CODD_TRAINING_09720,w-519.jpg,wood,,Construction and Demolition Waste,,,,,,,,,,,,,,,,,,,,,
CODD_TRAINING_09721,w-520.jpg,wood,,Construction and Demolition Waste,,,,,,,,,,,,,,,,,,,,,
CODD_TRAINING_09722,w-520.jpg,wood,,Construction and Demolition Waste,,,,,,,,,,,,,,,,,,,,,
CODD_TRAINING_09723,w-521.jpg,wood,,Construction and Demolition Waste,,,,,,,,,,,,,,,,,,,,,
CODD_TRAINING_09724,w-521.jpg,wood,,Construction and Demolition Waste,,,,,,,,,,,,,,,,,,,,,
CODD_TRAINING_09725,w-521.jpg,wood,,Construction and Demolition Waste,,,,,,,,,,,,,,,,,,,,,
CODD_TRAINING_09726,w-522.jpg,wood,,Construction and Demolition Waste,,,,,,,,,,,,,,,,,,,,,
CODD_TRAINING_09727,w-522.jpg,wood,,Construction and Demolition Waste,,,,,,,,,,,,,,,,,,,,,
CODD_TRAINING_09728,w-522.jpg,wood,,Construction and Demolition Waste,,,,,,,,,,,,,,,,,,,,,
CODD_TRAINING_09729,w-523.jpg,wood,,Construction and Demolition Waste,,,,,,,,,,,,,,,,,,,,,
CODD_TRAINING_09730,w-523.jpg,wood,,Construction and Demolition Waste,,,,,,,,,,,,,,,,,,,,,
CODD_TRAINING_09731,w-523.jpg,wood,,Construction and Demolition Waste,,,,,,,,,,,,,,,,,,,,,
CODD_TRAINING_09732,w-523.jpg,wood,,Construction and Demolition Waste,,,,,,,,,,,,,,,,,,,,,
CODD_TRAINING_09733,w-523.jpg,wood,,Construction and Demolition Waste,,,,,,,,,,,,,,,,,,,,,
CODD_TRAINING_09734,w-523.jpg,wood,,Construction and Demolition Waste,,,,,,,,,,,,,,,,,,,,,
CODD_TRAINING_09735,w-523.jpg,wood,,Construction and Demolition Waste,,,,,,,,,,,,,,,,,,,,,
CODD_TRAINING_09736,w-523.jpg,wood,,Construction and Demolition Waste,,,,,,,,,,,,,,,,,,,,,
CODD_TRAINING_09737,w-524.jpg,wood,,Construction and Demolition Waste,,,,,,,,,,,,,,,,,,,,,
CODD_TRAINING_09738,w-524.jpg,wood,,Construction and Demolition Waste,,,,,,,,,,,,,,,,,,,,,
CODD_TRAINING_09739,w-524.jpg,wood,,Construction and Demolition Waste,,,,,,,,,,,,,,,,,,,,,
CODD_TRAINING_09740,w-524.jpg,wood,,Construction and Demolition Waste,,,,,,,,,,,,,,,,,,,,,
CODD_TRAINING_09741,w-524.jpg,wood,,Construction and Demolition Waste,,,,,,,,,,,,,,,,,,,,,
CODD_TRAINING_09742,w-524.jpg,wood,,Construction and Demolition Waste,,,,,,,,,,,,,,,,,,,,,
CODD_TRAINING_09743,w-524.jpg,wood,,Construction and Demolition Waste,,,,,,,,,,,,,,,,,,,,,
CODD_TRAINING_09744,w-526.jpg,wood,,Construction and Demolition Waste,,,,,,,,,,,,,,,,,,,,,
CODD_TRAINING_09745,w-526.jpg,wood,,Construction and Demolition Waste,,,,,,,,,,,,,,,,,,,,,
CODD_TRAINING_09746,w-526.jpg,wood,,Construction and Demolition Waste,,,,,,,,,,,,,,,,,,,,,
CODD_TRAINING_09747,w-526.jpg,wood,,Construction and Demolition Waste,,,,,,,,,,,,,,,,,,,,,
CODD_TRAINING_09748,w-526.jpg,wood,,Construction and Demolition Waste,,,,,,,,,,,,,,,,,,,,,
CODD_TRAINING_09749,w-526.jpg,wood,,Construction and Demolition Waste,,,,,,,,,,,,,,,,,,,,,
CODD_TRAINING_09750,w-527.jpg,wood,,Construction and Demolition Waste,,,,,,,,,,,,,,,,,,,,,
CODD_TRAINING_09751,w-527.jpg,wood,,Construction and Demolition Waste,,,,,,,,,,,,,,,,,,,,,
CODD_TRAINING_09752,w-527.jpg,wood,,Construction and Demolition Waste,,,,,,,,,,,,,,,,,,,,,
CODD_TRAINING_09753,w-527.jpg,wood,,Construction and Demolition Waste,,,,,,,,,,,,,,,,,,,,,
CODD_TRAINING_09754,w-527.jpg,wood,,Construction and Demolition Waste,,,,,,,,,,,,,,,,,,,,,
CODD_TRAINING_09755,w-530.jpg,wood,,Construction and Demolition Waste,,,,,,,,,,,,,,,,,,,,,
CODD_TRAINING_09756,w-530.jpg,wood,,Construction and Demolition Waste,,,,,,,,,,,,,,,,,,,,,
CODD_TRAINING_09757,w-531.jpg,wood,,Construction and Demolition Waste,,,,,,,,,,,,,,,,,,,,,
CODD_TRAINING_09758,w-531.jpg,wood,,Construction and Demolition Waste,,,,,,,,,,,,,,,,,,,,,
CODD_TRAINING_09759,w-531.jpg,wood,,Construction and Demolition Waste,,,,,,,,,,,,,,,,,,,,,
CODD_TRAINING_09760,w-531.jpg,wood,,Construction and Demolition Waste,,,,,,,,,,,,,,,,,,,,,
CODD_TRAINING_09761,w-532.jpg,wood,,Construction and Demolition Waste,,,,,,,,,,,,,,,,,,,,,
CODD_TRAINING_09762,w-532.jpg,wood,,Construction and Demolition Waste,,,,,,,,,,,,,,,,,,,,,
CODD_TRAINING_09763,w-532.jpg,wood,,Construction and Demolition Waste,,,,,,,,,,,,,,,,,,,,,
CODD_TRAINING_09764,w-533.jpg,wood,,Construction and Demolition Waste,,,,,,,,,,,,,,,,,,,,,
CODD_TRAINING_09765,w-533.jpg,wood,,Construction and Demolition Waste,,,,,,,,,,,,,,,,,,,,,
CODD_TRAINING_09766,w-533.jpg,wood,,Construction and Demolition Waste,,,,,,,,,,,,,,,,,,,,,
CODD_TRAINING_09767,w-534.jpg,wood,,Construction and Demolition Waste,,,,,,,,,,,,,,,,,,,,,
CODD_TRAINING_09768,w-534.jpg,wood,,Construction and Demolition Waste,,,,,,,,,,,,,,,,,,,,,
CODD_TRAINING_09769,w-535.jpg,wood,,Construction and Demolition Waste,,,,,,,,,,,,,,,,,,,,,
CODD_TRAINING_09770,w-535.jpg,wood,,Construction and Demolition Waste,,,,,,,,,,,,,,,,,,,,,
CODD_TRAINING_09771,w-535.jpg,wood,,Construction and Demolition Waste,,,,,,,,,,,,,,,,,,,,,
CODD_TRAINING_09772,w-537.jpg,wood,,Construction and Demolition Waste,,,,,,,,,,,,,,,,,,,,,
CODD_TRAINING_09773,w-537.jpg,wood,,Construction and Demolition Waste,,,,,,,,,,,,,,,,,,,,,
CODD_TRAINING_09774,w-537.jpg,wood,,Construction and Demolition Waste,,,,,,,,,,,,,,,,,,,,,
CODD_TRAINING_09775,w-538.jpg,wood,,Construction and Demolition Waste,,,,,,,,,,,,,,,,,,,,,
CODD_TRAINING_09776,w-540.jpg,wood,,Construction and Demolition Waste,,,,,,,,,,,,,,,,,,,,,
CODD_TRAINING_09777,w-540.jpg,wood,,Construction and Demolition Waste,,,,,,,,,,,,,,,,,,,,,
CODD_TRAINING_09778,w-540.jpg,wood,,Construction and Demolition Waste,,,,,,,,,,,,,,,,,,,,,
CODD_TRAINING_09779,w-541.jpg,wood,,Construction and Demolition Waste,,,,,,,,,,,,,,,,,,,,,
CODD_TRAINING_09780,w-541.jpg,wood,,Construction and Demolition Waste,,,,,,,,,,,,,,,,,,,,,
CODD_TRAINING_09781,w-541.jpg,wood,,Construction and Demolition Waste,,,,,,,,,,,,,,,,,,,,,
CODD_TRAINING_09782,w-541.jpg,wood,,Construction and Demolition Waste,,,,,,,,,,,,,,,,,,,,,
CODD_TRAINING_09783,w-541.jpg,wood,,Construction and Demolition Waste,,,,,,,,,,,,,,,,,,,,,
CODD_TRAINING_09784,w-541.jpg,wood,,Construction and Demolition Waste,,,,,,,,,,,,,,,,,,,,,
CODD_TRAINING_09785,w-541.jpg,wood,,Construction and Demolition Waste,,,,,,,,,,,,,,,,,,,,,
CODD_TRAINING_09786,w-541.jpg,wood,,Construction and Demolition Waste,,,,,,,,,,,,,,,,,,,,,
CODD_TRAINING_09787,w-541.jpg,wood,,Construction and Demolition Waste,,,,,,,,,,,,,,,,,,,,,
CODD_TRAINING_09788,w-541.jpg,wood,,Construction and Demolition Waste,,,,,,,,,,,,,,,,,,,,,
CODD_TRAINING_09789,w-542.jpg,wood,,Construction and Demolition Waste,,,,,,,,,,,,,,,,,,,,,
CODD_TRAINING_09790,w-542.jpg,wood,,Construction and Demolition Waste,,,,,,,,,,,,,,,,,,,,,
CODD_TRAINING_09791,w-544.jpg,wood,,Construction and Demolition Waste,,,,,,,,,,,,,,,,,,,,,
CODD_TRAINING_09792,w-544.jpg,wood,,Construction and Demolition Waste,,,,,,,,,,,,,,,,,,,,,
CODD_TRAINING_09793,w-544.jpg,wood,,Construction and Demolition Waste,,,,,,,,,,,,,,,,,,,,,
CODD_TRAINING_09794,w-547.jpg,wood,,Construction and Demolition Waste,,,,,,,,,,,,,,,,,,,,,
CODD_TRAINING_09795,w-547.jpg,wood,,Construction and Demolition Waste,,,,,,,,,,,,,,,,,,,,,
CODD_TRAINING_09796,w-548.jpg,wood,,Construction and Demolition Waste,,,,,,,,,,,,,,,,,,,,,
CODD_TRAINING_09797,w-548.jpg,wood,,Construction and Demolition Waste,,,,,,,,,,,,,,,,,,,,,
CODD_TRAINING_09798,w-548.jpg,wood,,Construction and Demolition Waste,,,,,,,,,,,,,,,,,,,,,
CODD_TRAINING_09799,w-548.jpg,wood,,Construction and Demolition Waste,,,,,,,,,,,,,,,,,,,,,
CODD_TRAINING_09800,w-548.jpg,wood,,Construction and Demolition Waste,,,,,,,,,,,,,,,,,,,,,
CODD_TRAINING_09801,w-549.jpg,wood,,Construction and Demolition Waste,,,,,,,,,,,,,,,,,,,,,
CODD_TRAINING_09802,w-549.jpg,wood,,Construction and Demolition Waste,,,,,,,,,,,,,,,,,,,,,
CODD_TRAINING_09803,w-549.jpg,wood,,Construction and Demolition Waste,,,,,,,,,,,,,,,,,,,,,
CODD_TRAINING_09804,w-550.jpg,wood,,Construction and Demolition Waste,,,,,,,,,,,,,,,,,,,,,
CODD_TRAINING_09805,w-550.jpg,wood,,Construction and Demolition Waste,,,,,,,,,,,,,,,,,,,,,
CODD_TRAINING_09806,w-550.jpg,wood,,Construction and Demolition Waste,,,,,,,,,,,,,,,,,,,,,
CODD_TRAINING_09807,w-551.jpg,wood,,Construction and Demolition Waste,,,,,,,,,,,,,,,,,,,,,
CODD_TRAINING_09808,w-551.jpg,wood,,Construction and Demolition Waste,,,,,,,,,,,,,,,,,,,,,
CODD_TRAINING_09809,w-551.jpg,wood,,Construction and Demolition Waste,,,,,,,,,,,,,,,,,,,,,
CODD_TRAINING_09810,w-552.jpg,wood,,Construction and Demolition Waste,,,,,,,,,,,,,,,,,,,,,
CODD_TRAINING_09811,w-552.jpg,wood,,Construction and Demolition Waste,,,,,,,,,,,,,,,,,,,,,
CODD_TRAINING_09812,w-552.jpg,wood,,Construction and Demolition Waste,,,,,,,,,,,,,,,,,,,,,
CODD_TRAINING_09813,w-553.jpg,wood,,Construction and Demolition Waste,,,,,,,,,,,,,,,,,,,,,
CODD_TRAINING_09814,w-553.jpg,wood,,Construction and Demolition Waste,,,,,,,,,,,,,,,,,,,,,
CODD_TRAINING_09815,w-553.jpg,wood,,Construction and Demolition Waste,,,,,,,,,,,,,,,,,,,,,
CODD_TRAINING_09816,w-554.jpg,wood,,Construction and Demolition Waste,,,,,,,,,,,,,,,,,,,,,
CODD_TRAINING_09817,w-554.jpg,wood,,Construction and Demolition Waste,,,,,,,,,,,,,,,,,,,,,
CODD_TRAINING_09818,w-555.jpg,wood,,Construction and Demolition Waste,,,,,,,,,,,,,,,,,,,,,
CODD_TRAINING_09819,w-555.jpg,wood,,Construction and Demolition Waste,,,,,,,,,,,,,,,,,,,,,
CODD_TRAINING_09820,w-556.jpg,wood,,Construction and Demolition Waste,,,,,,,,,,,,,,,,,,,,,
CODD_TRAINING_09821,w-556.jpg,wood,,Construction and Demolition Waste,,,,,,,,,,,,,,,,,,,,,
CODD_TRAINING_09822,w-557.jpg,wood,,Construction and Demolition Waste,,,,,,,,,,,,,,,,,,,,,
CODD_TRAINING_09823,w-557.jpg,wood,,Construction and Demolition Waste,,,,,,,,,,,,,,,,,,,,,
CODD_TRAINING_09824,w-558.jpg,wood,,Construction and Demolition Waste,,,,,,,,,,,,,,,,,,,,,
CODD_TRAINING_09825,w-558.jpg,wood,,Construction and Demolition Waste,,,,,,,,,,,,,,,,,,,,,
CODD_TRAINING_09826,w-558.jpg,wood,,Construction and Demolition Waste,,,,,,,,,,,,,,,,,,,,,
CODD_TRAINING_09827,w-558.jpg,wood,,Construction and Demolition Waste,,,,,,,,,,,,,,,,,,,,,
CODD_TRAINING_09828,w-559.jpg,wood,,Construction and Demolition Waste,,,,,,,,,,,,,,,,,,,,,
CODD_TRAINING_09829,w-559.jpg,wood,,Construction and Demolition Waste,,,,,,,,,,,,,,,,,,,,,
CODD_TRAINING_09830,w-559.jpg,wood,,Construction and Demolition Waste,,,,,,,,,,,,,,,,,,,,,
CODD_TRAINING_09831,w-559.jpg,wood,,Construction and Demolition Waste,,,,,,,,,,,,,,,,,,,,,
CODD_TRAINING_09832,w-559.jpg,wood,,Construction and Demolition Waste,,,,,,,,,,,,,,,,,,,,,
CODD_TRAINING_09833,w-559.jpg,wood,,Construction and Demolition Waste,,,,,,,,,,,,,,,,,,,,,
CODD_TRAINING_09834,w-559.jpg,wood,,Construction and Demolition Waste,,,,,,,,,,,,,,,,,,,,,
CODD_TRAINING_09835,w-559.jpg,wood,,Construction and Demolition Waste,,,,,,,,,,,,,,,,,,,,,
CODD_TRAINING_09836,w-561.jpg,wood,,Construction and Demolition Waste,,,,,,,,,,,,,,,,,,,,,
CODD_TRAINING_09837,w-561.jpg,wood,,Construction and Demolition Waste,,,,,,,,,,,,,,,,,,,,,
CODD_TRAINING_09838,w-561.jpg,wood,,Construction and Demolition Waste,,,,,,,,,,,,,,,,,,,,,
CODD_TRAINING_09839,w-561.jpg,wood,,Construction and Demolition Waste,,,,,,,,,,,,,,,,,,,,,
CODD_TRAINING_09840,w-562.jpg,wood,,Construction and Demolition Waste,,,,,,,,,,,,,,,,,,,,,
CODD_TRAINING_09841,w-563.jpg,wood,,Construction and Demolition Waste,,,,,,,,,,,,,,,,,,,,,
CODD_TRAINING_09842,w-563.jpg,wood,,Construction and Demolition Waste,,,,,,,,,,,,,,,,,,,,,
CODD_TRAINING_09843,w-563.jpg,wood,,Construction and Demolition Waste,,,,,,,,,,,,,,,,,,,,,
CODD_TRAINING_09844,w-563.jpg,wood,,Construction and Demolition Waste,,,,,,,,,,,,,,,,,,,,,
CODD_TRAINING_09845,w-564.jpg,wood,,Construction and Demolition Waste,,,,,,,,,,,,,,,,,,,,,
CODD_TRAINING_09846,w-564.jpg,wood,,Construction and Demolition Waste,,,,,,,,,,,,,,,,,,,,,
CODD_TRAINING_09847,w-564.jpg,wood,,Construction and Demolition Waste,,,,,,,,,,,,,,,,,,,,,
CODD_TRAINING_09848,w-568.jpg,wood,,Construction and Demolition Waste,,,,,,,,,,,,,,,,,,,,,
CODD_TRAINING_09849,w-568.jpg,wood,,Construction and Demolition Waste,,,,,,,,,,,,,,,,,,,,,
CODD_TRAINING_09850,w-568.jpg,wood,,Construction and Demolition Waste,,,,,,,,,,,,,,,,,,,,,
CODD_TRAINING_09851,w-568.jpg,wood,,Construction and Demolition Waste,,,,,,,,,,,,,,,,,,,,,
CODD_TRAINING_09852,w-568.jpg,wood,,Construction and Demolition Waste,,,,,,,,,,,,,,,,,,,,,
CODD_TRAINING_09853,w-569.jpg,wood,,Construction and Demolition Waste,,,,,,,,,,,,,,,,,,,,,
CODD_TRAINING_09854,w-569.jpg,wood,,Construction and Demolition Waste,,,,,,,,,,,,,,,,,,,,,
CODD_TRAINING_09855,w-569.jpg,wood,,Construction and Demolition Waste,,,,,,,,,,,,,,,,,,,,,
CODD_TRAINING_09856,w-569.jpg,wood,,Construction and Demolition Waste,,,,,,,,,,,,,,,,,,,,,
CODD_TRAINING_09857,w-569.jpg,wood,,Construction and Demolition Waste,,,,,,,,,,,,,,,,,,,,,
CODD_TRAINING_09858,w-572.jpg,wood,,Construction and Demolition Waste,,,,,,,,,,,,,,,,,,,,,
CODD_TRAINING_09859,w-572.jpg,wood,,Construction and Demolition Waste,,,,,,,,,,,,,,,,,,,,,
CODD_TRAINING_09860,w-573.jpg,wood,,Construction and Demolition Waste,,,,,,,,,,,,,,,,,,,,,
CODD_TRAINING_09861,w-573.jpg,wood,,Construction and Demolition Waste,,,,,,,,,,,,,,,,,,,,,
CODD_TRAINING_09862,w-574.jpg,wood,,Construction and Demolition Waste,,,,,,,,,,,,,,,,,,,,,
CODD_TRAINING_09863,w-575.jpg,wood,,Construction and Demolition Waste,,,,,,,,,,,,,,,,,,,,,
CODD_TRAINING_09864,w-575.jpg,wood,,Construction and Demolition Waste,,,,,,,,,,,,,,,,,,,,,
CODD_TRAINING_09865,w-575.jpg,wood,,Construction and Demolition Waste,,,,,,,,,,,,,,,,,,,,,
CODD_TRAINING_09866,w-576.jpg,wood,,Construction and Demolition Waste,,,,,,,,,,,,,,,,,,,,,
CODD_TRAINING_09867,w-577.jpg,wood,,Construction and Demolition Waste,,,,,,,,,,,,,,,,,,,,,
CODD_TRAINING_09868,w-578.jpg,wood,,Construction and Demolition Waste,,,,,,,,,,,,,,,,,,,,,
CODD_TRAINING_09869,w-578.jpg,wood,,Construction and Demolition Waste,,,,,,,,,,,,,,,,,,,,,
CODD_TRAINING_09870,w-578.jpg,wood,,Construction and Demolition Waste,,,,,,,,,,,,,,,,,,,,,
CODD_TRAINING_09871,w-579.jpg,wood,,Construction and Demolition Waste,,,,,,,,,,,,,,,,,,,,,
CODD_TRAINING_09872,w-579.jpg,wood,,Construction and Demolition Waste,,,,,,,,,,,,,,,,,,,,,
CODD_TRAINING_09873,w-580.jpg,wood,,Construction and Demolition Waste,,,,,,,,,,,,,,,,,,,,,
CODD_TRAINING_09874,w-580.jpg,wood,,Construction and Demolition Waste,,,,,,,,,,,,,,,,,,,,,
CODD_TRAINING_09875,w-581.jpg,wood,,Construction and Demolition Waste,,,,,,,,,,,,,,,,,,,,,
CODD_TRAINING_09876,w-581.jpg,wood,,Construction and Demolition Waste,,,,,,,,,,,,,,,,,,,,,
CODD_TRAINING_09877,w-582.jpg,wood,,Construction and Demolition Waste,,,,,,,,,,,,,,,,,,,,,
CODD_TRAINING_09878,w-582.jpg,wood,,Construction and Demolition Waste,,,,,,,,,,,,,,,,,,,,,
CODD_TRAINING_09879,w-584.jpg,wood,,Construction and Demolition Waste,,,,,,,,,,,,,,,,,,,,,
CODD_TRAINING_09880,w-584.jpg,wood,,Construction and Demolition Waste,,,,,,,,,,,,,,,,,,,,,
CODD_TRAINING_09881,w-586.jpg,wood,,Construction and Demolition Waste,,,,,,,,,,,,,,,,,,,,,
CODD_TRAINING_09882,w-586.jpg,wood,,Construction and Demolition Waste,,,,,,,,,,,,,,,,,,,,,
CODD_TRAINING_09883,w-587.jpg,wood,,Construction and Demolition Waste,,,,,,,,,,,,,,,,,,,,,
CODD_TRAINING_09884,w-590.jpg,wood,,Construction and Demolition Waste,,,,,,,,,,,,,,,,,,,,,
CODD_TRAINING_09885,w-592.jpg,wood,,Construction and Demolition Waste,,,,,,,,,,,,,,,,,,,,,
CODD_TRAINING_09886,w-592.jpg,wood,,Construction and Demolition Waste,,,,,,,,,,,,,,,,,,,,,
CODD_TRAINING_09887,w-594.jpg,wood,,Construction and Demolition Waste,,,,,,,,,,,,,,,,,,,,,
CODD_TRAINING_09888,w-594.jpg,wood,,Construction and Demolition Waste,,,,,,,,,,,,,,,,,,,,,
CODD_TRAINING_09889,w-595.jpg,wood,,Construction and Demolition Waste,,,,,,,,,,,,,,,,,,,,,
CODD_TRAINING_09890,w-595.jpg,wood,,Construction and Demolition Waste,,,,,,,,,,,,,,,,,,,,,
CODD_TRAINING_09891,w-595.jpg,wood,,Construction and Demolition Waste,,,,,,,,,,,,,,,,,,,,,
CODD_TRAINING_09892,w-597.jpg,wood,,Construction and Demolition Waste,,,,,,,,,,,,,,,,,,,,,
CODD_TRAINING_09893,w-597.jpg,wood,,Construction and Demolition Waste,,,,,,,,,,,,,,,,,,,,,
CODD_TRAINING_09894,w-599.jpg,wood,,Construction and Demolition Waste,,,,,,,,,,,,,,,,,,,,,
CODD_TRAINING_09895,w-599.jpg,wood,,Construction and Demolition Waste,,,,,,,,,,,,,,,,,,,,,
CODD_TRAINING_09896,w-601.jpg,wood,,Construction and Demolition Waste,,,,,,,,,,,,,,,,,,,,,
CODD_TRAINING_09897,w-602.jpg,wood,,Construction and Demolition Waste,,,,,,,,,,,,,,,,,,,,,
CODD_TRAINING_09898,w-602.jpg,wood,,Construction and Demolition Waste,,,,,,,,,,,,,,,,,,,,,
CODD_TRAINING_09899,w-602.jpg,wood,,Construction and Demolition Waste,,,,,,,,,,,,,,,,,,,,,
CODD_TRAINING_09900,w-603.jpg,wood,,Construction and Demolition Waste,,,,,,,,,,,,,,,,,,,,,
CODD_TRAINING_09901,w-603.jpg,wood,,Construction and Demolition Waste,,,,,,,,,,,,,,,,,,,,,
CODD_TRAINING_09902,w-603.jpg,wood,,Construction and Demolition Waste,,,,,,,,,,,,,,,,,,,,,
CODD_TRAINING_09903,w-605.jpg,wood,,Construction and Demolition Waste,,,,,,,,,,,,,,,,,,,,,
CODD_TRAINING_09904,w-606.jpg,wood,,Construction and Demolition Waste,,,,,,,,,,,,,,,,,,,,,
CODD_TRAINING_09905,w-606.jpg,wood,,Construction and Demolition Waste,,,,,,,,,,,,,,,,,,,,,
CODD_TRAINING_09906,w-607.jpg,wood,,Construction and Demolition Waste,,,,,,,,,,,,,,,,,,,,,
CODD_TRAINING_09907,w-608.jpg,wood,,Construction and Demolition Waste,,,,,,,,,,,,,,,,,,,,,
CODD_TRAINING_09908,w-608.jpg,wood,,Construction and Demolition Waste,,,,,,,,,,,,,,,,,,,,,
CODD_TRAINING_09909,w-608.jpg,wood,,Construction and Demolition Waste,,,,,,,,,,,,,,,,,,,,,
CODD_TRAINING_09910,w-609.jpg,wood,,Construction and Demolition Waste,,,,,,,,,,,,,,,,,,,,,
CODD_TRAINING_09911,w-609.jpg,wood,,Construction and Demolition Waste,,,,,,,,,,,,,,,,,,,,,
CODD_TRAINING_09912,w-610.jpg,wood,,Construction and Demolition Waste,,,,,,,,,,,,,,,,,,,,,
CODD_TRAINING_09913,w-610.jpg,wood,,Construction and Demolition Waste,,,,,,,,,,,,,,,,,,,,,
CODD_TRAINING_09914,w-611.jpg,wood,,Construction and Demolition Waste,,,,,,,,,,,,,,,,,,,,,
CODD_TRAINING_09915,w-612.jpg,wood,,Construction and Demolition Waste,,,,,,,,,,,,,,,,,,,,,
CODD_TRAINING_09916,w-614.jpg,wood,,Construction and Demolition Waste,,,,,,,,,,,,,,,,,,,,,
CODD_TRAINING_09917,w-614.jpg,wood,,Construction and Demolition Waste,,,,,,,,,,,,,,,,,,,,,
CODD_TRAINING_09918,w-614.jpg,wood,,Construction and Demolition Waste,,,,,,,,,,,,,,,,,,,,,
CODD_TRAINING_09919,w-615.jpg,wood,,Construction and Demolition Waste,,,,,,,,,,,,,,,,,,,,,
CODD_TRAINING_09920,w-615.jpg,wood,,Construction and Demolition Waste,,,,,,,,,,,,,,,,,,,,,
CODD_TRAINING_09921,w-615.jpg,wood,,Construction and Demolition Waste,,,,,,,,,,,,,,,,,,,,,
CODD_TRAINING_09922,w-616.jpg,wood,,Construction and Demolition Waste,,,,,,,,,,,,,,,,,,,,,
CODD_TRAINING_09923,w-616.jpg,wood,,Construction and Demolition Waste,,,,,,,,,,,,,,,,,,,,,
CODD_TRAINING_09924,w-616.jpg,wood,,Construction and Demolition Waste,,,,,,,,,,,,,,,,,,,,,
CODD_TRAINING_09925,w-620.jpg,wood,,Construction and Demolition Waste,,,,,,,,,,,,,,,,,,,,,
CODD_TRAINING_09926,w-623.jpg,wood,,Construction and Demolition Waste,,,,,,,,,,,,,,,,,,,,,
CODD_TRAINING_09927,w-625.jpg,wood,,Construction and Demolition Waste,,,,,,,,,,,,,,,,,,,,,
CODD_TRAINING_09928,w-625.jpg,wood,,Construction and Demolition Waste,,,,,,,,,,,,,,,,,,,,,
CODD_TRAINING_09929,w-627.jpg,wood,,Construction and Demolition Waste,,,,,,,,,,,,,,,,,,,,,
CODD_TRAINING_09930,w-627.jpg,wood,,Construction and Demolition Waste,,,,,,,,,,,,,,,,,,,,,
CODD_TRAINING_09931,w-627.jpg,wood,,Construction and Demolition Waste,,,,,,,,,,,,,,,,,,,,,
CODD_TRAINING_09932,w-628.jpg,wood,,Construction and Demolition Waste,,,,,,,,,,,,,,,,,,,,,
CODD_TRAINING_09933,w-628.jpg,wood,,Construction and Demolition Waste,,,,,,,,,,,,,,,,,,,,,
CODD_TRAINING_09934,w-628.jpg,wood,,Construction and Demolition Waste,,,,,,,,,,,,,,,,,,,,,
CODD_TRAINING_09935,w-630.jpg,wood,,Construction and Demolition Waste,,,,,,,,,,,,,,,,,,,,,
CODD_TRAINING_09936,w-630.jpg,wood,,Construction and Demolition Waste,,,,,,,,,,,,,,,,,,,,,
CODD_TRAINING_09937,w-630.jpg,wood,,Construction and Demolition Waste,,,,,,,,,,,,,,,,,,,,,
CODD_TRAINING_09938,w-631.jpg,wood,,Construction and Demolition Waste,,,,,,,,,,,,,,,,,,,,,
CODD_TRAINING_09939,w-632.jpg,wood,,Construction and Demolition Waste,,,,,,,,,,,,,,,,,,,,,
CODD_TRAINING_09940,w-633.jpg,wood,,Construction and Demolition Waste,,,,,,,,,,,,,,,,,,,,,
CODD_TRAINING_09941,w-633.jpg,wood,,Construction and Demolition Waste,,,,,,,,,,,,,,,,,,,,,
CODD_TRAINING_09942,w-633.jpg,wood,,Construction and Demolition Waste,,,,,,,,,,,,,,,,,,,,,
CODD_TRAINING_09943,w-633.jpg,wood,,Construction and Demolition Waste,,,,,,,,,,,,,,,,,,,,,
CODD_TRAINING_09944,w-633.jpg,wood,,Construction and Demolition Waste,,,,,,,,,,,,,,,,,,,,,
CODD_TRAINING_09945,w-637.jpg,wood,,Construction and Demolition Waste,,,,,,,,,,,,,,,,,,,,,
CODD_TRAINING_09946,w-637.jpg,wood,,Construction and Demolition Waste,,,,,,,,,,,,,,,,,,,,,
CODD_TRAINING_09947,w-637.jpg,wood,,Construction and Demolition Waste,,,,,,,,,,,,,,,,,,,,,
CODD_TRAINING_09948,w-637.jpg,wood,,Construction and Demolition Waste,,,,,,,,,,,,,,,,,,,,,
CODD_TRAINING_09949,w-637.jpg,wood,,Construction and Demolition Waste,,,,,,,,,,,,,,,,,,,,,
CODD_TRAINING_09950,w-637.jpg,wood,,Construction and Demolition Waste,,,,,,,,,,,,,,,,,,,,,
CODD_TRAINING_09951,w-637.jpg,wood,,Construction and Demolition Waste,,,,,,,,,,,,,,,,,,,,,
CODD_TRAINING_09952,w-638.jpg,wood,,Construction and Demolition Waste,,,,,,,,,,,,,,,,,,,,,
CODD_TRAINING_09953,w-638.jpg,wood,,Construction and Demolition Waste,,,,,,,,,,,,,,,,,,,,,
CODD_TRAINING_09954,w-638.jpg,wood,,Construction and Demolition Waste,,,,,,,,,,,,,,,,,,,,,
CODD_TRAINING_09955,w-641.jpg,wood,,Construction and Demolition Waste,,,,,,,,,,,,,,,,,,,,,
CODD_TRAINING_09956,w-641.jpg,wood,,Construction and Demolition Waste,,,,,,,,,,,,,,,,,,,,,
CODD_TRAINING_09957,w-641.jpg,wood,,Construction and Demolition Waste,,,,,,,,,,,,,,,,,,,,,
CODD_TRAINING_09958,w-642.jpg,wood,,Construction and Demolition Waste,,,,,,,,,,,,,,,,,,,,,
CODD_TRAINING_09959,w-642.jpg,wood,,Construction and Demolition Waste,,,,,,,,,,,,,,,,,,,,,
CODD_TRAINING_09960,w-644.jpg,wood,,Construction and Demolition Waste,,,,,,,,,,,,,,,,,,,,,
CODD_TRAINING_09961,w-644.jpg,wood,,Construction and Demolition Waste,,,,,,,,,,,,,,,,,,,,,
CODD_TRAINING_09962,w-646.jpg,wood,,Construction and Demolition Waste,,,,,,,,,,,,,,,,,,,,,
CODD_TRAINING_09963,w-650.jpg,wood,,Construction and Demolition Waste,,,,,,,,,,,,,,,,,,,,,
CODD_TRAINING_09964,w-650.jpg,wood,,Construction and Demolition Waste,,,,,,,,,,,,,,,,,,,,,
CODD_TRAINING_09965,w-650.jpg,wood,,Construction and Demolition Waste,,,,,,,,,,,,,,,,,,,,,
CODD_TRAINING_09966,w-651.jpg,wood,,Construction and Demolition Waste,,,,,,,,,,,,,,,,,,,,,
CODD_TRAINING_09967,w-651.jpg,wood,,Construction and Demolition Waste,,,,,,,,,,,,,,,,,,,,,
CODD_TRAINING_09968,w-653.jpg,wood,,Construction and Demolition Waste,,,,,,,,,,,,,,,,,,,,,
CODD_TRAINING_09969,w-653.jpg,wood,,Construction and Demolition Waste,,,,,,,,,,,,,,,,,,,,,
CODD_TRAINING_09970,w-654.jpg,wood,,Construction and Demolition Waste,,,,,,,,,,,,,,,,,,,,,
CODD_TRAINING_09971,w-654.jpg,wood,,Construction and Demolition Waste,,,,,,,,,,,,,,,,,,,,,
CODD_TRAINING_09972,w-655.jpg,wood,,Construction and Demolition Waste,,,,,,,,,,,,,,,,,,,,,
CODD_TRAINING_09973,w-655.jpg,wood,,Construction and Demolition Waste,,,,,,,,,,,,,,,,,,,,,
CODD_TRAINING_09974,w-655.jpg,wood,,Construction and Demolition Waste,,,,,,,,,,,,,,,,,,,,,
CODD_TRAINING_09975,w-655.jpg,wood,,Construction and Demolition Waste,,,,,,,,,,,,,,,,,,,,,
CODD_TRAINING_09976,w-656.jpg,wood,,Construction and Demolition Waste,,,,,,,,,,,,,,,,,,,,,
CODD_TRAINING_09977,w-656.jpg,wood,,Construction and Demolition Waste,,,,,,,,,,,,,,,,,,,,,
CODD_TRAINING_09978,w-656.jpg,wood,,Construction and Demolition Waste,,,,,,,,,,,,,,,,,,,,,
CODD_TRAINING_09979,w-657.jpg,wood,,Construction and Demolition Waste,,,,,,,,,,,,,,,,,,,,,
CODD_TRAINING_09980,w-657.jpg,wood,,Construction and Demolition Waste,,,,,,,,,,,,,,,,,,,,,
CODD_TRAINING_09981,w-657.jpg,wood,,Construction and Demolition Waste,,,,,,,,,,,,,,,,,,,,,
CODD_TRAINING_09982,w-658.jpg,wood,,Construction and Demolition Waste,,,,,,,,,,,,,,,,,,,,,
CODD_TRAINING_09983,w-658.jpg,wood,,Construction and Demolition Waste,,,,,,,,,,,,,,,,,,,,,
CODD_TRAINING_09984,w-658.jpg,wood,,Construction and Demolition Waste,,,,,,,,,,,,,,,,,,,,,
CODD_TRAINING_09985,w-659.jpg,wood,,Construction and Demolition Waste,,,,,,,,,,,,,,,,,,,,,
CODD_TRAINING_09986,w-659.jpg,wood,,Construction and Demolition Waste,,,,,,,,,,,,,,,,,,,,,
CODD_TRAINING_09987,w-659.jpg,wood,,Construction and Demolition Waste,,,,,,,,,,,,,,,,,,,,,
CODD_TRAINING_09988,w-661.jpg,wood,,Construction and Demolition Waste,,,,,,,,,,,,,,,,,,,,,
CODD_TRAINING_09989,w-661.jpg,wood,,Construction and Demolition Waste,,,,,,,,,,,,,,,,,,,,,
CODD_TRAINING_09990,w-661.jpg,wood,,Construction and Demolition Waste,,,,,,,,,,,,,,,,,,,,,
CODD_TRAINING_09991,w-662.jpg,wood,,Construction and Demolition Waste,,,,,,,,,,,,,,,,,,,,,
CODD_TRAINING_09992,w-662.jpg,wood,,Construction and Demolition Waste,,,,,,,,,,,,,,,,,,,,,
CODD_TRAINING_09993,w-662.jpg,wood,,Construction and Demolition Waste,,,,,,,,,,,,,,,,,,,,,
CODD_TRAINING_09994,w-663.jpg,wood,,Construction and Demolition Waste,,,,,,,,,,,,,,,,,,,,,
CODD_TRAINING_09995,w-663.jpg,wood,,Construction and Demolition Waste,,,,,,,,,,,,,,,,,,,,,
CODD_TRAINING_09996,w-663.jpg,wood,,Construction and Demolition Waste,,,,,,,,,,,,,,,,,,,,,
CODD_TRAINING_09997,w-664.jpg,wood,,Construction and Demolition Waste,,,,,,,,,,,,,,,,,,,,,
CODD_TRAINING_09998,w-664.jpg,wood,,Construction and Demolition Waste,,,,,,,,,,,,,,,,,,,,,
CODD_TRAINING_09999,w-664.jpg,wood,,Construction and Demolition Waste,,,,,,,,,,,,,,,,,,,,,
CODD_TRAINING_10000,w-667.jpg,wood,,Construction and Demolition Waste,,,,,,,,,,,,,,,,,,,,,
CODD_TRAINING_10001,w-669.jpg,wood,,Construction and Demolition Waste,,,,,,,,,,,,,,,,,,,,,
CODD_TRAINING_10002,w-669.jpg,wood,,Construction and Demolition Waste,,,,,,,,,,,,,,,,,,,,,
CODD_TRAINING_10003,w-669.jpg,wood,,Construction and Demolition Waste,,,,,,,,,,,,,,,,,,,,,
CODD_TRAINING_10004,w-669.jpg,wood,,Construction and Demolition Waste,,,,,,,,,,,,,,,,,,,,,
CODD_TRAINING_10005,w-670.jpg,wood,,Construction and Demolition Waste,,,,,,,,,,,,,,,,,,,,,
CODD_TRAINING_10006,w-670.jpg,wood,,Construction and Demolition Waste,,,,,,,,,,,,,,,,,,,,,
CODD_TRAINING_10007,w-671.jpg,wood,,Construction and Demolition Waste,,,,,,,,,,,,,,,,,,,,,
CODD_TRAINING_10008,w-672.jpg,wood,,Construction and Demolition Waste,,,,,,,,,,,,,,,,,,,,,
CODD_TRAINING_10009,w-674.jpg,wood,,Construction and Demolition Waste,,,,,,,,,,,,,,,,,,,,,
CODD_TRAINING_10010,w-675.jpg,wood,,Construction and Demolition Waste,,,,,,,,,,,,,,,,,,,,,
CODD_TRAINING_10011,w-676.jpg,wood,,Construction and Demolition Waste,,,,,,,,,,,,,,,,,,,,,
CODD_TRAINING_10012,w-678.jpg,wood,,Construction and Demolition Waste,,,,,,,,,,,,,,,,,,,,,
CODD_TRAINING_10013,w-679.jpg,wood,,Construction and Demolition Waste,,,,,,,,,,,,,,,,,,,,,
CODD_TRAINING_10014,w-680.jpg,wood,,Construction and Demolition Waste,,,,,,,,,,,,,,,,,,,,,
CODD_TRAINING_10015,w-682.jpg,wood,,Construction and Demolition Waste,,,,,,,,,,,,,,,,,,,,,
CODD_TRAINING_10016,w-682.jpg,wood,,Construction and Demolition Waste,,,,,,,,,,,,,,,,,,,,,
CODD_TRAINING_10017,w-682.jpg,wood,,Construction and Demolition Waste,,,,,,,,,,,,,,,,,,,,,
CODD_TRAINING_10018,w-684.jpg,wood,,Construction and Demolition Waste,,,,,,,,,,,,,,,,,,,,,
CODD_TRAINING_10019,w-685.jpg,wood,,Construction and Demolition Waste,,,,,,,,,,,,,,,,,,,,,
CODD_TRAINING_10020,w-685.jpg,wood,,Construction and Demolition Waste,,,,,,,,,,,,,,,,,,,,,
CODD_TRAINING_10021,w-685.jpg,wood,,Construction and Demolition Waste,,,,,,,,,,,,,,,,,,,,,
CODD_TRAINING_10022,w-686.jpg,wood,,Construction and Demolition Waste,,,,,,,,,,,,,,,,,,,,,
CODD_TRAINING_10023,w-686.jpg,wood,,Construction and Demolition Waste,,,,,,,,,,,,,,,,,,,,,
CODD_TRAINING_10024,w-686.jpg,wood,,Construction and Demolition Waste,,,,,,,,,,,,,,,,,,,,,
CODD_TRAINING_10025,w-687.jpg,wood,,Construction and Demolition Waste,,,,,,,,,,,,,,,,,,,,,
CODD_TRAINING_10026,w-687.jpg,wood,,Construction and Demolition Waste,,,,,,,,,,,,,,,,,,,,,
CODD_TRAINING_10027,w-687.jpg,wood,,Construction and Demolition Waste,,,,,,,,,,,,,,,,,,,,,
CODD_TRAINING_10028,w-688.jpg,wood,,Construction and Demolition Waste,,,,,,,,,,,,,,,,,,,,,
CODD_TRAINING_10029,w-689.jpg,wood,,Construction and Demolition Waste,,,,,,,,,,,,,,,,,,,,,
CODD_TRAINING_10030,w-689.jpg,wood,,Construction and Demolition Waste,,,,,,,,,,,,,,,,,,,,,
CODD_TRAINING_10031,w-689.jpg,wood,,Construction and Demolition Waste,,,,,,,,,,,,,,,,,,,,,
CODD_TRAINING_10032,w-691.jpg,wood,,Construction and Demolition Waste,,,,,,,,,,,,,,,,,,,,,
CODD_TRAINING_10033,w-692.jpg,wood,,Construction and Demolition Waste,,,,,,,,,,,,,,,,,,,,,
CODD_TRAINING_10034,w-692.jpg,wood,,Construction and Demolition Waste,,,,,,,,,,,,,,,,,,,,,
CODD_TRAINING_10035,w-693.jpg,wood,,Construction and Demolition Waste,,,,,,,,,,,,,,,,,,,,,
CODD_TRAINING_10036,w-694.jpg,wood,,Construction and Demolition Waste,,,,,,,,,,,,,,,,,,,,,
CODD_TRAINING_10037,w-694.jpg,wood,,Construction and Demolition Waste,,,,,,,,,,,,,,,,,,,,,
CODD_TRAINING_10038,w-695.jpg,wood,,Construction and Demolition Waste,,,,,,,,,,,,,,,,,,,,,
CODD_TRAINING_10039,w-695.jpg,wood,,Construction and Demolition Waste,,,,,,,,,,,,,,,,,,,,,
CODD_TRAINING_10040,w-698.jpg,wood,,Construction and Demolition Waste,,,,,,,,,,,,,,,,,,,,,
CODD_TRAINING_10041,w-699.jpg,wood,,Construction and Demolition Waste,,,,,,,,,,,,,,,,,,,,,
CODD_TRAINING_10042,w-700.jpg,wood,,Construction and Demolition Waste,,,,,,,,,,,,,,,,,,,,,
CODD_TRAINING_10043,w-701.jpg,wood,,Construction and Demolition Waste,,,,,,,,,,,,,,,,,,,,,
CODD_TRAINING_10044,w-702.jpg,wood,,Construction and Demolition Waste,,,,,,,,,,,,,,,,,,,,,
CODD_TRAINING_10045,w-703.jpg,wood,,Construction and Demolition Waste,,,,,,,,,,,,,,,,,,,,,
CODD_TRAINING_10046,w-703.jpg,wood,,Construction and Demolition Waste,,,,,,,,,,,,,,,,,,,,,
CODD_TRAINING_10047,w-704.jpg,wood,,Construction and Demolition Waste,,,,,,,,,,,,,,,,,,,,,
CODD_TRAINING_10048,w-705.jpg,wood,,Construction and Demolition Waste,,,,,,,,,,,,,,,,,,,,,
CODD_TRAINING_10049,w-706.jpg,wood,,Construction and Demolition Waste,,,,,,,,,,,,,,,,,,,,,
CODD_TRAINING_10050,w-708.jpg,wood,,Construction and Demolition Waste,,,,,,,,,,,,,,,,,,,,,
CODD_TRAINING_10051,w-710.jpg,wood,,Construction and Demolition Waste,,,,,,,,,,,,,,,,,,,,,
CODD_TRAINING_10052,w-711.jpg,wood,,Construction and Demolition Waste,,,,,,,,,,,,,,,,,,,,,
CODD_TRAINING_10053,w-713.jpg,wood,,Construction and Demolition Waste,,,,,,,,,,,,,,,,,,,,,
CODD_TRAINING_10054,w-714.jpg,wood,,Construction and Demolition Waste,,,,,,,,,,,,,,,,,,,,,
CODD_TRAINING_10055,w-715.jpg,wood,,Construction and Demolition Waste,,,,,,,,,,,,,,,,,,,,,
CODD_TRAINING_10056,w-715.jpg,wood,,Construction and Demolition Waste,,,,,,,,,,,,,,,,,,,,,
CODD_TRAINING_10057,w-716.jpg,wood,,Construction and Demolition Waste,,,,,,,,,,,,,,,,,,,,,
CODD_TRAINING_10058,w-716.jpg,wood,,Construction and Demolition Waste,,,,,,,,,,,,,,,,,,,,,
